Order_ID,Cart_Value,Return_Rate,Pincode_Tier,Address_Quality,Is_COD,Is_RTO
ORD_00001,989,0.06,3,1,1,0
ORD_00002,595,0.1,2,2,1,0
ORD_00003,1116,0.04,2,7,1,0
ORD_00004,2249,0.14,2,3,1,1
ORD_00005,551,0.08,1,7,0,0
ORD_00006,551,0.26,1,6,1,0
ORD_00007,2352,0.09,2,5,1,1
ORD_00008,1228,0.21,1,10,0,0
ORD_00009,456,0.27,1,9,0,0
ORD_00010,1026,0.3,2,10,1,0
ORD_00011,459,0.08,2,5,1,0
ORD_00012,458,0.04,2,5,1,0
ORD_00013,807,0.04,3,8,0,0
ORD_00014,250,0.02,1,7,1,0
ORD_00015,250,0.23,1,1,1,1
ORD_00016,424,0.01,2,10,0,1
ORD_00017,295,0.17,3,2,0,0
ORD_00018,855,0.36,2,4,1,1
ORD_00019,321,0.16,1,9,1,0
ORD_00020,250,0.03,2,7,1,0
ORD_00021,2148,0.18,3,2,1,0
ORD_00022,555,0.06,1,8,1,0
ORD_00023,702,0.25,1,1,1,1
ORD_00024,250,0.07,2,8,1,0
ORD_00025,430,0.32,1,5,1,1
ORD_00026,726,0.04,2,1,1,0
ORD_00027,264,0.01,1,3,1,0
ORD_00028,898,0.17,1,7,1,0
ORD_00029,411,0.09,1,7,0,1
ORD_00030,526,0.02,1,8,1,0
ORD_00031,411,0.05,1,4,1,0
ORD_00032,2927,0.12,3,6,1,1
ORD_00033,657,0.04,1,7,1,0
ORD_00034,285,0.05,2,8,1,1
ORD_00035,1284,0.16,3,3,1,1
ORD_00036,250,0.22,1,5,1,1
ORD_00037,786,0.15,1,8,0,0
ORD_00038,250,0.01,2,6,0,0
ORD_00039,250,0.17,1,1,1,0
ORD_00040,778,0.3,2,2,1,0
ORD_00041,1200,0.04,3,3,0,0
ORD_00042,762,0.14,1,7,1,1
ORD_00043,606,0.21,2,10,1,1
ORD_00044,522,0.08,3,3,1,0
ORD_00045,250,0.12,1,9,0,0
ORD_00046,373,0.0,1,9,0,0
ORD_00047,460,0.22,2,8,0,0
ORD_00048,1549,0.02,3,9,1,0
ORD_00049,875,0.02,1,8,0,0
ORD_00050,250,0.19,1,9,0,0
ORD_00051,862,0.09,1,4,0,0
ORD_00052,488,0.11,1,4,1,0
ORD_00053,387,0.05,1,5,1,0
ORD_00054,1085,0.03,1,7,1,0
ORD_00055,1517,0.4,2,9,1,0
ORD_00056,1401,0.04,3,4,1,0
ORD_00057,339,0.51,3,7,1,1
ORD_00058,519,0.26,3,6,0,1
ORD_00059,866,0.05,1,9,1,0
ORD_00060,1451,0.13,1,9,1,0
ORD_00061,453,0.07,2,9,1,1
ORD_00062,573,0.09,2,5,0,0
ORD_00063,274,0.06,2,3,0,0
ORD_00064,255,0.28,1,6,1,1
ORD_00065,1274,0.04,2,2,1,0
ORD_00066,1968,0.18,1,7,1,0
ORD_00067,627,0.18,2,7,1,0
ORD_00068,1484,0.01,1,2,0,0
ORD_00069,888,0.06,3,6,0,0
ORD_00070,396,0.17,1,4,1,0
ORD_00071,888,0.03,3,7,1,0
ORD_00072,2276,0.1,3,8,1,0
ORD_00073,646,0.18,2,10,0,1
ORD_00074,2325,0.12,3,1,0,1
ORD_00075,250,0.33,1,5,0,1
ORD_00076,1283,0.01,2,9,1,0
ORD_00077,713,0.3,3,2,0,1
ORD_00078,523,0.16,1,4,0,0
ORD_00079,715,0.04,2,8,0,0
ORD_00080,250,0.08,1,5,0,0
ORD_00081,557,0.08,2,8,0,0
ORD_00082,885,0.21,3,10,1,1
ORD_00083,2169,0.05,2,10,1,1
ORD_00084,439,0.01,1,1,0,0
ORD_00085,348,0.05,3,7,1,0
ORD_00086,445,0.5,1,6,1,0
ORD_00087,1383,0.08,3,2,0,0
ORD_00088,865,0.06,3,7,1,0
ORD_00089,435,0.42,3,3,0,0
ORD_00090,1002,0.0,2,4,0,0
ORD_00091,718,0.27,2,6,0,0
ORD_00092,1443,0.26,2,3,0,0
ORD_00093,379,0.12,2,1,1,0
ORD_00094,511,0.03,1,10,0,0
ORD_00095,486,0.05,1,1,1,0
ORD_00096,250,0.07,2,6,1,0
ORD_00097,842,0.34,2,4,1,0
ORD_00098,819,0.31,2,7,1,0
ORD_00099,667,0.02,2,9,1,0
ORD_00100,551,0.24,2,8,0,1
ORD_00101,250,0.07,2,3,0,0
ORD_00102,475,0.3,1,7,1,0
ORD_00103,505,0.28,1,1,0,1
ORD_00104,350,0.07,1,2,0,0
ORD_00105,584,0.11,2,9,1,0
ORD_00106,918,0.0,1,10,1,0
ORD_00107,3007,0.05,2,8,0,0
ORD_00108,764,0.14,1,7,0,0
ORD_00109,817,0.01,1,10,0,0
ORD_00110,626,0.08,2,2,0,0
ORD_00111,250,0.08,1,2,1,1
ORD_00112,651,0.08,2,7,1,0
ORD_00113,697,0.03,3,7,0,0
ORD_00114,4772,0.31,2,6,0,1
ORD_00115,570,0.6,2,10,1,0
ORD_00116,846,0.05,2,5,0,0
ORD_00117,646,0.18,1,6,0,1
ORD_00118,261,0.05,2,9,1,1
ORD_00119,1659,0.04,1,4,0,0
ORD_00120,1213,0.2,1,10,1,0
ORD_00121,1252,0.09,1,1,1,0
ORD_00122,321,0.32,2,9,1,0
ORD_00123,2043,0.17,2,8,0,0
ORD_00124,250,0.04,3,2,0,0
ORD_00125,1063,0.16,2,4,0,0
ORD_00126,3836,0.05,1,3,0,0
ORD_00127,301,0.27,2,3,1,0
ORD_00128,422,0.04,2,6,0,0
ORD_00129,720,0.31,1,7,1,0
ORD_00130,444,0.05,1,8,1,0
ORD_00131,250,0.03,2,7,1,0
ORD_00132,702,0.06,2,9,1,0
ORD_00133,284,0.43,2,2,0,0
ORD_00134,971,0.02,2,10,1,0
ORD_00135,318,0.3,1,4,0,0
ORD_00136,2298,0.34,1,2,1,1
ORD_00137,355,0.22,3,3,1,1
ORD_00138,514,0.03,1,10,0,0
ORD_00139,1275,0.14,1,1,1,0
ORD_00140,250,0.21,2,8,0,0
ORD_00141,797,0.21,2,5,1,0
ORD_00142,1892,0.04,2,5,1,1
ORD_00143,250,0.22,2,8,0,0
ORD_00144,771,0.04,3,9,1,0
ORD_00145,818,0.0,1,9,1,0
ORD_00146,1243,0.05,2,10,1,0
ORD_00147,250,0.29,2,9,1,0
ORD_00148,250,0.19,1,2,1,0
ORD_00149,1009,0.07,2,7,0,0
ORD_00150,843,0.16,2,7,0,0
ORD_00151,812,0.26,2,4,1,0
ORD_00152,877,0.07,3,5,1,0
ORD_00153,386,0.36,2,6,1,1
ORD_00154,800,0.02,2,7,1,0
ORD_00155,840,0.02,3,2,1,0
ORD_00156,375,0.08,2,10,1,0
ORD_00157,2959,0.42,2,2,0,0
ORD_00158,971,0.14,2,2,0,0
ORD_00159,256,0.74,2,5,1,1
ORD_00160,1124,0.0,2,6,1,0
ORD_00161,304,0.12,1,6,1,0
ORD_00162,1248,0.1,3,3,1,0
ORD_00163,1680,0.02,1,4,1,1
ORD_00164,344,0.03,2,7,0,0
ORD_00165,1437,0.01,1,7,0,0
ORD_00166,925,0.28,2,6,0,1
ORD_00167,1283,0.09,3,1,1,1
ORD_00168,3033,0.06,3,10,1,0
ORD_00169,546,0.01,2,6,1,0
ORD_00170,363,0.18,2,1,1,0
ORD_00171,326,0.03,2,5,1,0
ORD_00172,346,0.05,1,6,0,0
ORD_00173,625,0.07,1,7,1,0
ORD_00174,873,0.07,2,8,1,0
ORD_00175,829,0.05,3,9,0,0
ORD_00176,1289,0.01,2,6,0,0
ORD_00177,672,0.13,2,7,1,1
ORD_00178,2127,0.21,3,4,1,1
ORD_00179,538,0.0,2,10,0,0
ORD_00180,5861,0.03,1,7,1,1
ORD_00181,1097,0.16,1,10,1,0
ORD_00182,335,0.2,1,1,1,0
ORD_00183,282,0.2,2,3,1,0
ORD_00184,978,0.16,1,1,0,0
ORD_00185,556,0.44,2,8,1,0
ORD_00186,1177,0.16,3,3,0,0
ORD_00187,971,0.17,1,7,0,0
ORD_00188,627,0.07,1,2,1,0
ORD_00189,337,0.1,2,5,1,0
ORD_00190,250,0.08,1,3,1,0
ORD_00191,465,0.55,2,10,1,0
ORD_00192,1319,0.03,2,3,0,0
ORD_00193,789,0.11,2,5,1,0
ORD_00194,250,0.29,3,8,1,1
ORD_00195,763,0.13,1,2,1,0
ORD_00196,905,0.32,1,4,1,0
ORD_00197,327,0.16,3,4,1,1
ORD_00198,752,0.06,1,5,0,0
ORD_00199,696,0.12,1,6,0,0
ORD_00200,266,0.18,3,9,1,0
ORD_00201,885,0.06,1,5,1,0
ORD_00202,1041,0.07,1,10,0,0
ORD_00203,1581,0.08,2,8,0,0
ORD_00204,1545,0.25,1,5,1,0
ORD_00205,250,0.24,2,3,1,1
ORD_00206,314,0.0,2,6,1,0
ORD_00207,1004,0.01,2,4,1,0
ORD_00208,1003,0.1,1,5,0,0
ORD_00209,1004,0.1,3,8,1,0
ORD_00210,14504,0.2,1,4,1,0
ORD_00211,1050,0.32,2,7,0,0
ORD_00212,1649,0.2,3,3,0,0
ORD_00213,1426,0.02,2,4,0,0
ORD_00214,1120,0.2,1,8,0,0
ORD_00215,516,0.04,1,8,1,0
ORD_00216,1220,0.04,3,9,1,0
ORD_00217,358,0.32,2,4,1,1
ORD_00218,550,0.05,3,10,0,0
ORD_00219,451,0.0,2,4,1,0
ORD_00220,710,0.03,1,5,1,0
ORD_00221,4237,0.16,1,5,1,0
ORD_00222,250,0.02,3,3,1,1
ORD_00223,1151,0.01,2,1,0,0
ORD_00224,250,0.28,1,10,0,0
ORD_00225,455,0.28,2,1,0,0
ORD_00226,1589,0.31,1,8,1,1
ORD_00227,700,0.09,1,4,1,0
ORD_00228,280,0.01,2,10,1,0
ORD_00229,375,0.05,1,2,1,0
ORD_00230,1145,0.22,1,6,1,0
ORD_00231,370,0.14,2,9,0,0
ORD_00232,790,0.18,2,5,1,1
ORD_00233,689,0.14,1,3,1,1
ORD_00234,394,0.03,1,4,0,0
ORD_00235,3696,0.02,3,2,1,0
ORD_00236,1104,0.16,1,7,1,0
ORD_00237,250,0.17,1,4,1,0
ORD_00238,772,0.27,1,4,0,0
ORD_00239,391,0.25,1,8,1,0
ORD_00240,1315,0.08,2,10,0,0
ORD_00241,352,0.17,3,5,0,0
ORD_00242,606,0.33,2,3,1,1
ORD_00243,996,0.43,2,6,1,0
ORD_00244,1329,0.19,3,8,1,0
ORD_00245,254,0.06,1,10,1,0
ORD_00246,508,0.13,2,1,1,0
ORD_00247,454,0.01,2,9,0,0
ORD_00248,394,0.14,1,4,1,0
ORD_00249,2730,0.02,2,5,1,0
ORD_00250,919,0.21,2,10,0,0
ORD_00251,250,0.13,2,3,1,0
ORD_00252,1386,0.27,1,9,1,1
ORD_00253,3632,0.09,1,6,1,1
ORD_00254,1519,0.41,1,1,1,1
ORD_00255,250,0.07,1,9,1,0
ORD_00256,451,0.18,2,5,1,0
ORD_00257,1832,0.05,1,3,0,0
ORD_00258,377,0.02,2,4,0,1
ORD_00259,948,0.04,1,5,1,1
ORD_00260,1236,0.03,2,1,1,0
ORD_00261,316,0.07,3,10,1,0
ORD_00262,634,0.22,3,3,1,1
ORD_00263,250,0.19,2,7,0,0
ORD_00264,293,0.02,1,9,0,0
ORD_00265,543,0.11,1,6,0,1
ORD_00266,250,0.07,2,4,1,0
ORD_00267,2455,0.15,3,4,1,1
ORD_00268,250,0.05,2,9,0,0
ORD_00269,467,0.04,2,1,1,0
ORD_00270,738,0.1,2,6,1,0
ORD_00271,2106,0.17,2,4,0,0
ORD_00272,250,0.1,2,3,0,0
ORD_00273,1686,0.02,1,1,1,0
ORD_00274,670,0.24,1,5,1,0
ORD_00275,303,0.43,2,4,0,0
ORD_00276,962,0.16,3,10,0,0
ORD_00277,779,0.3,2,4,1,1
ORD_00278,411,0.06,2,8,1,1
ORD_00279,703,0.15,1,2,1,0
ORD_00280,488,0.2,2,10,1,0
ORD_00281,728,0.43,1,10,1,1
ORD_00282,1129,0.01,2,4,1,0
ORD_00283,2365,0.09,2,1,1,0
ORD_00284,250,0.01,2,2,0,0
ORD_00285,3664,0.15,1,10,1,0
ORD_00286,250,0.11,2,10,0,0
ORD_00287,589,0.53,1,3,1,0
ORD_00288,1064,0.02,1,1,1,0
ORD_00289,832,0.33,2,2,1,1
ORD_00290,404,0.06,2,7,0,0
ORD_00291,563,0.07,1,10,1,0
ORD_00292,448,0.08,3,10,1,1
ORD_00293,415,0.09,2,6,0,0
ORD_00294,1312,0.3,2,2,0,0
ORD_00295,885,0.14,2,1,0,0
ORD_00296,382,0.53,2,10,1,1
ORD_00297,1366,0.03,2,9,0,0
ORD_00298,850,0.03,3,1,0,0
ORD_00299,1274,0.2,3,10,0,0
ORD_00300,1100,0.06,2,5,1,1
ORD_00301,342,0.15,2,9,1,0
ORD_00302,424,0.5,1,9,0,0
ORD_00303,1209,0.29,1,6,1,1
ORD_00304,1083,0.14,2,3,1,0
ORD_00305,654,0.37,3,2,0,1
ORD_00306,730,0.26,2,3,1,0
ORD_00307,1848,0.03,2,1,1,0
ORD_00308,414,0.02,1,3,1,0
ORD_00309,1030,0.02,2,2,1,0
ORD_00310,565,0.18,2,8,1,1
ORD_00311,558,0.01,2,10,1,0
ORD_00312,1602,0.08,1,7,1,0
ORD_00313,1287,0.03,2,1,1,0
ORD_00314,1275,0.02,3,1,1,0
ORD_00315,1890,0.01,3,5,0,0
ORD_00316,676,0.25,3,4,1,1
ORD_00317,1147,0.42,1,8,1,0
ORD_00318,518,0.27,3,8,1,0
ORD_00319,862,0.08,3,3,0,0
ORD_00320,599,0.28,3,5,0,0
ORD_00321,718,0.2,3,7,1,0
ORD_00322,1070,0.3,3,8,1,0
ORD_00323,345,0.17,1,3,0,0
ORD_00324,3547,0.09,1,8,1,0
ORD_00325,297,0.04,2,10,0,0
ORD_00326,251,0.04,2,9,0,0
ORD_00327,1679,0.36,1,3,0,0
ORD_00328,1253,0.1,2,2,0,1
ORD_00329,1095,0.44,1,2,1,0
ORD_00330,1099,0.1,1,5,0,1
ORD_00331,658,0.05,1,10,1,0
ORD_00332,324,0.18,1,1,1,1
ORD_00333,706,0.28,2,6,1,1
ORD_00334,386,0.1,3,7,1,0
ORD_00335,1451,0.0,2,5,1,0
ORD_00336,591,0.08,2,8,0,0
ORD_00337,343,0.02,1,6,1,1
ORD_00338,514,0.23,2,1,1,0
ORD_00339,925,0.27,3,9,1,1
ORD_00340,423,0.25,2,5,1,0
ORD_00341,344,0.19,1,5,1,0
ORD_00342,808,0.0,3,1,1,0
ORD_00343,809,0.02,3,5,1,0
ORD_00344,443,0.07,1,3,1,0
ORD_00345,456,0.0,1,10,0,0
ORD_00346,800,0.06,1,3,1,0
ORD_00347,250,0.09,1,10,1,0
ORD_00348,250,0.03,3,8,1,0
ORD_00349,374,0.11,3,9,1,0
ORD_00350,560,0.07,2,6,0,0
ORD_00351,852,0.1,2,3,1,1
ORD_00352,2165,0.01,2,8,1,0
ORD_00353,1320,0.37,1,3,1,0
ORD_00354,585,0.19,2,7,1,0
ORD_00355,655,0.05,3,2,1,0
ORD_00356,298,0.03,3,6,1,0
ORD_00357,655,0.01,1,8,1,0
ORD_00358,527,0.11,2,3,1,1
ORD_00359,861,0.3,1,9,0,0
ORD_00360,343,0.13,2,9,1,0
ORD_00361,1007,0.38,2,3,1,0
ORD_00362,2266,0.21,1,3,1,1
ORD_00363,609,0.07,2,5,1,0
ORD_00364,917,0.04,2,9,1,0
ORD_00365,1155,0.01,1,1,0,0
ORD_00366,482,0.06,3,1,0,1
ORD_00367,795,0.09,1,1,1,0
ORD_00368,671,0.02,1,4,0,0
ORD_00369,719,0.0,1,7,1,0
ORD_00370,358,0.14,1,2,0,0
ORD_00371,678,0.28,2,3,1,1
ORD_00372,990,0.25,2,4,1,0
ORD_00373,2123,0.02,2,1,0,0
ORD_00374,1432,0.16,1,2,1,1
ORD_00375,3723,0.07,1,2,0,0
ORD_00376,360,0.01,2,6,1,1
ORD_00377,1336,0.02,2,4,0,0
ORD_00378,770,0.17,1,7,0,0
ORD_00379,3834,0.2,1,8,1,1
ORD_00380,348,0.12,1,2,0,0
ORD_00381,339,0.04,1,2,1,0
ORD_00382,411,0.01,1,5,0,0
ORD_00383,250,0.2,2,4,0,0
ORD_00384,436,0.54,1,10,1,1
ORD_00385,362,0.18,1,2,0,0
ORD_00386,750,0.3,2,9,0,0
ORD_00387,874,0.05,2,9,1,0
ORD_00388,2983,0.32,2,10,1,0
ORD_00389,1422,0.36,1,4,1,0
ORD_00390,419,0.21,2,2,0,1
ORD_00391,324,0.1,2,3,1,0
ORD_00392,985,0.1,1,8,0,0
ORD_00393,250,0.25,1,8,1,0
ORD_00394,2878,0.11,1,7,1,1
ORD_00395,1708,0.44,2,4,1,0
ORD_00396,456,0.08,2,1,0,0
ORD_00397,250,0.03,1,10,1,0
ORD_00398,1964,0.33,1,9,1,0
ORD_00399,606,0.12,3,7,1,0
ORD_00400,1790,0.05,2,1,0,1
ORD_00401,250,0.1,1,5,1,0
ORD_00402,411,0.09,2,3,0,0
ORD_00403,667,0.15,1,2,1,0
ORD_00404,690,0.02,2,3,1,0
ORD_00405,464,0.16,2,6,1,1
ORD_00406,1094,0.12,3,7,0,0
ORD_00407,283,0.3,2,10,0,1
ORD_00408,593,0.28,1,9,0,0
ORD_00409,732,0.0,2,10,1,1
ORD_00410,1003,0.04,3,7,0,0
ORD_00411,1175,0.03,2,1,1,0
ORD_00412,270,0.04,1,7,0,0
ORD_00413,250,0.05,3,1,0,0
ORD_00414,1848,0.26,1,8,1,0
ORD_00415,867,0.05,1,2,1,0
ORD_00416,365,0.04,1,2,0,0
ORD_00417,2300,0.06,1,1,1,0
ORD_00418,729,0.06,2,9,1,0
ORD_00419,1708,0.08,1,8,1,0
ORD_00420,702,0.17,1,9,1,0
ORD_00421,3458,0.43,2,8,1,1
ORD_00422,2708,0.75,2,4,1,1
ORD_00423,545,0.17,3,9,1,0
ORD_00424,1447,0.08,1,8,1,0
ORD_00425,1114,0.03,1,1,1,0
ORD_00426,1988,0.29,2,10,1,0
ORD_00427,307,0.03,1,5,1,0
ORD_00428,1151,0.11,1,9,1,1
ORD_00429,1551,0.05,2,8,1,0
ORD_00430,250,0.14,2,1,1,0
ORD_00431,258,0.09,2,6,1,0
ORD_00432,250,0.07,2,6,1,0
ORD_00433,536,0.19,2,2,0,0
ORD_00434,1180,0.33,1,2,0,1
ORD_00435,2212,0.17,1,1,1,0
ORD_00436,705,0.08,1,6,0,0
ORD_00437,2447,0.03,3,9,1,1
ORD_00438,250,0.02,2,8,0,0
ORD_00439,250,0.08,2,5,1,1
ORD_00440,636,0.08,1,8,0,0
ORD_00441,904,0.01,1,2,0,0
ORD_00442,647,0.13,3,6,1,0
ORD_00443,250,0.12,3,2,1,0
ORD_00444,619,0.04,1,8,0,0
ORD_00445,250,0.06,3,2,0,0
ORD_00446,1136,0.15,1,5,0,0
ORD_00447,891,0.01,1,7,1,0
ORD_00448,313,0.08,1,7,1,0
ORD_00449,440,0.15,2,4,1,1
ORD_00450,285,0.24,2,8,1,0
ORD_00451,632,0.02,3,7,1,1
ORD_00452,1428,0.39,1,10,1,0
ORD_00453,302,0.27,2,5,1,0
ORD_00454,995,0.16,1,4,0,0
ORD_00455,435,0.09,1,2,1,1
ORD_00456,352,0.31,1,2,0,0
ORD_00457,610,0.01,3,4,0,1
ORD_00458,290,0.18,2,8,1,0
ORD_00459,427,0.11,1,6,0,0
ORD_00460,255,0.07,1,9,0,0
ORD_00461,3202,0.07,2,2,0,0
ORD_00462,684,0.3,1,7,1,1
ORD_00463,380,0.02,3,1,0,1
ORD_00464,789,0.2,3,2,0,0
ORD_00465,607,0.16,2,9,1,1
ORD_00466,557,0.23,2,8,0,0
ORD_00467,1087,0.13,2,9,1,0
ORD_00468,1219,0.21,1,7,1,0
ORD_00469,435,0.03,1,10,1,0
ORD_00470,419,0.03,1,9,0,0
ORD_00471,533,0.63,3,4,0,1
ORD_00472,250,0.05,2,3,1,1
ORD_00473,250,0.0,1,4,1,0
ORD_00474,1985,0.02,2,5,1,0
ORD_00475,2479,0.34,1,10,1,0
ORD_00476,544,0.41,3,4,0,0
ORD_00477,1054,0.03,1,4,1,0
ORD_00478,853,0.3,2,7,1,1
ORD_00479,7809,0.01,1,4,1,0
ORD_00480,1628,0.13,2,4,1,0
ORD_00481,600,0.31,1,9,0,0
ORD_00482,309,0.25,1,9,1,1
ORD_00483,250,0.26,2,5,0,0
ORD_00484,782,0.05,2,9,1,1
ORD_00485,363,0.07,3,2,0,0
ORD_00486,250,0.09,2,5,1,1
ORD_00487,396,0.13,2,7,0,0
ORD_00488,279,0.12,3,8,0,0
ORD_00489,2564,0.12,3,5,0,0
ORD_00490,1346,0.22,2,9,0,0
ORD_00491,660,0.0,2,3,0,0
ORD_00492,2173,0.01,3,8,0,0
ORD_00493,707,0.0,2,9,0,0
ORD_00494,333,0.15,2,7,0,0
ORD_00495,2249,0.05,1,5,1,0
ORD_00496,1023,0.18,2,9,0,0
ORD_00497,290,0.05,1,8,1,0
ORD_00498,571,0.11,1,8,1,0
ORD_00499,330,0.1,3,6,1,1
ORD_00500,250,0.01,2,2,0,0
ORD_00501,1395,0.16,2,4,0,0
ORD_00502,3064,0.1,2,1,1,0
ORD_00503,250,0.03,1,10,1,0
ORD_00504,1043,0.04,1,5,1,0
ORD_00505,395,0.1,1,10,1,0
ORD_00506,450,0.04,1,1,1,0
ORD_00507,414,0.12,2,6,1,0
ORD_00508,333,0.14,3,10,1,1
ORD_00509,691,0.15,1,8,0,0
ORD_00510,342,0.05,1,10,1,0
ORD_00511,825,0.09,3,1,1,0
ORD_00512,638,0.18,2,6,1,0
ORD_00513,549,0.09,1,4,1,0
ORD_00514,321,0.2,1,9,1,1
ORD_00515,419,0.0,2,8,1,0
ORD_00516,1217,0.18,1,4,1,0
ORD_00517,993,0.28,2,2,1,0
ORD_00518,304,0.26,2,6,1,1
ORD_00519,720,0.33,3,3,0,0
ORD_00520,1213,0.12,2,1,1,0
ORD_00521,250,0.26,1,7,0,0
ORD_00522,1027,0.12,1,4,0,0
ORD_00523,391,0.0,2,9,1,0
ORD_00524,1049,0.11,1,10,0,0
ORD_00525,361,0.12,1,10,0,0
ORD_00526,250,0.3,1,3,1,0
ORD_00527,250,0.23,2,10,1,0
ORD_00528,691,0.07,2,10,1,0
ORD_00529,818,0.17,1,10,1,0
ORD_00530,322,0.55,2,1,0,1
ORD_00531,1108,0.0,2,2,1,0
ORD_00532,250,0.22,3,4,1,1
ORD_00533,630,0.1,3,7,1,1
ORD_00534,252,0.08,3,8,0,0
ORD_00535,394,0.3,3,4,0,0
ORD_00536,690,0.03,2,3,1,0
ORD_00537,334,0.08,2,10,0,0
ORD_00538,488,0.02,1,9,0,0
ORD_00539,1487,0.16,2,8,0,0
ORD_00540,419,0.01,1,6,1,1
ORD_00541,1297,0.05,2,9,1,0
ORD_00542,269,0.42,1,8,1,0
ORD_00543,1016,0.68,1,7,1,0
ORD_00544,2107,0.04,1,6,1,0
ORD_00545,250,0.12,3,10,1,0
ORD_00546,351,0.11,1,3,1,0
ORD_00547,1055,0.28,3,6,1,0
ORD_00548,565,0.02,1,4,0,0
ORD_00549,895,0.06,2,5,0,0
ORD_00550,410,0.08,1,7,0,0
ORD_00551,712,0.11,1,7,1,1
ORD_00552,587,0.11,3,9,0,0
ORD_00553,1692,0.11,1,9,1,0
ORD_00554,815,0.22,1,6,1,0
ORD_00555,871,0.04,2,6,0,0
ORD_00556,478,0.1,2,2,0,0
ORD_00557,450,0.29,3,8,0,0
ORD_00558,470,0.11,2,3,1,0
ORD_00559,911,0.07,2,1,1,0
ORD_00560,474,0.08,2,4,1,0
ORD_00561,838,0.1,2,5,1,0
ORD_00562,3499,0.05,2,3,0,1
ORD_00563,1335,0.05,1,7,1,1
ORD_00564,512,0.17,2,5,1,0
ORD_00565,1738,0.1,1,10,1,0
ORD_00566,479,0.07,2,5,0,0
ORD_00567,250,0.02,1,6,1,0
ORD_00568,296,0.3,1,6,0,0
ORD_00569,250,0.22,2,9,0,0
ORD_00570,502,0.01,1,3,1,0
ORD_00571,675,0.23,1,8,1,0
ORD_00572,2543,0.03,1,7,0,0
ORD_00573,863,0.22,1,9,1,1
ORD_00574,558,0.38,1,5,1,1
ORD_00575,1291,0.19,2,7,1,0
ORD_00576,250,0.05,2,8,0,0
ORD_00577,803,0.09,2,9,1,1
ORD_00578,1232,0.1,2,8,0,0
ORD_00579,250,0.46,2,2,1,0
ORD_00580,1660,0.08,1,6,1,0
ORD_00581,872,0.45,3,4,0,1
ORD_00582,477,0.5,3,4,0,1
ORD_00583,1103,0.07,1,9,1,0
ORD_00584,4091,0.21,2,7,1,0
ORD_00585,769,0.12,1,6,0,1
ORD_00586,811,0.17,1,2,0,0
ORD_00587,460,0.2,1,1,0,0
ORD_00588,337,0.08,3,10,1,0
ORD_00589,1292,0.04,2,4,1,1
ORD_00590,335,0.19,2,9,1,1
ORD_00591,704,0.22,2,4,1,0
ORD_00592,453,0.02,2,2,1,0
ORD_00593,975,0.15,1,8,0,1
ORD_00594,868,0.05,3,6,0,0
ORD_00595,1525,0.27,2,1,1,1
ORD_00596,442,0.17,2,4,0,1
ORD_00597,535,0.04,2,10,1,0
ORD_00598,303,0.13,3,5,1,1
ORD_00599,466,0.08,2,1,0,0
ORD_00600,899,0.11,1,2,1,1
ORD_00601,1218,0.17,2,9,0,0
ORD_00602,318,0.38,1,1,0,0
ORD_00603,1333,0.1,3,8,0,0
ORD_00604,1967,0.11,2,9,1,1
ORD_00605,925,0.13,1,2,1,0
ORD_00606,2985,0.25,2,2,0,0
ORD_00607,358,0.01,1,7,1,0
ORD_00608,250,0.15,2,10,0,0
ORD_00609,250,0.0,1,9,1,0
ORD_00610,2201,0.03,1,10,1,1
ORD_00611,1122,0.17,1,9,1,1
ORD_00612,636,0.09,1,3,1,0
ORD_00613,832,0.14,1,7,0,0
ORD_00614,270,0.07,3,6,0,0
ORD_00615,4706,0.22,1,8,1,0
ORD_00616,737,0.0,1,8,1,0
ORD_00617,725,0.07,2,8,1,0
ORD_00618,1188,0.13,3,8,0,0
ORD_00619,977,0.06,2,10,1,0
ORD_00620,795,0.03,1,6,1,0
ORD_00621,353,0.03,2,9,0,0
ORD_00622,969,0.04,1,5,1,0
ORD_00623,2997,0.28,3,4,1,1
ORD_00624,1951,0.01,3,7,0,0
ORD_00625,2379,0.21,2,3,0,0
ORD_00626,441,0.25,1,8,0,0
ORD_00627,301,0.04,1,8,0,0
ORD_00628,601,0.03,3,5,1,0
ORD_00629,695,0.15,2,10,1,1
ORD_00630,1596,0.1,1,8,1,1
ORD_00631,250,0.0,1,3,0,0
ORD_00632,2261,0.28,2,3,1,1
ORD_00633,586,0.08,3,4,1,1
ORD_00634,472,0.28,2,9,0,0
ORD_00635,295,0.54,1,5,1,0
ORD_00636,250,0.0,2,6,1,0
ORD_00637,1285,0.36,1,4,1,0
ORD_00638,705,0.08,3,9,1,0
ORD_00639,250,0.13,1,4,1,0
ORD_00640,250,0.57,2,3,1,0
ORD_00641,508,0.21,1,2,1,0
ORD_00642,2528,0.32,1,3,0,0
ORD_00643,540,0.23,2,1,1,1
ORD_00644,250,0.22,3,8,0,0
ORD_00645,546,0.3,1,1,0,0
ORD_00646,534,0.39,2,6,1,1
ORD_00647,250,0.1,2,2,1,1
ORD_00648,636,0.22,2,3,1,1
ORD_00649,552,0.16,2,9,1,0
ORD_00650,1160,0.0,1,9,1,0
ORD_00651,2919,0.04,2,6,1,1
ORD_00652,1638,0.12,3,7,1,1
ORD_00653,536,0.1,3,5,1,1
ORD_00654,274,0.11,2,7,1,1
ORD_00655,5211,0.12,3,6,1,0
ORD_00656,697,0.09,1,5,0,0
ORD_00657,672,0.21,2,3,1,0
ORD_00658,652,0.38,2,2,1,0
ORD_00659,779,0.11,1,5,1,0
ORD_00660,592,0.02,3,8,1,0
ORD_00661,420,0.17,1,5,1,0
ORD_00662,429,0.2,1,3,1,0
ORD_00663,647,0.32,1,10,0,1
ORD_00664,430,0.01,1,3,0,0
ORD_00665,376,0.05,2,5,0,1
ORD_00666,724,0.05,2,9,1,0
ORD_00667,542,0.18,1,8,0,0
ORD_00668,2215,0.37,3,7,0,0
ORD_00669,250,0.08,1,5,0,0
ORD_00670,1592,0.35,3,9,1,1
ORD_00671,1802,0.32,1,2,0,0
ORD_00672,250,0.16,2,6,0,0
ORD_00673,505,0.08,1,7,1,0
ORD_00674,494,0.02,2,7,0,0
ORD_00675,250,0.09,2,4,0,0
ORD_00676,357,0.01,3,2,0,1
ORD_00677,273,0.27,1,1,1,1
ORD_00678,2702,0.03,2,1,0,0
ORD_00679,1406,0.07,2,3,1,0
ORD_00680,1839,0.29,3,7,0,0
ORD_00681,1184,0.04,3,5,1,0
ORD_00682,269,0.1,1,7,1,0
ORD_00683,437,0.16,2,9,1,0
ORD_00684,983,0.05,1,8,0,0
ORD_00685,250,0.17,2,1,1,0
ORD_00686,1176,0.04,3,4,1,0
ORD_00687,548,0.62,3,5,1,1
ORD_00688,492,0.2,2,7,1,0
ORD_00689,1174,0.03,2,8,0,0
ORD_00690,949,0.04,2,8,1,0
ORD_00691,498,0.2,2,4,0,0
ORD_00692,1681,0.05,1,7,1,0
ORD_00693,280,0.02,2,2,1,0
ORD_00694,1088,0.4,1,9,0,1
ORD_00695,1069,0.25,1,6,1,1
ORD_00696,519,0.01,2,4,1,0
ORD_00697,863,0.1,3,6,0,0
ORD_00698,250,0.08,2,7,1,1
ORD_00699,1393,0.33,2,10,0,1
ORD_00700,573,0.27,3,8,1,0
ORD_00701,437,0.28,1,4,1,1
ORD_00702,1539,0.17,1,9,1,0
ORD_00703,378,0.03,3,6,1,1
ORD_00704,250,0.12,3,1,1,0
ORD_00705,250,0.17,2,3,0,0
ORD_00706,1080,0.15,1,1,1,1
ORD_00707,250,0.01,3,6,1,1
ORD_00708,2707,0.12,2,6,0,0
ORD_00709,250,0.06,1,7,0,0
ORD_00710,2584,0.01,1,1,1,0
ORD_00711,787,0.02,3,1,1,0
ORD_00712,615,0.08,1,5,1,0
ORD_00713,430,0.14,1,5,0,0
ORD_00714,915,0.06,2,1,1,1
ORD_00715,645,0.2,1,7,0,0
ORD_00716,1607,0.09,1,7,1,0
ORD_00717,728,0.27,1,6,1,0
ORD_00718,750,0.07,1,7,1,0
ORD_00719,497,0.27,3,6,1,0
ORD_00720,635,0.1,2,10,0,1
ORD_00721,850,0.04,1,2,0,0
ORD_00722,250,0.0,1,5,1,0
ORD_00723,250,0.02,1,7,1,0
ORD_00724,1205,0.01,1,2,1,0
ORD_00725,762,0.02,2,5,1,0
ORD_00726,574,0.47,1,3,1,0
ORD_00727,675,0.01,2,9,1,0
ORD_00728,878,0.18,3,10,0,0
ORD_00729,431,0.09,1,1,1,0
ORD_00730,356,0.26,1,7,1,0
ORD_00731,777,0.21,3,10,1,1
ORD_00732,304,0.13,3,4,1,1
ORD_00733,922,0.29,3,5,0,0
ORD_00734,250,0.17,2,1,0,0
ORD_00735,1515,0.07,3,5,1,1
ORD_00736,970,0.01,3,8,0,0
ORD_00737,816,0.11,2,6,1,0
ORD_00738,1459,0.35,2,2,1,1
ORD_00739,2520,0.03,1,2,0,0
ORD_00740,1497,0.01,2,9,1,0
ORD_00741,250,0.13,1,1,1,0
ORD_00742,250,0.05,1,2,1,0
ORD_00743,403,0.1,1,8,1,0
ORD_00744,679,0.05,1,6,1,1
ORD_00745,1006,0.4,2,3,1,0
ORD_00746,372,0.25,2,3,1,0
ORD_00747,772,0.23,1,9,1,0
ORD_00748,363,0.16,2,2,1,0
ORD_00749,407,0.03,2,10,0,0
ORD_00750,250,0.14,2,5,1,1
ORD_00751,317,0.12,1,7,0,0
ORD_00752,250,0.14,3,6,0,1
ORD_00753,304,0.13,2,1,1,1
ORD_00754,1545,0.02,3,10,1,0
ORD_00755,311,0.02,1,3,1,0
ORD_00756,5463,0.06,1,5,0,0
ORD_00757,986,0.06,1,3,0,0
ORD_00758,771,0.01,1,3,0,0
ORD_00759,334,0.1,1,5,0,0
ORD_00760,1164,0.1,3,8,1,0
ORD_00761,419,0.03,2,10,1,0
ORD_00762,733,0.06,1,8,1,0
ORD_00763,5156,0.45,2,8,1,0
ORD_00764,615,0.11,1,6,1,0
ORD_00765,1668,0.02,1,9,0,0
ORD_00766,378,0.07,2,5,0,0
ORD_00767,646,0.01,2,10,1,0
ORD_00768,2742,0.05,2,7,1,1
ORD_00769,402,0.01,1,1,1,0
ORD_00770,2835,0.1,1,4,1,1
ORD_00771,1171,0.38,3,1,1,1
ORD_00772,424,0.15,3,10,0,1
ORD_00773,1103,0.07,1,2,1,0
ORD_00774,1448,0.15,2,6,0,0
ORD_00775,1093,0.12,1,1,0,0
ORD_00776,250,0.39,1,9,0,1
ORD_00777,371,0.06,2,6,1,0
ORD_00778,545,0.05,2,8,0,0
ORD_00779,626,0.24,3,10,1,0
ORD_00780,1092,0.37,2,10,1,0
ORD_00781,766,0.13,2,8,1,0
ORD_00782,250,0.35,1,2,1,0
ORD_00783,901,0.03,2,2,1,1
ORD_00784,1084,0.15,3,3,1,1
ORD_00785,1040,0.15,2,8,1,0
ORD_00786,1579,0.22,1,8,1,1
ORD_00787,1296,0.38,3,5,0,0
ORD_00788,960,0.38,1,2,0,1
ORD_00789,628,0.15,2,4,1,0
ORD_00790,250,0.21,1,4,0,0
ORD_00791,937,0.2,1,7,0,0
ORD_00792,785,0.23,1,4,1,1
ORD_00793,826,0.07,2,10,1,1
ORD_00794,250,0.13,2,6,1,0
ORD_00795,280,0.03,2,2,1,0
ORD_00796,1544,0.29,2,2,1,1
ORD_00797,644,0.05,2,5,1,0
ORD_00798,1147,0.11,3,1,0,0
ORD_00799,680,0.22,3,2,0,0
ORD_00800,681,0.19,1,3,0,1
ORD_00801,1408,0.09,1,9,0,0
ORD_00802,440,0.21,2,9,0,0
ORD_00803,718,0.19,1,7,1,0
ORD_00804,459,0.07,3,5,1,0
ORD_00805,469,0.08,1,2,1,0
ORD_00806,519,0.0,2,2,1,0
ORD_00807,794,0.11,1,8,0,0
ORD_00808,453,0.15,2,3,1,0
ORD_00809,1816,0.34,1,7,0,0
ORD_00810,325,0.16,2,6,1,0
ORD_00811,572,0.06,3,6,1,0
ORD_00812,467,0.01,1,3,0,0
ORD_00813,2116,0.06,1,6,0,0
ORD_00814,778,0.15,2,4,1,0
ORD_00815,1518,0.08,2,1,0,0
ORD_00816,250,0.22,1,8,1,1
ORD_00817,823,0.05,3,9,1,0
ORD_00818,1355,0.23,1,3,0,1
ORD_00819,710,0.04,1,1,0,0
ORD_00820,1559,0.26,2,1,1,0
ORD_00821,439,0.25,1,1,1,0
ORD_00822,2053,0.06,2,9,1,0
ORD_00823,4184,0.2,1,10,1,0
ORD_00824,497,0.03,3,5,1,0
ORD_00825,465,0.04,2,3,0,0
ORD_00826,2127,0.09,2,10,1,0
ORD_00827,2353,0.19,1,9,1,0
ORD_00828,437,0.04,1,10,1,0
ORD_00829,475,0.06,2,9,0,0
ORD_00830,530,0.05,1,6,1,0
ORD_00831,250,0.27,1,5,1,0
ORD_00832,318,0.16,2,1,0,0
ORD_00833,297,0.05,1,6,1,0
ORD_00834,359,0.27,2,5,1,0
ORD_00835,646,0.01,3,9,0,0
ORD_00836,802,0.01,2,7,1,1
ORD_00837,2299,0.13,3,3,1,1
ORD_00838,299,0.16,3,5,1,1
ORD_00839,1461,0.08,1,6,1,1
ORD_00840,560,0.05,1,2,1,0
ORD_00841,639,0.09,2,7,0,0
ORD_00842,1141,0.0,2,9,1,1
ORD_00843,270,0.13,1,10,1,0
ORD_00844,903,0.05,1,9,1,0
ORD_00845,759,0.1,2,5,1,1
ORD_00846,986,0.3,2,8,1,1
ORD_00847,838,0.01,1,9,1,0
ORD_00848,4742,0.2,2,6,0,1
ORD_00849,399,0.16,3,4,1,0
ORD_00850,434,0.15,2,4,0,0
ORD_00851,404,0.06,1,3,1,0
ORD_00852,426,0.05,1,9,0,0
ORD_00853,399,0.01,2,10,1,0
ORD_00854,1721,0.25,3,6,0,0
ORD_00855,2072,0.32,3,8,1,0
ORD_00856,421,0.3,2,2,1,0
ORD_00857,341,0.02,1,4,1,0
ORD_00858,969,0.19,2,2,0,0
ORD_00859,427,0.01,3,3,0,0
ORD_00860,1103,0.03,3,2,1,1
ORD_00861,782,0.53,2,9,0,0
ORD_00862,250,0.35,2,9,0,0
ORD_00863,2293,0.17,2,6,1,0
ORD_00864,2798,0.1,3,7,0,0
ORD_00865,407,0.02,2,5,0,0
ORD_00866,487,0.22,1,10,1,0
ORD_00867,836,0.23,2,1,0,0
ORD_00868,869,0.04,3,4,0,1
ORD_00869,1126,0.03,2,4,1,1
ORD_00870,3321,0.43,2,8,0,0
ORD_00871,577,0.01,2,5,0,0
ORD_00872,351,0.37,2,3,1,0
ORD_00873,250,0.04,1,1,1,0
ORD_00874,370,0.11,2,1,0,0
ORD_00875,647,0.09,2,5,1,0
ORD_00876,2795,0.14,3,8,1,0
ORD_00877,439,0.12,3,9,1,1
ORD_00878,795,0.13,2,10,1,1
ORD_00879,656,0.06,3,10,0,0
ORD_00880,1721,0.14,1,2,1,0
ORD_00881,5021,0.1,2,5,0,0
ORD_00882,434,0.0,1,4,1,0
ORD_00883,449,0.09,1,3,1,0
ORD_00884,1533,0.08,3,8,1,0
ORD_00885,1147,0.32,3,2,1,1
ORD_00886,2914,0.29,2,2,0,1
ORD_00887,1061,0.22,1,5,0,0
ORD_00888,498,0.07,2,10,1,1
ORD_00889,1066,0.06,3,10,0,0
ORD_00890,1614,0.05,1,10,0,0
ORD_00891,1282,0.08,1,1,1,1
ORD_00892,998,0.08,2,7,1,0
ORD_00893,1561,0.15,3,9,0,0
ORD_00894,1694,0.51,1,2,1,1
ORD_00895,2009,0.08,3,10,0,0
ORD_00896,1117,0.28,2,1,1,1
ORD_00897,581,0.07,1,9,0,0
ORD_00898,747,0.05,2,2,1,0
ORD_00899,1746,0.27,2,9,0,0
ORD_00900,346,0.0,1,8,1,0
ORD_00901,893,0.16,2,7,1,1
ORD_00902,485,0.12,2,1,1,0
ORD_00903,680,0.09,1,4,1,0
ORD_00904,1849,0.15,2,7,0,0
ORD_00905,775,0.16,1,6,1,1
ORD_00906,690,0.09,1,1,1,0
ORD_00907,250,0.21,1,7,1,0
ORD_00908,1208,0.25,2,2,1,1
ORD_00909,1114,0.04,1,8,0,0
ORD_00910,3754,0.22,1,2,1,0
ORD_00911,519,0.0,1,4,1,0
ORD_00912,792,0.26,2,6,0,0
ORD_00913,812,0.04,2,8,1,0
ORD_00914,2349,0.03,1,3,0,0
ORD_00915,616,0.19,3,6,0,0
ORD_00916,831,0.03,2,6,1,0
ORD_00917,1081,0.19,2,1,1,0
ORD_00918,772,0.25,2,6,1,1
ORD_00919,465,0.02,1,1,1,0
ORD_00920,776,0.05,3,9,0,0
ORD_00921,1570,0.21,1,4,0,0
ORD_00922,292,0.11,2,5,0,0
ORD_00923,739,0.19,2,1,1,0
ORD_00924,379,0.15,3,1,1,1
ORD_00925,1730,0.16,1,9,1,1
ORD_00926,250,0.46,2,6,1,0
ORD_00927,425,0.08,2,10,0,0
ORD_00928,899,0.01,1,10,1,0
ORD_00929,2327,0.12,1,6,1,0
ORD_00930,631,0.23,1,5,1,0
ORD_00931,426,0.2,1,6,1,0
ORD_00932,2995,0.02,1,8,1,0
ORD_00933,250,0.1,2,7,1,1
ORD_00934,250,0.19,2,7,0,0
ORD_00935,945,0.08,3,9,1,0
ORD_00936,445,0.44,2,9,1,0
ORD_00937,293,0.33,1,9,1,0
ORD_00938,1172,0.02,3,1,1,0
ORD_00939,808,0.03,3,6,0,0
ORD_00940,423,0.08,2,5,1,0
ORD_00941,250,0.12,1,8,0,0
ORD_00942,1336,0.03,3,10,0,0
ORD_00943,1118,0.07,1,8,1,0
ORD_00944,614,0.19,1,8,0,0
ORD_00945,2914,0.11,2,5,1,0
ORD_00946,282,0.16,2,10,0,1
ORD_00947,250,0.05,1,10,1,0
ORD_00948,382,0.01,2,1,0,0
ORD_00949,641,0.01,2,4,1,0
ORD_00950,808,0.01,3,7,0,0
ORD_00951,548,0.12,1,2,1,1
ORD_00952,881,0.16,1,7,1,0
ORD_00953,250,0.09,2,5,1,0
ORD_00954,2111,0.32,3,6,0,0
ORD_00955,622,0.32,1,6,1,0
ORD_00956,1625,0.05,2,5,1,0
ORD_00957,874,0.0,1,10,1,1
ORD_00958,958,0.02,1,7,1,1
ORD_00959,1049,0.05,3,4,1,1
ORD_00960,951,0.04,1,1,1,1
ORD_00961,1112,0.29,2,9,0,0
ORD_00962,1926,0.02,1,7,1,0
ORD_00963,778,0.12,1,9,0,0
ORD_00964,1172,0.38,3,9,1,0
ORD_00965,619,0.4,2,7,1,0
ORD_00966,2105,0.24,2,2,0,0
ORD_00967,387,0.22,2,2,1,0
ORD_00968,2809,0.19,1,4,1,1
ORD_00969,644,0.16,2,9,1,0
ORD_00970,250,0.02,1,7,1,1
ORD_00971,736,0.42,3,9,1,0
ORD_00972,385,0.14,2,4,1,0
ORD_00973,1303,0.01,1,9,0,0
ORD_00974,394,0.06,3,7,1,0
ORD_00975,465,0.04,2,8,1,0
ORD_00976,250,0.36,2,1,1,0
ORD_00977,463,0.36,1,9,1,1
ORD_00978,250,0.28,3,8,0,1
ORD_00979,250,0.3,3,1,1,0
ORD_00980,1222,0.03,2,8,1,0
ORD_00981,1247,0.08,2,5,1,0
ORD_00982,934,0.29,1,3,1,0
ORD_00983,306,0.09,1,8,0,0
ORD_00984,640,0.06,2,3,1,0
ORD_00985,663,0.07,1,8,1,0
ORD_00986,263,0.1,3,5,0,0
ORD_00987,2214,0.05,1,8,1,0
ORD_00988,1341,0.2,2,3,1,0
ORD_00989,557,0.1,1,10,1,0
ORD_00990,679,0.23,1,6,1,0
ORD_00991,785,0.12,2,6,0,0
ORD_00992,250,0.17,2,4,1,0
ORD_00993,545,0.13,2,5,1,0
ORD_00994,385,0.2,1,7,1,0
ORD_00995,298,0.16,1,1,0,0
ORD_00996,531,0.1,3,8,0,0
ORD_00997,2802,0.03,2,3,1,0
ORD_00998,1110,0.38,2,7,1,0
ORD_00999,421,0.08,1,9,0,0
ORD_01000,1051,0.19,2,2,1,0
ORD_01001,2037,0.31,1,10,1,0
ORD_01002,1393,0.13,2,10,0,0
ORD_01003,697,0.2,1,7,0,0
ORD_01004,396,0.21,1,1,1,0
ORD_01005,1162,0.01,2,5,1,0
ORD_01006,911,0.08,1,7,1,0
ORD_01007,1361,0.44,2,5,1,1
ORD_01008,1105,0.02,2,5,1,0
ORD_01009,1540,0.13,3,6,1,0
ORD_01010,433,0.05,1,10,1,0
ORD_01011,1908,0.08,1,10,1,0
ORD_01012,779,0.22,2,6,1,0
ORD_01013,3498,0.07,1,10,1,0
ORD_01014,383,0.01,1,2,0,1
ORD_01015,2667,0.01,2,10,0,0
ORD_01016,779,0.24,2,10,1,0
ORD_01017,394,0.1,3,9,1,0
ORD_01018,451,0.11,3,3,1,1
ORD_01019,514,0.31,2,1,1,0
ORD_01020,933,0.06,1,1,1,0
ORD_01021,1010,0.08,2,9,1,0
ORD_01022,420,0.01,2,6,0,0
ORD_01023,652,0.02,2,7,1,0
ORD_01024,3691,0.39,3,2,1,0
ORD_01025,2649,0.32,2,1,0,0
ORD_01026,942,0.27,2,2,1,1
ORD_01027,685,0.17,1,3,0,0
ORD_01028,732,0.26,3,3,0,1
ORD_01029,1086,0.11,2,8,0,0
ORD_01030,293,0.04,1,4,0,0
ORD_01031,541,0.12,1,1,1,0
ORD_01032,250,0.12,1,2,1,0
ORD_01033,915,0.09,1,9,1,0
ORD_01034,1116,0.09,2,2,1,0
ORD_01035,451,0.23,1,9,1,0
ORD_01036,2343,0.02,3,5,1,0
ORD_01037,250,0.11,3,4,0,0
ORD_01038,250,0.34,1,4,0,1
ORD_01039,795,0.47,1,3,0,0
ORD_01040,1537,0.33,1,2,1,1
ORD_01041,2558,0.04,1,8,1,0
ORD_01042,460,0.56,1,6,1,0
ORD_01043,1576,0.19,2,9,0,1
ORD_01044,644,0.33,3,2,1,0
ORD_01045,579,0.14,3,1,1,1
ORD_01046,1348,0.43,3,8,0,0
ORD_01047,1120,0.1,2,8,1,0
ORD_01048,250,0.1,3,5,1,0
ORD_01049,2167,0.3,2,2,0,0
ORD_01050,2006,0.28,1,10,0,0
ORD_01051,403,0.1,2,5,1,0
ORD_01052,912,0.12,3,8,1,1
ORD_01053,987,0.05,1,4,1,0
ORD_01054,819,0.24,1,2,1,0
ORD_01055,428,0.09,1,3,0,0
ORD_01056,388,0.06,1,3,1,1
ORD_01057,651,0.01,1,9,1,0
ORD_01058,1699,0.47,1,3,0,1
ORD_01059,1027,0.06,3,1,0,0
ORD_01060,494,0.43,3,7,1,0
ORD_01061,1233,0.13,3,1,1,0
ORD_01062,250,0.07,1,6,1,1
ORD_01063,1667,0.12,1,10,0,0
ORD_01064,250,0.18,1,4,1,0
ORD_01065,497,0.31,3,7,1,0
ORD_01066,271,0.13,1,7,1,0
ORD_01067,250,0.27,2,7,0,0
ORD_01068,1683,0.41,1,6,1,0
ORD_01069,457,0.25,1,7,1,0
ORD_01070,877,0.5,1,8,1,0
ORD_01071,640,0.23,2,3,0,0
ORD_01072,974,0.03,1,5,1,1
ORD_01073,707,0.37,1,10,1,0
ORD_01074,250,0.06,1,9,1,0
ORD_01075,1475,0.01,2,8,1,0
ORD_01076,448,0.16,2,6,0,1
ORD_01077,250,0.25,3,9,1,0
ORD_01078,472,0.09,2,10,1,0
ORD_01079,2209,0.21,1,5,1,0
ORD_01080,1313,0.09,2,2,1,0
ORD_01081,503,0.05,2,9,0,0
ORD_01082,503,0.05,2,5,1,0
ORD_01083,514,0.02,3,8,1,0
ORD_01084,3503,0.19,3,8,1,0
ORD_01085,902,0.02,1,4,1,0
ORD_01086,938,0.06,1,4,1,0
ORD_01087,1516,0.22,3,1,1,1
ORD_01088,805,0.03,1,5,1,0
ORD_01089,540,0.06,2,9,1,0
ORD_01090,568,0.17,3,5,1,0
ORD_01091,628,0.04,2,5,0,0
ORD_01092,645,0.06,2,6,0,0
ORD_01093,1190,0.27,2,6,1,0
ORD_01094,693,0.03,1,8,1,0
ORD_01095,1195,0.16,2,1,0,0
ORD_01096,623,0.04,1,5,1,0
ORD_01097,708,0.28,1,9,1,0
ORD_01098,250,0.06,2,3,0,0
ORD_01099,1384,0.19,2,7,0,0
ORD_01100,877,0.11,2,7,0,0
ORD_01101,1477,0.03,3,10,1,0
ORD_01102,250,0.34,1,3,1,0
ORD_01103,3535,0.36,2,7,0,0
ORD_01104,594,0.22,1,3,1,0
ORD_01105,1614,0.02,2,6,1,0
ORD_01106,289,0.12,3,8,1,0
ORD_01107,1085,0.06,1,8,1,1
ORD_01108,286,0.0,2,6,0,0
ORD_01109,403,0.26,2,2,1,1
ORD_01110,3075,0.05,2,1,1,0
ORD_01111,571,0.13,2,3,1,1
ORD_01112,791,0.01,2,3,0,0
ORD_01113,1334,0.08,1,7,0,0
ORD_01114,988,0.19,2,4,1,1
ORD_01115,750,0.0,2,2,0,0
ORD_01116,890,0.14,2,2,1,0
ORD_01117,4549,0.16,1,7,0,0
ORD_01118,635,0.01,1,8,1,0
ORD_01119,781,0.06,1,5,0,0
ORD_01120,1541,0.08,1,2,1,1
ORD_01121,1610,0.01,1,3,0,0
ORD_01122,1719,0.22,3,1,0,0
ORD_01123,1108,0.05,3,10,1,0
ORD_01124,266,0.09,3,4,0,1
ORD_01125,2457,0.35,3,7,0,0
ORD_01126,265,0.36,1,10,0,0
ORD_01127,847,0.55,2,9,0,1
ORD_01128,363,0.03,3,3,1,0
ORD_01129,631,0.16,2,4,1,0
ORD_01130,865,0.14,1,6,1,0
ORD_01131,860,0.12,2,1,1,0
ORD_01132,932,0.08,1,5,0,0
ORD_01133,2418,0.18,1,10,1,1
ORD_01134,956,0.07,2,5,0,0
ORD_01135,547,0.04,3,10,1,0
ORD_01136,1438,0.05,2,9,0,0
ORD_01137,1722,0.12,1,9,1,1
ORD_01138,250,0.05,2,1,1,1
ORD_01139,1072,0.04,3,3,1,0
ORD_01140,1165,0.22,1,4,1,0
ORD_01141,524,0.21,2,1,1,1
ORD_01142,1999,0.0,1,9,0,0
ORD_01143,589,0.02,2,2,1,1
ORD_01144,735,0.01,1,5,1,0
ORD_01145,579,0.05,3,3,1,0
ORD_01146,673,0.08,1,4,1,0
ORD_01147,276,0.24,1,4,1,0
ORD_01148,250,0.09,1,2,1,0
ORD_01149,2381,0.3,2,2,1,0
ORD_01150,337,0.17,2,8,0,0
ORD_01151,300,0.02,1,2,1,0
ORD_01152,250,0.5,1,10,0,0
ORD_01153,398,0.47,2,7,1,1
ORD_01154,250,0.03,2,1,0,0
ORD_01155,2474,0.08,3,1,1,1
ORD_01156,1491,0.08,2,10,1,0
ORD_01157,383,0.25,2,3,1,0
ORD_01158,4031,0.16,1,3,0,0
ORD_01159,1458,0.02,2,9,1,0
ORD_01160,512,0.36,3,2,1,1
ORD_01161,250,0.1,1,4,1,0
ORD_01162,4157,0.03,2,3,1,1
ORD_01163,250,0.13,2,7,0,0
ORD_01164,250,0.05,2,6,1,0
ORD_01165,1507,0.04,2,9,1,0
ORD_01166,4683,0.06,1,8,0,0
ORD_01167,2013,0.09,1,2,1,0
ORD_01168,1044,0.01,1,3,1,1
ORD_01169,1070,0.11,3,1,0,0
ORD_01170,1316,0.4,3,8,1,1
ORD_01171,1220,0.16,1,2,0,0
ORD_01172,832,0.38,1,4,1,0
ORD_01173,722,0.1,1,2,1,0
ORD_01174,632,0.0,1,2,0,0
ORD_01175,363,0.14,1,3,1,0
ORD_01176,531,0.11,1,10,1,0
ORD_01177,250,0.62,2,5,1,0
ORD_01178,614,0.41,2,8,1,0
ORD_01179,301,0.01,1,10,0,0
ORD_01180,275,0.16,2,2,0,0
ORD_01181,768,0.08,2,5,1,0
ORD_01182,2025,0.01,1,4,0,1
ORD_01183,1386,0.06,2,3,0,1
ORD_01184,250,0.11,1,10,0,0
ORD_01185,301,0.02,1,6,0,0
ORD_01186,1411,0.05,1,9,0,0
ORD_01187,303,0.12,3,8,0,0
ORD_01188,555,0.1,2,2,0,0
ORD_01189,1032,0.02,2,1,0,0
ORD_01190,306,0.08,3,8,0,0
ORD_01191,723,0.45,1,5,0,0
ORD_01192,250,0.17,3,2,1,0
ORD_01193,411,0.14,2,10,1,0
ORD_01194,859,0.34,2,1,1,0
ORD_01195,250,0.12,2,8,1,1
ORD_01196,946,0.02,2,8,1,0
ORD_01197,654,0.05,3,6,1,0
ORD_01198,1034,0.36,3,5,1,0
ORD_01199,795,0.08,1,5,1,0
ORD_01200,1980,0.41,1,6,0,0
ORD_01201,735,0.05,1,5,1,1
ORD_01202,471,0.0,1,2,1,0
ORD_01203,733,0.12,1,7,1,0
ORD_01204,1027,0.0,1,4,1,0
ORD_01205,691,0.13,1,7,1,1
ORD_01206,687,0.02,2,1,0,0
ORD_01207,379,0.06,3,6,1,1
ORD_01208,391,0.11,1,2,1,1
ORD_01209,250,0.04,1,3,1,0
ORD_01210,2696,0.08,1,3,0,0
ORD_01211,250,0.23,3,10,1,1
ORD_01212,382,0.04,2,1,1,0
ORD_01213,374,0.21,3,5,1,1
ORD_01214,1360,0.08,3,8,1,0
ORD_01215,525,0.14,3,8,1,0
ORD_01216,1804,0.13,1,10,1,1
ORD_01217,388,0.01,2,7,1,0
ORD_01218,831,0.15,3,7,1,1
ORD_01219,340,0.37,1,8,0,0
ORD_01220,3700,0.14,2,8,1,0
ORD_01221,257,0.22,1,5,1,0
ORD_01222,852,0.41,1,7,1,0
ORD_01223,1104,0.13,3,2,0,0
ORD_01224,926,0.05,2,4,1,0
ORD_01225,573,0.19,2,6,1,0
ORD_01226,599,0.01,2,10,1,0
ORD_01227,688,0.01,2,3,0,0
ORD_01228,591,0.06,2,2,0,0
ORD_01229,1438,0.12,3,1,1,0
ORD_01230,3898,0.28,3,4,1,0
ORD_01231,425,0.04,2,2,0,0
ORD_01232,250,0.03,2,3,1,0
ORD_01233,619,0.07,1,10,1,0
ORD_01234,5238,0.11,1,6,0,0
ORD_01235,349,0.12,1,10,1,0
ORD_01236,2468,0.3,1,3,1,1
ORD_01237,2545,0.07,1,3,1,1
ORD_01238,427,0.04,1,4,0,0
ORD_01239,1048,0.18,1,3,1,0
ORD_01240,2447,0.4,2,6,1,0
ORD_01241,491,0.23,1,9,1,1
ORD_01242,565,0.1,2,8,1,0
ORD_01243,417,0.25,1,2,0,0
ORD_01244,295,0.09,2,3,1,0
ORD_01245,395,0.54,3,8,0,0
ORD_01246,250,0.01,1,3,1,0
ORD_01247,683,0.04,3,5,0,0
ORD_01248,359,0.17,2,9,1,0
ORD_01249,801,0.19,1,2,1,0
ORD_01250,250,0.32,1,9,0,0
ORD_01251,866,0.01,3,10,1,0
ORD_01252,1295,0.18,2,5,1,0
ORD_01253,250,0.0,1,9,1,0
ORD_01254,897,0.01,3,4,0,1
ORD_01255,1776,0.11,2,8,0,0
ORD_01256,252,0.03,2,8,1,0
ORD_01257,2535,0.01,3,3,1,0
ORD_01258,930,0.14,2,5,0,0
ORD_01259,378,0.24,1,10,1,1
ORD_01260,636,0.01,2,1,0,1
ORD_01261,1039,0.19,3,6,1,0
ORD_01262,706,0.21,1,9,1,1
ORD_01263,1023,0.13,1,1,1,0
ORD_01264,318,0.24,1,2,0,0
ORD_01265,761,0.01,1,7,1,0
ORD_01266,250,0.41,1,6,0,0
ORD_01267,608,0.05,3,10,1,0
ORD_01268,322,0.05,3,3,1,0
ORD_01269,369,0.1,1,2,1,0
ORD_01270,1788,0.13,2,7,1,0
ORD_01271,1592,0.23,2,10,0,0
ORD_01272,1082,0.15,1,10,1,0
ORD_01273,277,0.07,1,5,1,0
ORD_01274,516,0.19,1,6,1,1
ORD_01275,1755,0.05,2,9,0,0
ORD_01276,744,0.17,1,7,0,1
ORD_01277,4253,0.15,1,4,0,0
ORD_01278,911,0.17,1,9,0,0
ORD_01279,775,0.05,3,3,0,0
ORD_01280,519,0.33,2,4,0,0
ORD_01281,740,0.09,2,10,1,0
ORD_01282,588,0.43,3,3,0,0
ORD_01283,1172,0.01,1,10,1,0
ORD_01284,1429,0.16,2,3,0,0
ORD_01285,354,0.08,1,1,1,1
ORD_01286,250,0.32,1,5,0,0
ORD_01287,250,0.16,3,4,0,1
ORD_01288,998,0.36,2,9,1,0
ORD_01289,275,0.28,1,4,1,0
ORD_01290,250,0.07,1,3,1,0
ORD_01291,907,0.09,1,6,0,0
ORD_01292,4887,0.13,2,10,1,0
ORD_01293,661,0.07,1,5,1,0
ORD_01294,1300,0.35,2,4,1,0
ORD_01295,710,0.02,3,1,1,1
ORD_01296,614,0.39,1,3,1,0
ORD_01297,1387,0.03,3,4,1,0
ORD_01298,527,0.2,1,10,1,0
ORD_01299,823,0.13,2,8,1,0
ORD_01300,860,0.3,2,9,1,0
ORD_01301,389,0.09,2,8,1,1
ORD_01302,1470,0.2,1,9,1,1
ORD_01303,578,0.15,3,10,0,0
ORD_01304,363,0.27,1,1,1,0
ORD_01305,1021,0.1,2,1,1,0
ORD_01306,324,0.35,1,3,1,0
ORD_01307,680,0.48,2,4,1,1
ORD_01308,660,0.14,2,2,1,0
ORD_01309,1585,0.06,2,10,1,1
ORD_01310,972,0.21,1,7,1,0
ORD_01311,651,0.14,2,9,0,0
ORD_01312,1279,0.22,1,6,0,0
ORD_01313,2022,0.26,1,4,1,0
ORD_01314,1039,0.3,2,6,1,0
ORD_01315,670,0.35,2,1,1,0
ORD_01316,250,0.01,1,6,1,0
ORD_01317,283,0.04,2,4,1,0
ORD_01318,521,0.01,2,3,1,1
ORD_01319,408,0.16,1,6,1,0
ORD_01320,572,0.24,2,9,1,1
ORD_01321,695,0.19,3,8,1,0
ORD_01322,1016,0.24,2,8,1,0
ORD_01323,628,0.1,2,9,0,0
ORD_01324,981,0.17,1,6,0,0
ORD_01325,700,0.38,2,8,1,1
ORD_01326,250,0.04,2,7,1,0
ORD_01327,313,0.01,2,1,1,0
ORD_01328,592,0.01,3,6,0,0
ORD_01329,252,0.01,1,4,0,0
ORD_01330,1074,0.15,1,3,1,1
ORD_01331,2263,0.25,1,3,1,0
ORD_01332,1763,0.2,2,10,0,0
ORD_01333,560,0.16,3,8,1,0
ORD_01334,2192,0.05,2,1,0,1
ORD_01335,749,0.41,1,7,1,1
ORD_01336,507,0.09,2,10,1,0
ORD_01337,407,0.04,1,4,1,0
ORD_01338,522,0.34,1,1,1,0
ORD_01339,487,0.08,1,2,1,1
ORD_01340,762,0.41,2,7,1,1
ORD_01341,756,0.0,2,10,1,0
ORD_01342,666,0.4,1,1,0,0
ORD_01343,943,0.13,2,6,1,0
ORD_01344,1724,0.24,3,4,1,1
ORD_01345,1421,0.12,1,3,0,0
ORD_01346,250,0.41,2,7,0,0
ORD_01347,250,0.03,2,9,1,0
ORD_01348,1404,0.05,3,5,0,0
ORD_01349,250,0.37,2,6,1,0
ORD_01350,555,0.15,2,7,0,1
ORD_01351,260,0.3,2,10,0,0
ORD_01352,250,0.08,1,6,1,0
ORD_01353,1025,0.29,2,6,0,0
ORD_01354,1220,0.14,2,3,1,0
ORD_01355,419,0.28,2,3,0,0
ORD_01356,250,0.13,1,5,1,1
ORD_01357,429,0.03,1,7,0,0
ORD_01358,909,0.02,1,6,0,0
ORD_01359,250,0.16,2,2,1,0
ORD_01360,770,0.21,3,3,1,0
ORD_01361,657,0.08,1,5,0,0
ORD_01362,1057,0.17,1,7,0,0
ORD_01363,731,0.2,3,6,1,0
ORD_01364,305,0.0,2,10,1,0
ORD_01365,1732,0.0,3,3,1,0
ORD_01366,585,0.12,1,7,1,0
ORD_01367,650,0.46,3,5,0,0
ORD_01368,315,0.02,3,10,1,0
ORD_01369,466,0.11,1,4,0,0
ORD_01370,327,0.09,1,6,0,0
ORD_01371,579,0.04,1,2,1,1
ORD_01372,2615,0.02,1,7,1,0
ORD_01373,250,0.16,3,2,1,0
ORD_01374,250,0.01,1,7,1,0
ORD_01375,2157,0.06,2,8,1,1
ORD_01376,562,0.21,3,2,1,0
ORD_01377,389,0.13,1,8,1,0
ORD_01378,1528,0.03,2,7,1,0
ORD_01379,409,0.16,1,3,0,0
ORD_01380,2866,0.32,1,7,0,0
ORD_01381,1144,0.37,3,1,1,1
ORD_01382,450,0.18,1,2,0,0
ORD_01383,3736,0.08,1,5,0,0
ORD_01384,409,0.16,2,9,0,0
ORD_01385,1204,0.02,2,1,1,1
ORD_01386,845,0.02,2,5,1,0
ORD_01387,1884,0.06,3,6,0,0
ORD_01388,2319,0.0,1,3,1,1
ORD_01389,682,0.38,2,5,1,1
ORD_01390,364,0.07,3,2,0,1
ORD_01391,961,0.0,1,8,1,0
ORD_01392,386,0.15,2,3,1,0
ORD_01393,3329,0.34,1,5,1,0
ORD_01394,741,0.09,1,1,1,1
ORD_01395,496,0.1,2,5,0,0
ORD_01396,771,0.03,2,1,1,0
ORD_01397,250,0.14,3,9,1,1
ORD_01398,305,0.07,2,2,0,0
ORD_01399,1737,0.1,3,6,0,0
ORD_01400,393,0.1,1,9,1,0
ORD_01401,287,0.39,1,3,0,0
ORD_01402,1021,0.02,3,6,1,0
ORD_01403,1717,0.09,3,1,1,0
ORD_01404,1182,0.13,1,7,0,0
ORD_01405,1475,0.12,2,2,1,0
ORD_01406,363,0.23,1,5,1,0
ORD_01407,250,0.02,2,5,1,1
ORD_01408,2210,0.37,3,1,1,1
ORD_01409,513,0.11,2,7,1,0
ORD_01410,544,0.17,1,4,0,0
ORD_01411,1924,0.08,1,4,1,0
ORD_01412,1037,0.15,1,7,1,1
ORD_01413,957,0.16,2,10,0,0
ORD_01414,3759,0.05,2,1,0,0
ORD_01415,397,0.05,3,6,1,0
ORD_01416,1397,0.24,3,1,1,1
ORD_01417,696,0.25,1,6,1,1
ORD_01418,824,0.18,2,10,0,0
ORD_01419,2259,0.14,2,2,0,0
ORD_01420,998,0.18,1,10,1,1
ORD_01421,1023,0.1,1,1,1,0
ORD_01422,1568,0.29,3,8,1,1
ORD_01423,496,0.13,2,7,1,1
ORD_01424,339,0.22,2,2,0,0
ORD_01425,288,0.23,2,2,1,0
ORD_01426,250,0.0,1,5,0,0
ORD_01427,3445,0.06,2,4,0,0
ORD_01428,275,0.28,3,4,0,0
ORD_01429,557,0.24,1,9,1,1
ORD_01430,533,0.05,1,1,0,0
ORD_01431,850,0.09,2,10,0,0
ORD_01432,1277,0.21,1,9,0,0
ORD_01433,1323,0.31,2,3,0,0
ORD_01434,417,0.05,1,8,0,0
ORD_01435,581,0.02,2,5,1,0
ORD_01436,833,0.04,2,10,0,0
ORD_01437,545,0.04,1,3,0,0
ORD_01438,2406,0.03,1,9,1,0
ORD_01439,985,0.01,1,9,1,0
ORD_01440,1197,0.09,1,8,0,0
ORD_01441,1130,0.37,2,3,1,1
ORD_01442,1700,0.11,1,3,1,1
ORD_01443,768,0.02,2,10,1,0
ORD_01444,250,0.15,2,10,1,0
ORD_01445,915,0.05,1,3,1,0
ORD_01446,395,0.11,2,6,1,1
ORD_01447,435,0.09,2,2,1,0
ORD_01448,1063,0.04,1,9,0,0
ORD_01449,1791,0.07,2,2,1,0
ORD_01450,676,0.4,1,10,1,0
ORD_01451,851,0.13,1,8,1,0
ORD_01452,2596,0.41,1,10,0,0
ORD_01453,806,0.02,1,4,1,1
ORD_01454,5331,0.16,2,4,1,0
ORD_01455,1045,0.17,2,5,1,0
ORD_01456,250,0.27,1,1,1,1
ORD_01457,1215,0.23,2,4,1,1
ORD_01458,902,0.17,2,6,0,0
ORD_01459,1866,0.06,1,10,1,0
ORD_01460,1139,0.11,3,2,0,1
ORD_01461,595,0.2,1,3,1,0
ORD_01462,250,0.45,3,4,0,0
ORD_01463,562,0.67,1,3,1,0
ORD_01464,336,0.05,2,9,0,0
ORD_01465,418,0.04,3,6,0,0
ORD_01466,1065,0.15,2,5,0,0
ORD_01467,2529,0.16,1,5,1,1
ORD_01468,912,0.02,2,2,1,0
ORD_01469,255,0.01,1,9,1,0
ORD_01470,949,0.16,2,2,1,0
ORD_01471,1732,0.15,2,5,1,0
ORD_01472,408,0.12,2,7,0,0
ORD_01473,597,0.02,1,3,1,0
ORD_01474,673,0.24,2,8,1,0
ORD_01475,354,0.2,1,5,1,0
ORD_01476,1117,0.61,1,10,1,1
ORD_01477,603,0.02,2,3,1,0
ORD_01478,930,0.07,2,3,1,1
ORD_01479,327,0.12,2,3,0,0
ORD_01480,468,0.17,1,3,0,0
ORD_01481,1185,0.2,3,4,1,1
ORD_01482,493,0.07,2,10,1,1
ORD_01483,2648,0.4,1,1,1,0
ORD_01484,483,0.2,3,3,1,0
ORD_01485,796,0.13,3,10,1,0
ORD_01486,1402,0.24,1,10,1,1
ORD_01487,250,0.38,2,5,0,0
ORD_01488,250,0.01,2,8,1,1
ORD_01489,250,0.01,1,8,1,1
ORD_01490,1826,0.43,1,9,1,1
ORD_01491,427,0.19,2,9,1,0
ORD_01492,5149,0.04,1,6,0,0
ORD_01493,423,0.08,3,10,1,0
ORD_01494,770,0.27,1,7,0,0
ORD_01495,2284,0.21,3,4,1,1
ORD_01496,3310,0.02,3,3,0,0
ORD_01497,3460,0.13,2,3,0,1
ORD_01498,1748,0.11,1,2,1,0
ORD_01499,1509,0.11,2,8,1,0
ORD_01500,1068,0.1,2,7,1,0
ORD_01501,1239,0.09,2,8,1,1
ORD_01502,427,0.04,1,6,1,1
ORD_01503,345,0.05,3,10,1,0
ORD_01504,663,0.44,1,10,1,0
ORD_01505,580,0.22,2,5,0,1
ORD_01506,462,0.27,3,1,0,0
ORD_01507,1161,0.09,2,8,0,0
ORD_01508,1428,0.06,1,2,0,0
ORD_01509,713,0.12,1,1,1,1
ORD_01510,2169,0.02,2,9,1,0
ORD_01511,266,0.52,1,8,1,0
ORD_01512,569,0.03,1,9,1,0
ORD_01513,374,0.16,1,5,0,1
ORD_01514,250,0.36,2,3,0,1
ORD_01515,622,0.16,1,8,0,0
ORD_01516,603,0.17,3,4,1,0
ORD_01517,2232,0.0,2,1,1,0
ORD_01518,1101,0.09,2,9,0,0
ORD_01519,293,0.16,1,4,1,0
ORD_01520,2931,0.15,3,2,1,0
ORD_01521,1766,0.16,1,10,1,0
ORD_01522,1059,0.04,1,3,0,0
ORD_01523,554,0.23,1,6,0,0
ORD_01524,308,0.22,1,9,1,1
ORD_01525,493,0.02,2,6,1,0
ORD_01526,1589,0.14,2,4,1,0
ORD_01527,3003,0.23,1,1,0,0
ORD_01528,2286,0.12,2,2,1,0
ORD_01529,449,0.15,2,7,0,0
ORD_01530,271,0.05,3,3,1,0
ORD_01531,744,0.11,1,2,0,0
ORD_01532,250,0.36,1,6,0,0
ORD_01533,861,0.03,1,4,1,0
ORD_01534,591,0.02,1,1,1,0
ORD_01535,458,0.14,2,9,1,1
ORD_01536,250,0.01,2,9,1,1
ORD_01537,1003,0.09,1,5,1,0
ORD_01538,434,0.09,2,8,1,0
ORD_01539,260,0.1,1,6,0,0
ORD_01540,250,0.34,1,7,1,0
ORD_01541,650,0.01,1,6,1,0
ORD_01542,2745,0.17,2,7,1,0
ORD_01543,2512,0.01,2,3,0,0
ORD_01544,461,0.03,2,3,0,0
ORD_01545,410,0.18,3,10,0,0
ORD_01546,967,0.02,2,3,0,0
ORD_01547,299,0.0,1,10,1,0
ORD_01548,846,0.11,1,6,1,0
ORD_01549,1227,0.04,3,1,1,0
ORD_01550,1774,0.06,2,9,0,0
ORD_01551,613,0.03,2,9,1,0
ORD_01552,565,0.02,2,4,1,0
ORD_01553,329,0.04,1,2,0,1
ORD_01554,343,0.24,3,7,1,0
ORD_01555,554,0.07,1,7,1,0
ORD_01556,892,0.09,1,6,0,0
ORD_01557,1381,0.12,1,8,0,0
ORD_01558,349,0.06,2,3,1,1
ORD_01559,2195,0.22,2,2,0,0
ORD_01560,535,0.19,2,10,0,1
ORD_01561,653,0.2,2,1,0,0
ORD_01562,365,0.2,2,3,1,0
ORD_01563,250,0.03,1,8,1,0
ORD_01564,1349,0.06,2,8,1,0
ORD_01565,1199,0.15,2,7,1,0
ORD_01566,531,0.02,2,2,1,0
ORD_01567,701,0.17,2,3,1,0
ORD_01568,1005,0.33,2,7,0,0
ORD_01569,250,0.47,1,8,1,0
ORD_01570,435,0.15,2,9,0,0
ORD_01571,1255,0.26,1,6,1,1
ORD_01572,250,0.13,2,10,1,1
ORD_01573,841,0.07,2,3,0,1
ORD_01574,250,0.06,1,9,1,1
ORD_01575,965,0.21,2,5,0,0
ORD_01576,646,0.02,3,4,1,1
ORD_01577,250,0.27,1,9,1,0
ORD_01578,1688,0.07,3,10,1,0
ORD_01579,369,0.21,3,2,1,1
ORD_01580,347,0.13,2,10,0,0
ORD_01581,780,0.09,3,4,1,1
ORD_01582,1667,0.19,2,6,1,0
ORD_01583,295,0.06,2,6,1,0
ORD_01584,698,0.03,3,10,1,0
ORD_01585,937,0.02,1,5,0,0
ORD_01586,1158,0.01,1,10,1,0
ORD_01587,765,0.29,1,7,1,1
ORD_01588,495,0.1,2,5,1,0
ORD_01589,343,0.21,1,6,0,0
ORD_01590,712,0.15,1,1,1,0
ORD_01591,282,0.02,3,8,1,0
ORD_01592,250,0.09,2,5,0,0
ORD_01593,943,0.01,2,5,0,0
ORD_01594,1370,0.06,1,10,0,0
ORD_01595,250,0.03,1,6,1,0
ORD_01596,296,0.24,1,6,0,0
ORD_01597,1091,0.1,2,8,1,0
ORD_01598,3449,0.27,2,4,1,1
ORD_01599,676,0.1,2,4,1,0
ORD_01600,371,0.15,1,3,1,0
ORD_01601,574,0.18,3,9,0,0
ORD_01602,1997,0.11,1,8,1,1
ORD_01603,396,0.01,1,5,1,0
ORD_01604,350,0.07,3,8,0,1
ORD_01605,452,0.01,1,6,1,0
ORD_01606,310,0.13,2,5,1,1
ORD_01607,733,0.38,1,9,1,0
ORD_01608,2439,0.02,1,9,1,0
ORD_01609,861,0.01,2,8,1,0
ORD_01610,543,0.07,1,10,1,0
ORD_01611,526,0.1,1,3,1,0
ORD_01612,250,0.12,2,9,1,0
ORD_01613,1348,0.51,1,6,0,0
ORD_01614,624,0.28,3,9,0,0
ORD_01615,575,0.03,3,1,0,0
ORD_01616,8556,0.18,2,1,0,0
ORD_01617,844,0.15,1,6,1,1
ORD_01618,364,0.07,2,4,0,1
ORD_01619,472,0.35,2,5,0,0
ORD_01620,1666,0.21,1,5,0,0
ORD_01621,728,0.22,1,3,1,0
ORD_01622,250,0.09,3,9,0,0
ORD_01623,1387,0.07,2,1,1,0
ORD_01624,389,0.23,2,6,0,0
ORD_01625,2976,0.18,1,2,1,0
ORD_01626,1578,0.18,2,2,0,0
ORD_01627,465,0.07,1,9,0,0
ORD_01628,1853,0.17,3,10,0,0
ORD_01629,702,0.07,1,2,1,0
ORD_01630,1315,0.09,3,9,1,0
ORD_01631,980,0.07,1,8,1,0
ORD_01632,337,0.0,2,7,1,0
ORD_01633,397,0.02,3,8,0,0
ORD_01634,1516,0.02,1,9,1,1
ORD_01635,508,0.49,1,10,1,0
ORD_01636,481,0.03,3,9,0,0
ORD_01637,309,0.34,1,3,1,0
ORD_01638,933,0.12,2,10,0,0
ORD_01639,3463,0.21,1,1,1,0
ORD_01640,283,0.01,2,8,0,0
ORD_01641,678,0.03,1,10,0,0
ORD_01642,2058,0.26,2,4,1,1
ORD_01643,624,0.1,1,5,0,0
ORD_01644,955,0.54,2,6,1,0
ORD_01645,284,0.02,1,6,1,0
ORD_01646,936,0.02,2,7,0,0
ORD_01647,572,0.08,1,10,1,0
ORD_01648,1463,0.07,1,3,1,0
ORD_01649,1719,0.03,2,2,1,0
ORD_01650,5279,0.22,1,9,1,1
ORD_01651,1057,0.02,3,2,1,1
ORD_01652,863,0.08,2,9,1,0
ORD_01653,777,0.17,2,10,0,0
ORD_01654,501,0.19,1,4,1,1
ORD_01655,871,0.06,2,1,1,0
ORD_01656,525,0.15,1,3,1,0
ORD_01657,761,0.24,3,10,1,1
ORD_01658,1908,0.14,1,2,1,0
ORD_01659,297,0.29,1,4,0,1
ORD_01660,1655,0.06,1,2,1,0
ORD_01661,1907,0.21,3,10,1,1
ORD_01662,605,0.19,2,6,1,0
ORD_01663,250,0.1,1,10,1,0
ORD_01664,409,0.07,3,1,1,1
ORD_01665,1877,0.03,1,5,1,0
ORD_01666,653,0.08,2,9,1,0
ORD_01667,299,0.12,2,1,1,0
ORD_01668,444,0.14,3,4,0,0
ORD_01669,1303,0.58,1,2,1,1
ORD_01670,1030,0.15,2,2,1,0
ORD_01671,549,0.04,2,5,0,0
ORD_01672,495,0.14,1,2,0,0
ORD_01673,486,0.33,1,5,1,0
ORD_01674,318,0.02,2,1,1,0
ORD_01675,2421,0.03,2,5,0,0
ORD_01676,513,0.03,2,3,1,0
ORD_01677,1761,0.08,1,2,1,0
ORD_01678,2246,0.15,1,4,1,1
ORD_01679,1478,0.23,2,1,1,0
ORD_01680,470,0.25,2,3,1,1
ORD_01681,918,0.03,3,1,1,0
ORD_01682,652,0.11,2,8,1,0
ORD_01683,322,0.03,2,5,0,0
ORD_01684,862,0.15,1,1,1,0
ORD_01685,258,0.02,1,2,1,1
ORD_01686,1720,0.22,2,9,0,0
ORD_01687,458,0.02,1,7,1,1
ORD_01688,781,0.02,3,3,1,0
ORD_01689,834,0.07,3,1,0,1
ORD_01690,540,0.15,2,2,0,1
ORD_01691,1063,0.0,1,7,0,0
ORD_01692,454,0.02,2,8,0,0
ORD_01693,1335,0.03,2,5,0,0
ORD_01694,250,0.2,2,4,0,0
ORD_01695,735,0.17,1,10,1,0
ORD_01696,3137,0.12,3,4,1,1
ORD_01697,298,0.01,2,5,1,0
ORD_01698,386,0.13,1,7,0,0
ORD_01699,1003,0.03,1,7,0,0
ORD_01700,767,0.13,2,4,1,0
ORD_01701,880,0.23,1,1,0,0
ORD_01702,983,0.01,1,5,1,1
ORD_01703,1105,0.39,1,7,1,0
ORD_01704,1616,0.27,3,4,1,1
ORD_01705,923,0.02,1,7,0,0
ORD_01706,548,0.31,1,8,1,0
ORD_01707,1139,0.01,1,2,1,0
ORD_01708,3040,0.02,2,2,0,0
ORD_01709,598,0.09,2,5,1,0
ORD_01710,305,0.05,3,3,0,0
ORD_01711,1612,0.08,2,4,1,1
ORD_01712,604,0.24,2,1,0,1
ORD_01713,250,0.01,2,4,1,1
ORD_01714,1310,0.26,2,4,0,0
ORD_01715,433,0.04,1,4,1,0
ORD_01716,618,0.04,2,3,0,0
ORD_01717,867,0.46,1,2,0,0
ORD_01718,774,0.08,3,4,1,0
ORD_01719,1173,0.24,2,8,1,1
ORD_01720,469,0.23,2,3,1,0
ORD_01721,1002,0.22,2,6,1,0
ORD_01722,540,0.12,2,2,1,1
ORD_01723,1201,0.45,2,1,0,1
ORD_01724,1088,0.28,2,7,0,0
ORD_01725,314,0.02,1,6,1,0
ORD_01726,1585,0.03,1,10,1,0
ORD_01727,433,0.0,1,4,1,0
ORD_01728,1269,0.04,1,7,0,0
ORD_01729,892,0.46,3,6,0,0
ORD_01730,2894,0.25,2,2,1,0
ORD_01731,556,0.08,1,4,1,0
ORD_01732,502,0.01,1,9,0,0
ORD_01733,654,0.64,2,8,1,0
ORD_01734,521,0.09,2,6,0,0
ORD_01735,1261,0.25,2,1,1,0
ORD_01736,250,0.04,2,7,1,0
ORD_01737,286,0.04,3,1,1,1
ORD_01738,283,0.16,1,8,1,1
ORD_01739,1422,0.2,1,3,1,0
ORD_01740,2613,0.01,3,9,0,0
ORD_01741,611,0.31,1,5,1,1
ORD_01742,581,0.07,1,6,0,0
ORD_01743,703,0.35,1,4,1,1
ORD_01744,1684,0.17,2,6,0,0
ORD_01745,316,0.12,1,9,1,0
ORD_01746,804,0.06,3,7,0,0
ORD_01747,1451,0.24,3,2,0,0
ORD_01748,993,0.5,3,6,0,0
ORD_01749,774,0.0,1,9,1,0
ORD_01750,1481,0.05,3,8,1,1
ORD_01751,250,0.11,2,1,0,0
ORD_01752,1144,0.28,1,5,0,0
ORD_01753,394,0.21,1,6,1,1
ORD_01754,250,0.05,2,9,0,1
ORD_01755,1001,0.01,2,4,1,0
ORD_01756,1996,0.21,1,1,1,0
ORD_01757,595,0.05,2,6,0,0
ORD_01758,1425,0.01,3,9,0,0
ORD_01759,2415,0.16,1,6,0,0
ORD_01760,1904,0.19,1,7,1,0
ORD_01761,2469,0.07,3,10,1,0
ORD_01762,1204,0.18,1,4,1,0
ORD_01763,706,0.18,3,2,1,0
ORD_01764,250,0.08,2,3,0,0
ORD_01765,546,0.07,1,1,1,0
ORD_01766,338,0.02,1,2,0,0
ORD_01767,3777,0.15,1,7,1,1
ORD_01768,577,0.12,1,9,0,0
ORD_01769,734,0.1,2,9,0,0
ORD_01770,1033,0.25,2,9,1,0
ORD_01771,688,0.13,2,1,0,0
ORD_01772,2581,0.01,2,7,1,0
ORD_01773,404,0.09,2,7,1,1
ORD_01774,777,0.24,3,9,1,0
ORD_01775,367,0.3,2,9,1,1
ORD_01776,250,0.02,3,1,0,0
ORD_01777,407,0.1,1,10,0,0
ORD_01778,645,0.04,2,5,1,1
ORD_01779,471,0.13,2,2,1,0
ORD_01780,382,0.09,3,6,1,0
ORD_01781,250,0.28,2,2,1,0
ORD_01782,622,0.06,1,6,1,0
ORD_01783,250,0.21,1,7,0,0
ORD_01784,1221,0.05,1,6,1,1
ORD_01785,710,0.07,1,1,1,0
ORD_01786,250,0.29,2,4,1,1
ORD_01787,519,0.12,3,3,1,0
ORD_01788,364,0.12,1,5,1,1
ORD_01789,858,0.14,1,7,1,0
ORD_01790,1943,0.06,3,3,0,0
ORD_01791,250,0.08,1,1,0,0
ORD_01792,729,0.06,3,9,1,0
ORD_01793,585,0.22,1,6,1,0
ORD_01794,1138,0.11,2,6,1,0
ORD_01795,788,0.23,1,4,0,0
ORD_01796,364,0.3,3,1,0,0
ORD_01797,515,0.13,3,9,0,0
ORD_01798,351,0.04,3,10,1,0
ORD_01799,1573,0.27,1,7,1,1
ORD_01800,676,0.43,3,10,1,0
ORD_01801,3044,0.09,3,7,0,0
ORD_01802,633,0.11,2,7,1,0
ORD_01803,377,0.06,2,7,1,0
ORD_01804,250,0.21,3,8,1,1
ORD_01805,250,0.08,2,8,1,0
ORD_01806,250,0.44,1,3,0,0
ORD_01807,823,0.18,3,8,1,0
ORD_01808,999,0.11,2,4,1,0
ORD_01809,250,0.21,3,7,1,0
ORD_01810,1361,0.04,2,5,1,1
ORD_01811,451,0.09,1,4,0,0
ORD_01812,748,0.09,2,4,0,0
ORD_01813,2415,0.2,2,6,1,0
ORD_01814,1363,0.08,1,2,1,0
ORD_01815,536,0.07,2,5,1,0
ORD_01816,326,0.27,1,8,0,0
ORD_01817,250,0.28,2,2,0,1
ORD_01818,374,0.12,3,5,0,0
ORD_01819,561,0.31,2,7,1,0
ORD_01820,301,0.28,2,5,0,0
ORD_01821,598,0.32,1,10,0,0
ORD_01822,707,0.41,2,9,1,0
ORD_01823,555,0.12,2,9,1,0
ORD_01824,395,0.26,2,8,1,1
ORD_01825,761,0.15,3,9,0,0
ORD_01826,947,0.02,2,2,0,0
ORD_01827,278,0.06,3,3,0,0
ORD_01828,2056,0.17,3,4,1,0
ORD_01829,614,0.04,1,5,1,1
ORD_01830,675,0.05,2,10,1,1
ORD_01831,1172,0.33,3,2,1,1
ORD_01832,801,0.18,3,10,1,0
ORD_01833,1425,0.27,1,4,1,0
ORD_01834,836,0.08,2,4,1,0
ORD_01835,407,0.17,2,5,0,0
ORD_01836,888,0.2,1,6,0,0
ORD_01837,266,0.31,3,1,1,1
ORD_01838,725,0.22,3,6,1,0
ORD_01839,647,0.42,2,9,1,1
ORD_01840,563,0.24,1,3,1,0
ORD_01841,600,0.05,3,2,1,1
ORD_01842,250,0.19,2,8,1,0
ORD_01843,428,0.48,1,2,0,0
ORD_01844,716,0.25,1,8,0,0
ORD_01845,755,0.16,1,10,1,0
ORD_01846,292,0.03,2,4,1,0
ORD_01847,1830,0.04,1,9,0,0
ORD_01848,332,0.32,1,4,0,0
ORD_01849,1444,0.28,3,1,1,0
ORD_01850,936,0.05,3,8,1,0
ORD_01851,396,0.18,1,1,0,0
ORD_01852,2752,0.09,1,5,0,1
ORD_01853,255,0.28,2,7,1,0
ORD_01854,1387,0.37,1,3,1,0
ORD_01855,1480,0.2,1,6,1,0
ORD_01856,388,0.16,1,1,1,0
ORD_01857,2026,0.19,3,6,1,0
ORD_01858,544,0.36,3,5,0,0
ORD_01859,837,0.38,3,2,1,0
ORD_01860,819,0.29,2,4,0,0
ORD_01861,597,0.09,2,7,1,1
ORD_01862,1272,0.2,2,6,1,0
ORD_01863,1254,0.01,2,10,1,1
ORD_01864,250,0.02,2,6,1,0
ORD_01865,1888,0.02,2,9,1,0
ORD_01866,250,0.04,1,2,1,1
ORD_01867,1519,0.15,1,1,0,0
ORD_01868,1638,0.21,3,2,1,0
ORD_01869,277,0.09,1,3,1,0
ORD_01870,478,0.21,1,9,1,0
ORD_01871,274,0.08,2,10,0,0
ORD_01872,560,0.05,1,9,1,0
ORD_01873,519,0.2,1,5,0,0
ORD_01874,1241,0.16,1,7,0,0
ORD_01875,1897,0.31,2,3,0,0
ORD_01876,2031,0.47,1,10,1,1
ORD_01877,424,0.27,2,2,1,0
ORD_01878,562,0.04,1,6,1,0
ORD_01879,250,0.18,1,6,0,0
ORD_01880,349,0.11,3,5,1,0
ORD_01881,1439,0.28,2,1,1,0
ORD_01882,2422,0.51,2,10,0,0
ORD_01883,250,0.09,1,2,0,0
ORD_01884,414,0.05,1,7,1,0
ORD_01885,651,0.15,3,10,1,0
ORD_01886,832,0.02,1,2,0,0
ORD_01887,348,0.26,3,5,0,0
ORD_01888,933,0.12,2,10,0,0
ORD_01889,455,0.05,2,4,1,0
ORD_01890,657,0.11,2,10,1,0
ORD_01891,1029,0.07,2,1,1,0
ORD_01892,668,0.37,1,5,0,0
ORD_01893,469,0.12,2,1,1,0
ORD_01894,609,0.16,3,3,1,0
ORD_01895,619,0.13,1,9,1,0
ORD_01896,494,0.56,1,7,1,1
ORD_01897,540,0.01,1,2,1,0
ORD_01898,2389,0.07,2,5,1,0
ORD_01899,1041,0.08,1,4,1,0
ORD_01900,525,0.18,3,7,1,0
ORD_01901,1161,0.2,2,4,0,0
ORD_01902,509,0.3,3,9,1,0
ORD_01903,1700,0.02,3,3,1,1
ORD_01904,894,0.31,1,6,1,1
ORD_01905,610,0.18,1,5,1,0
ORD_01906,951,0.1,3,10,1,0
ORD_01907,250,0.24,2,8,1,1
ORD_01908,270,0.16,1,1,1,0
ORD_01909,255,0.03,3,10,0,0
ORD_01910,745,0.06,2,2,0,0
ORD_01911,2659,0.05,1,7,1,0
ORD_01912,3964,0.2,2,1,1,0
ORD_01913,1108,0.18,3,5,1,0
ORD_01914,992,0.18,1,8,0,0
ORD_01915,250,0.0,1,10,1,0
ORD_01916,430,0.26,1,5,1,1
ORD_01917,354,0.22,3,5,1,0
ORD_01918,404,0.04,2,9,1,0
ORD_01919,581,0.0,2,5,1,1
ORD_01920,455,0.16,2,1,0,0
ORD_01921,250,0.29,1,3,0,0
ORD_01922,1209,0.04,2,5,0,0
ORD_01923,281,0.1,3,8,1,0
ORD_01924,805,0.02,2,10,1,0
ORD_01925,3495,0.01,3,2,1,0
ORD_01926,318,0.09,2,4,1,0
ORD_01927,250,0.3,1,4,0,0
ORD_01928,529,0.22,2,3,0,0
ORD_01929,1604,0.22,1,6,0,0
ORD_01930,3186,0.0,2,10,0,0
ORD_01931,250,0.05,2,2,0,0
ORD_01932,989,0.07,3,3,1,1
ORD_01933,458,0.0,1,2,1,1
ORD_01934,611,0.06,3,10,1,1
ORD_01935,5516,0.05,3,8,1,0
ORD_01936,250,0.17,1,2,1,0
ORD_01937,814,0.0,3,5,1,0
ORD_01938,966,0.32,1,4,1,0
ORD_01939,1585,0.01,1,1,1,0
ORD_01940,719,0.23,3,7,0,0
ORD_01941,851,0.08,1,6,1,1
ORD_01942,486,0.05,2,10,0,1
ORD_01943,824,0.1,2,1,1,0
ORD_01944,505,0.05,1,9,1,0
ORD_01945,1093,0.03,2,4,0,0
ORD_01946,494,0.16,1,1,1,1
ORD_01947,899,0.23,1,8,1,0
ORD_01948,649,0.12,3,1,1,1
ORD_01949,1637,0.17,3,2,0,0
ORD_01950,638,0.09,2,5,0,0
ORD_01951,250,0.12,1,1,1,0
ORD_01952,1825,0.3,2,1,0,0
ORD_01953,322,0.04,3,6,1,0
ORD_01954,394,0.01,1,1,1,1
ORD_01955,413,0.07,1,5,0,0
ORD_01956,1997,0.1,3,10,1,1
ORD_01957,250,0.09,2,5,0,1
ORD_01958,8186,0.22,1,2,1,0
ORD_01959,1548,0.06,1,3,0,0
ORD_01960,795,0.05,3,3,1,0
ORD_01961,636,0.24,2,3,0,0
ORD_01962,835,0.12,1,3,1,0
ORD_01963,1009,0.02,3,4,1,1
ORD_01964,1114,0.16,3,10,1,0
ORD_01965,1037,0.05,1,1,1,0
ORD_01966,714,0.08,2,4,1,0
ORD_01967,568,0.06,1,4,1,0
ORD_01968,589,0.15,2,8,1,1
ORD_01969,569,0.2,1,4,1,0
ORD_01970,1647,0.07,1,5,1,0
ORD_01971,1069,0.09,2,4,1,0
ORD_01972,250,0.1,2,5,0,0
ORD_01973,1124,0.12,1,3,1,0
ORD_01974,777,0.05,1,3,0,0
ORD_01975,655,0.11,3,8,1,0
ORD_01976,487,0.63,1,1,1,1
ORD_01977,1634,0.38,2,3,1,1
ORD_01978,1419,0.11,1,2,0,0
ORD_01979,358,0.06,2,10,1,0
ORD_01980,921,0.0,1,6,1,0
ORD_01981,305,0.47,1,8,1,1
ORD_01982,250,0.49,2,6,1,0
ORD_01983,402,0.02,1,4,0,0
ORD_01984,1325,0.11,2,3,0,0
ORD_01985,1425,0.42,1,4,0,0
ORD_01986,1002,0.46,1,8,1,0
ORD_01987,1188,0.13,2,9,0,0
ORD_01988,1005,0.28,1,8,1,0
ORD_01989,398,0.15,1,9,1,0
ORD_01990,939,0.16,1,8,1,0
ORD_01991,1261,0.31,1,5,0,1
ORD_01992,1216,0.0,1,5,1,1
ORD_01993,1721,0.18,1,1,1,0
ORD_01994,1172,0.05,1,8,1,0
ORD_01995,881,0.02,3,2,0,0
ORD_01996,1565,0.03,1,6,1,0
ORD_01997,651,0.06,3,6,1,0
ORD_01998,328,0.07,3,10,0,0
ORD_01999,583,0.01,1,4,0,0
ORD_02000,366,0.46,1,9,1,0
ORD_02001,387,0.02,1,3,1,0
ORD_02002,592,0.27,2,8,0,1
ORD_02003,352,0.15,2,2,1,0
ORD_02004,519,0.18,2,5,0,0
ORD_02005,250,0.19,2,6,0,1
ORD_02006,788,0.11,1,2,1,0
ORD_02007,665,0.15,3,7,1,0
ORD_02008,345,0.09,1,5,1,0
ORD_02009,1127,0.2,3,10,1,1
ORD_02010,1408,0.04,1,4,1,0
ORD_02011,250,0.08,1,4,0,0
ORD_02012,361,0.08,3,2,1,1
ORD_02013,359,0.06,2,9,1,0
ORD_02014,313,0.02,2,1,1,0
ORD_02015,1291,0.12,2,1,1,0
ORD_02016,569,0.09,3,4,0,1
ORD_02017,538,0.09,3,3,1,0
ORD_02018,250,0.23,2,9,0,0
ORD_02019,1105,0.06,1,7,1,0
ORD_02020,250,0.14,2,2,1,0
ORD_02021,697,0.0,3,4,1,0
ORD_02022,830,0.22,2,5,0,0
ORD_02023,1975,0.05,3,10,1,1
ORD_02024,250,0.05,1,4,1,0
ORD_02025,250,0.37,3,4,1,1
ORD_02026,770,0.07,1,4,1,0
ORD_02027,2808,0.11,1,8,1,0
ORD_02028,1792,0.05,2,7,1,0
ORD_02029,786,0.09,2,4,1,0
ORD_02030,448,0.09,1,1,1,1
ORD_02031,1268,0.06,3,6,1,1
ORD_02032,305,0.02,3,5,1,0
ORD_02033,973,0.37,2,5,1,1
ORD_02034,996,0.06,1,6,1,0
ORD_02035,1553,0.08,1,8,0,0
ORD_02036,6049,0.21,2,6,1,0
ORD_02037,910,0.03,2,6,0,0
ORD_02038,442,0.27,1,7,0,0
ORD_02039,651,0.09,2,8,0,0
ORD_02040,250,0.15,2,4,1,1
ORD_02041,381,0.03,2,7,0,0
ORD_02042,479,0.25,2,8,1,1
ORD_02043,437,0.12,2,6,1,1
ORD_02044,751,0.08,1,9,1,0
ORD_02045,344,0.35,1,6,1,0
ORD_02046,1630,0.12,3,4,0,0
ORD_02047,665,0.09,1,6,1,1
ORD_02048,660,0.02,3,2,0,0
ORD_02049,511,0.03,1,8,0,0
ORD_02050,753,0.04,2,6,1,0
ORD_02051,1287,0.12,1,4,0,0
ORD_02052,332,0.06,3,7,1,0
ORD_02053,392,0.02,3,8,1,0
ORD_02054,521,0.23,1,3,1,0
ORD_02055,250,0.21,1,10,0,0
ORD_02056,345,0.09,2,3,1,1
ORD_02057,454,0.03,3,10,1,0
ORD_02058,1338,0.05,2,3,1,0
ORD_02059,820,0.07,3,3,1,1
ORD_02060,776,0.12,1,2,0,1
ORD_02061,1313,0.04,2,5,1,0
ORD_02062,595,0.47,2,6,1,1
ORD_02063,909,0.3,1,1,1,0
ORD_02064,612,0.46,2,6,1,0
ORD_02065,822,0.13,3,7,0,0
ORD_02066,417,0.13,3,2,1,1
ORD_02067,250,0.06,1,1,1,0
ORD_02068,597,0.4,1,7,1,0
ORD_02069,2076,0.12,2,6,0,1
ORD_02070,1395,0.04,1,3,0,0
ORD_02071,1439,0.36,3,2,0,0
ORD_02072,1788,0.11,1,2,1,0
ORD_02073,714,0.12,2,2,1,1
ORD_02074,778,0.23,1,8,0,0
ORD_02075,405,0.27,2,1,1,0
ORD_02076,516,0.03,1,3,1,0
ORD_02077,1088,0.41,1,8,1,0
ORD_02078,1742,0.53,2,6,1,1
ORD_02079,594,0.1,2,7,1,0
ORD_02080,463,0.15,2,2,1,0
ORD_02081,665,0.22,1,9,1,0
ORD_02082,1075,0.18,1,7,1,0
ORD_02083,250,0.3,2,3,0,0
ORD_02084,250,0.05,3,9,1,0
ORD_02085,428,0.07,1,3,0,0
ORD_02086,250,0.01,1,10,1,0
ORD_02087,442,0.06,1,8,1,0
ORD_02088,590,0.14,1,7,1,0
ORD_02089,462,0.05,1,3,1,1
ORD_02090,2125,0.27,2,5,0,0
ORD_02091,863,0.01,3,7,1,1
ORD_02092,845,0.11,1,3,1,1
ORD_02093,1094,0.22,2,2,1,1
ORD_02094,267,0.07,2,9,1,1
ORD_02095,1527,0.37,3,2,1,0
ORD_02096,626,0.05,2,3,0,0
ORD_02097,1137,0.09,3,1,0,0
ORD_02098,282,0.19,2,1,1,0
ORD_02099,250,0.01,3,1,1,1
ORD_02100,1279,0.18,1,10,1,0
ORD_02101,898,0.18,1,3,1,1
ORD_02102,323,0.04,3,6,1,0
ORD_02103,331,0.05,2,10,0,0
ORD_02104,1636,0.21,1,3,1,1
ORD_02105,256,0.27,3,4,1,1
ORD_02106,2475,0.03,1,2,0,0
ORD_02107,323,0.11,1,7,1,0
ORD_02108,1108,0.16,2,4,0,1
ORD_02109,511,0.15,2,1,0,0
ORD_02110,1077,0.04,2,4,1,0
ORD_02111,430,0.16,1,4,1,0
ORD_02112,583,0.18,3,3,0,0
ORD_02113,687,0.23,3,8,0,1
ORD_02114,298,0.0,1,7,0,0
ORD_02115,1203,0.16,1,10,0,0
ORD_02116,441,0.01,1,10,1,1
ORD_02117,553,0.18,3,3,0,1
ORD_02118,300,0.02,3,4,0,1
ORD_02119,250,0.2,2,8,1,1
ORD_02120,570,0.25,3,10,0,0
ORD_02121,4582,0.49,2,3,1,0
ORD_02122,1245,0.23,2,5,1,1
ORD_02123,654,0.01,1,5,0,0
ORD_02124,538,0.2,1,5,1,0
ORD_02125,677,0.03,1,5,1,0
ORD_02126,1030,0.05,2,9,1,0
ORD_02127,258,0.63,1,10,1,1
ORD_02128,1622,0.02,1,5,1,0
ORD_02129,1178,0.07,1,9,1,0
ORD_02130,1181,0.13,2,9,0,0
ORD_02131,944,0.0,3,10,0,0
ORD_02132,675,0.19,3,4,1,1
ORD_02133,1139,0.07,2,9,1,0
ORD_02134,1067,0.18,2,2,0,0
ORD_02135,501,0.12,2,3,1,0
ORD_02136,420,0.36,1,1,1,0
ORD_02137,721,0.08,1,7,0,0
ORD_02138,2296,0.06,1,10,1,0
ORD_02139,250,0.08,2,9,1,0
ORD_02140,250,0.3,1,3,0,0
ORD_02141,758,0.35,2,8,1,0
ORD_02142,692,0.01,1,1,0,0
ORD_02143,764,0.58,1,6,0,0
ORD_02144,808,0.18,3,6,1,1
ORD_02145,556,0.26,1,5,1,1
ORD_02146,2190,0.13,2,4,1,0
ORD_02147,250,0.15,1,3,1,0
ORD_02148,342,0.0,1,4,1,0
ORD_02149,612,0.43,2,7,0,0
ORD_02150,250,0.05,2,7,0,0
ORD_02151,577,0.03,1,3,0,0
ORD_02152,2512,0.09,3,10,1,0
ORD_02153,676,0.13,2,3,0,0
ORD_02154,799,0.1,1,3,1,0
ORD_02155,250,0.11,1,5,1,1
ORD_02156,406,0.21,2,1,0,0
ORD_02157,492,0.34,2,10,1,1
ORD_02158,515,0.07,1,7,0,0
ORD_02159,1854,0.15,1,8,1,0
ORD_02160,1039,0.04,1,7,0,0
ORD_02161,273,0.26,1,8,1,0
ORD_02162,810,0.39,1,9,1,1
ORD_02163,990,0.07,3,4,0,0
ORD_02164,1655,0.22,2,3,1,1
ORD_02165,2355,0.16,2,7,1,0
ORD_02166,295,0.25,1,9,1,0
ORD_02167,347,0.21,1,9,1,1
ORD_02168,250,0.13,1,8,1,0
ORD_02169,551,0.17,2,3,0,0
ORD_02170,965,0.49,1,6,0,0
ORD_02171,1465,0.18,1,2,1,1
ORD_02172,625,0.02,1,6,1,0
ORD_02173,514,0.0,3,5,1,1
ORD_02174,751,0.02,2,4,1,0
ORD_02175,341,0.04,1,3,0,0
ORD_02176,3539,0.03,2,8,1,0
ORD_02177,250,0.28,2,10,1,1
ORD_02178,771,0.1,1,6,0,0
ORD_02179,3357,0.19,1,9,0,0
ORD_02180,668,0.07,3,3,1,0
ORD_02181,571,0.03,1,5,1,0
ORD_02182,499,0.62,3,4,1,0
ORD_02183,575,0.17,1,6,0,0
ORD_02184,1994,0.55,2,2,1,1
ORD_02185,250,0.14,1,6,1,0
ORD_02186,2268,0.16,2,3,1,0
ORD_02187,250,0.03,3,8,1,0
ORD_02188,537,0.23,2,10,1,0
ORD_02189,471,0.1,1,10,1,0
ORD_02190,1065,0.33,1,6,0,0
ORD_02191,250,0.11,3,8,0,0
ORD_02192,962,0.02,2,7,1,0
ORD_02193,3359,0.06,1,6,1,0
ORD_02194,250,0.08,3,9,1,0
ORD_02195,774,0.14,2,9,1,0
ORD_02196,391,0.34,1,10,1,0
ORD_02197,935,0.38,2,10,0,0
ORD_02198,675,0.17,2,4,1,0
ORD_02199,398,0.22,3,8,1,1
ORD_02200,982,0.01,1,3,1,0
ORD_02201,2817,0.43,3,5,1,0
ORD_02202,570,0.03,3,3,0,0
ORD_02203,1182,0.06,2,10,1,0
ORD_02204,250,0.4,1,4,0,0
ORD_02205,309,0.03,3,5,0,0
ORD_02206,970,0.08,2,8,0,0
ORD_02207,2180,0.16,3,10,1,0
ORD_02208,884,0.17,1,8,0,0
ORD_02209,517,0.06,3,3,0,1
ORD_02210,664,0.13,3,8,1,0
ORD_02211,250,0.0,3,10,1,0
ORD_02212,1078,0.3,1,4,1,0
ORD_02213,1347,0.37,2,2,0,1
ORD_02214,463,0.15,1,3,1,0
ORD_02215,456,0.04,1,8,0,0
ORD_02216,822,0.01,1,5,1,0
ORD_02217,469,0.34,3,2,1,1
ORD_02218,630,0.36,2,7,0,1
ORD_02219,3568,0.08,1,5,1,0
ORD_02220,545,0.21,3,6,1,1
ORD_02221,499,0.21,2,2,0,1
ORD_02222,396,0.05,3,7,1,0
ORD_02223,1206,0.06,3,1,0,0
ORD_02224,575,0.12,2,10,0,0
ORD_02225,395,0.11,1,10,1,0
ORD_02226,1914,0.19,3,5,1,1
ORD_02227,2070,0.03,1,9,1,0
ORD_02228,411,0.2,2,7,1,0
ORD_02229,250,0.01,3,9,0,0
ORD_02230,1489,0.19,1,9,1,0
ORD_02231,384,0.03,2,1,1,1
ORD_02232,1252,0.01,1,8,0,0
ORD_02233,250,0.06,1,7,0,0
ORD_02234,1358,0.01,1,2,0,1
ORD_02235,252,0.08,3,3,0,1
ORD_02236,1193,0.05,1,6,0,0
ORD_02237,672,0.37,3,3,1,1
ORD_02238,310,0.11,2,8,0,0
ORD_02239,480,0.5,2,4,1,1
ORD_02240,1151,0.11,3,7,1,0
ORD_02241,723,0.09,2,4,1,0
ORD_02242,1061,0.33,1,2,1,1
ORD_02243,3232,0.02,1,7,1,1
ORD_02244,250,0.2,2,8,1,0
ORD_02245,2425,0.09,2,1,1,0
ORD_02246,723,0.1,1,5,1,1
ORD_02247,324,0.13,2,10,0,0
ORD_02248,250,0.11,2,8,1,1
ORD_02249,571,0.07,3,1,1,1
ORD_02250,1390,0.28,2,3,0,0
ORD_02251,600,0.04,3,2,1,1
ORD_02252,2228,0.43,2,3,1,1
ORD_02253,250,0.12,3,3,1,1
ORD_02254,658,0.11,2,3,0,1
ORD_02255,250,0.25,2,1,1,1
ORD_02256,889,0.01,1,3,1,0
ORD_02257,1352,0.09,2,2,1,1
ORD_02258,475,0.12,3,9,1,0
ORD_02259,250,0.09,1,10,1,0
ORD_02260,779,0.17,1,8,1,0
ORD_02261,943,0.01,3,6,1,0
ORD_02262,919,0.22,2,7,0,0
ORD_02263,1787,0.23,1,1,1,1
ORD_02264,282,0.25,2,7,0,1
ORD_02265,1146,0.32,2,8,1,0
ORD_02266,1726,0.03,2,8,1,0
ORD_02267,250,0.08,3,6,1,0
ORD_02268,858,0.07,1,7,1,0
ORD_02269,444,0.03,2,2,1,0
ORD_02270,623,0.29,3,4,1,1
ORD_02271,878,0.09,3,8,1,0
ORD_02272,450,0.2,1,4,1,1
ORD_02273,387,0.48,1,8,1,1
ORD_02274,683,0.37,2,10,1,0
ORD_02275,278,0.05,3,4,0,0
ORD_02276,279,0.1,2,9,0,1
ORD_02277,1145,0.03,2,1,1,0
ORD_02278,265,0.01,3,6,1,1
ORD_02279,1133,0.23,2,1,0,0
ORD_02280,963,0.07,3,6,1,1
ORD_02281,250,0.24,3,4,1,0
ORD_02282,386,0.56,3,8,1,1
ORD_02283,1728,0.16,3,8,1,0
ORD_02284,303,0.02,2,9,0,0
ORD_02285,458,0.03,1,7,0,0
ORD_02286,962,0.23,2,8,0,0
ORD_02287,1244,0.19,3,3,1,1
ORD_02288,543,0.11,3,10,1,0
ORD_02289,412,0.04,1,4,0,0
ORD_02290,2075,0.25,1,4,0,0
ORD_02291,2673,0.3,2,6,1,1
ORD_02292,1455,0.02,2,7,1,0
ORD_02293,712,0.34,1,9,1,1
ORD_02294,348,0.43,2,10,0,0
ORD_02295,342,0.13,1,6,1,1
ORD_02296,1010,0.39,2,2,1,0
ORD_02297,929,0.17,1,10,0,0
ORD_02298,2041,0.11,3,10,1,1
ORD_02299,1119,0.01,2,7,0,0
ORD_02300,250,0.2,1,10,1,0
ORD_02301,1543,0.11,2,9,1,0
ORD_02302,299,0.14,1,8,1,1
ORD_02303,489,0.07,3,4,1,0
ORD_02304,812,0.15,2,2,1,0
ORD_02305,3283,0.04,2,8,1,0
ORD_02306,8005,0.05,1,6,1,0
ORD_02307,1080,0.2,1,8,0,0
ORD_02308,574,0.35,2,9,0,1
ORD_02309,1020,0.07,1,3,1,0
ORD_02310,1353,0.09,2,8,1,0
ORD_02311,514,0.05,2,10,0,0
ORD_02312,2796,0.33,1,8,1,1
ORD_02313,799,0.18,1,5,1,0
ORD_02314,990,0.23,3,6,1,0
ORD_02315,1133,0.07,3,5,1,0
ORD_02316,931,0.12,1,6,0,0
ORD_02317,1301,0.06,1,1,0,0
ORD_02318,405,0.18,1,10,1,0
ORD_02319,425,0.02,1,10,1,0
ORD_02320,275,0.07,3,10,0,0
ORD_02321,945,0.06,2,2,1,0
ORD_02322,1240,0.16,3,8,1,0
ORD_02323,959,0.03,3,1,1,0
ORD_02324,2539,0.18,2,9,1,1
ORD_02325,662,0.2,2,7,0,0
ORD_02326,1135,0.47,3,1,1,1
ORD_02327,277,0.21,2,5,1,1
ORD_02328,488,0.25,1,2,0,0
ORD_02329,1160,0.1,2,1,1,0
ORD_02330,1311,0.41,2,1,0,1
ORD_02331,525,0.11,3,5,1,1
ORD_02332,628,0.31,2,4,1,0
ORD_02333,250,0.07,1,5,0,0
ORD_02334,499,0.02,1,6,1,0
ORD_02335,1356,0.42,3,1,1,1
ORD_02336,1053,0.26,3,2,1,0
ORD_02337,992,0.06,2,2,1,0
ORD_02338,692,0.04,1,5,1,0
ORD_02339,668,0.14,1,10,1,0
ORD_02340,392,0.31,2,9,1,0
ORD_02341,1163,0.1,3,7,1,0
ORD_02342,931,0.26,3,10,0,0
ORD_02343,985,0.16,3,4,0,1
ORD_02344,436,0.09,2,5,0,0
ORD_02345,250,0.19,3,7,1,0
ORD_02346,1599,0.03,1,10,1,0
ORD_02347,453,0.07,1,9,0,1
ORD_02348,333,0.22,3,10,1,0
ORD_02349,1158,0.37,1,7,1,0
ORD_02350,486,0.26,2,2,0,0
ORD_02351,1553,0.22,2,4,0,1
ORD_02352,1089,0.0,1,10,0,0
ORD_02353,1149,0.38,1,4,0,0
ORD_02354,250,0.37,1,9,1,0
ORD_02355,1753,0.07,2,8,1,0
ORD_02356,819,0.03,1,6,0,0
ORD_02357,495,0.09,2,8,0,0
ORD_02358,745,0.01,2,7,1,0
ORD_02359,250,0.11,1,8,1,0
ORD_02360,922,0.14,1,7,0,0
ORD_02361,291,0.08,1,2,1,0
ORD_02362,250,0.09,1,6,1,0
ORD_02363,250,0.08,2,4,1,1
ORD_02364,1619,0.13,3,4,1,1
ORD_02365,402,0.09,1,10,0,0
ORD_02366,2268,0.1,3,6,1,1
ORD_02367,433,0.22,2,8,0,0
ORD_02368,250,0.22,2,5,1,0
ORD_02369,272,0.17,3,3,0,0
ORD_02370,1787,0.07,2,1,1,0
ORD_02371,587,0.13,1,5,0,0
ORD_02372,428,0.07,1,3,1,0
ORD_02373,755,0.17,2,3,1,0
ORD_02374,993,0.03,1,4,1,0
ORD_02375,1626,0.06,2,9,1,0
ORD_02376,2119,0.02,2,4,1,0
ORD_02377,498,0.02,1,5,1,0
ORD_02378,250,0.03,2,10,0,0
ORD_02379,477,0.6,2,5,1,1
ORD_02380,819,0.02,2,1,1,0
ORD_02381,307,0.4,1,7,1,0
ORD_02382,309,0.09,1,2,1,0
ORD_02383,875,0.11,2,6,1,1
ORD_02384,639,0.0,3,4,0,0
ORD_02385,682,0.15,2,5,0,0
ORD_02386,362,0.24,3,5,0,0
ORD_02387,553,0.28,1,4,0,0
ORD_02388,317,0.01,3,2,0,1
ORD_02389,1355,0.1,2,8,1,0
ORD_02390,1522,0.01,3,1,1,1
ORD_02391,250,0.03,1,9,0,0
ORD_02392,316,0.18,2,6,1,1
ORD_02393,250,0.26,2,4,0,0
ORD_02394,395,0.3,2,6,1,0
ORD_02395,622,0.0,1,9,1,0
ORD_02396,250,0.2,1,9,1,1
ORD_02397,318,0.08,2,3,1,0
ORD_02398,297,0.05,3,8,1,0
ORD_02399,785,0.11,2,1,0,0
ORD_02400,703,0.2,1,9,0,0
ORD_02401,373,0.12,3,7,1,0
ORD_02402,766,0.01,2,10,1,0
ORD_02403,429,0.07,1,7,1,0
ORD_02404,535,0.25,1,6,1,0
ORD_02405,2537,0.47,2,1,0,0
ORD_02406,1943,0.0,1,2,1,0
ORD_02407,250,0.36,1,3,1,0
ORD_02408,1291,0.2,2,1,1,0
ORD_02409,1272,0.09,1,5,1,1
ORD_02410,265,0.12,1,5,1,1
ORD_02411,1280,0.1,2,6,1,0
ORD_02412,2276,0.06,2,7,1,0
ORD_02413,270,0.25,1,10,1,0
ORD_02414,319,0.02,1,9,0,0
ORD_02415,1501,0.31,2,7,0,0
ORD_02416,826,0.08,1,6,1,0
ORD_02417,1033,0.01,2,9,0,0
ORD_02418,873,0.01,3,2,1,0
ORD_02419,909,0.0,2,6,0,0
ORD_02420,250,0.04,1,5,1,1
ORD_02421,1537,0.21,1,6,0,0
ORD_02422,1695,0.04,1,10,0,0
ORD_02423,553,0.32,1,1,1,1
ORD_02424,642,0.36,1,5,1,1
ORD_02425,250,0.14,1,8,1,0
ORD_02426,1003,0.02,3,3,0,0
ORD_02427,1051,0.1,3,3,1,1
ORD_02428,632,0.09,2,7,1,0
ORD_02429,1635,0.1,1,7,1,0
ORD_02430,509,0.17,3,2,1,1
ORD_02431,1044,0.08,1,8,1,0
ORD_02432,294,0.08,1,5,0,0
ORD_02433,652,0.39,1,9,1,0
ORD_02434,578,0.5,2,1,0,1
ORD_02435,796,0.36,1,4,1,1
ORD_02436,494,0.36,1,8,0,0
ORD_02437,598,0.13,1,9,1,0
ORD_02438,1287,0.34,3,9,1,0
ORD_02439,468,0.13,1,10,0,0
ORD_02440,250,0.02,1,1,1,0
ORD_02441,2696,0.15,2,1,1,0
ORD_02442,2008,0.37,1,7,0,0
ORD_02443,250,0.01,2,6,1,0
ORD_02444,1154,0.37,1,7,1,0
ORD_02445,444,0.78,2,8,0,0
ORD_02446,821,0.05,2,6,0,0
ORD_02447,841,0.08,3,10,1,0
ORD_02448,551,0.23,1,10,1,1
ORD_02449,355,0.18,2,10,1,1
ORD_02450,382,0.41,3,7,1,0
ORD_02451,319,0.06,2,7,1,1
ORD_02452,341,0.07,3,7,1,0
ORD_02453,630,0.44,3,2,0,1
ORD_02454,375,0.06,2,3,0,0
ORD_02455,1147,0.06,1,10,1,0
ORD_02456,2185,0.02,2,9,1,1
ORD_02457,418,0.08,2,1,0,0
ORD_02458,805,0.32,2,8,1,0
ORD_02459,992,0.02,2,7,1,1
ORD_02460,970,0.07,2,6,0,0
ORD_02461,706,0.03,2,1,0,0
ORD_02462,1204,0.12,2,9,0,0
ORD_02463,978,0.22,1,2,0,0
ORD_02464,250,0.17,3,10,1,1
ORD_02465,1333,0.0,3,5,0,0
ORD_02466,1352,0.5,2,9,1,0
ORD_02467,361,0.11,1,8,1,0
ORD_02468,685,0.0,1,10,1,1
ORD_02469,1149,0.03,1,4,0,0
ORD_02470,562,0.05,1,8,1,0
ORD_02471,1569,0.16,1,9,1,0
ORD_02472,4407,0.35,1,5,0,0
ORD_02473,354,0.12,1,1,1,0
ORD_02474,250,0.04,2,6,1,1
ORD_02475,848,0.04,3,4,0,0
ORD_02476,1184,0.01,1,6,1,1
ORD_02477,552,0.05,2,1,0,0
ORD_02478,2127,0.1,3,4,1,1
ORD_02479,250,0.01,3,5,1,0
ORD_02480,1157,0.56,1,6,1,0
ORD_02481,409,0.11,1,5,1,0
ORD_02482,2632,0.02,1,2,1,0
ORD_02483,3274,0.09,1,3,1,0
ORD_02484,360,0.15,2,5,1,0
ORD_02485,428,0.04,1,7,1,0
ORD_02486,1323,0.15,2,4,0,0
ORD_02487,487,0.0,1,6,1,0
ORD_02488,641,0.04,2,9,1,0
ORD_02489,678,0.12,1,10,1,0
ORD_02490,250,0.39,2,7,0,0
ORD_02491,657,0.03,2,3,1,1
ORD_02492,383,0.12,2,5,0,0
ORD_02493,448,0.16,1,9,1,0
ORD_02494,2110,0.27,1,5,0,0
ORD_02495,250,0.01,1,3,1,0
ORD_02496,1274,0.27,2,8,0,1
ORD_02497,532,0.19,1,7,0,0
ORD_02498,531,0.04,2,5,1,0
ORD_02499,1251,0.06,1,5,1,0
ORD_02500,873,0.32,1,1,0,0
ORD_02501,1049,0.06,2,8,0,0
ORD_02502,1443,0.08,2,6,1,0
ORD_02503,510,0.01,1,5,1,0
ORD_02504,407,0.03,2,7,0,0
ORD_02505,279,0.25,2,2,0,0
ORD_02506,343,0.23,1,3,0,0
ORD_02507,7039,0.02,1,9,1,0
ORD_02508,1800,0.05,2,5,1,1
ORD_02509,250,0.28,3,6,1,0
ORD_02510,250,0.46,1,8,1,1
ORD_02511,977,0.05,2,3,1,1
ORD_02512,1030,0.12,3,1,1,0
ORD_02513,1031,0.08,2,4,1,0
ORD_02514,542,0.1,1,2,1,1
ORD_02515,601,0.08,2,9,0,0
ORD_02516,864,0.39,1,4,0,0
ORD_02517,712,0.3,1,9,0,0
ORD_02518,250,0.19,1,7,1,0
ORD_02519,553,0.07,1,7,1,1
ORD_02520,336,0.01,1,1,0,0
ORD_02521,765,0.07,2,2,0,0
ORD_02522,7246,0.09,3,7,1,0
ORD_02523,892,0.01,1,5,1,0
ORD_02524,517,0.2,1,7,1,0
ORD_02525,1390,0.01,2,3,1,0
ORD_02526,978,0.03,2,8,1,0
ORD_02527,930,0.25,2,4,1,0
ORD_02528,1080,0.31,2,8,1,0
ORD_02529,3446,0.22,3,6,1,1
ORD_02530,269,0.1,1,9,0,0
ORD_02531,971,0.35,1,6,1,0
ORD_02532,316,0.0,1,4,0,0
ORD_02533,1037,0.05,2,3,1,0
ORD_02534,318,0.04,3,4,1,1
ORD_02535,476,0.46,3,7,1,0
ORD_02536,525,0.13,3,8,0,0
ORD_02537,1451,0.01,1,2,0,0
ORD_02538,1386,0.08,2,9,1,1
ORD_02539,250,0.08,1,7,0,0
ORD_02540,695,0.09,3,7,1,0
ORD_02541,377,0.03,1,10,0,0
ORD_02542,250,0.28,1,4,1,0
ORD_02543,559,0.09,3,7,1,0
ORD_02544,519,0.01,2,2,0,0
ORD_02545,4634,0.06,3,10,1,0
ORD_02546,940,0.29,1,3,1,0
ORD_02547,250,0.07,3,2,0,1
ORD_02548,423,0.42,2,5,1,0
ORD_02549,1505,0.06,2,1,1,0
ORD_02550,3536,0.02,2,2,0,0
ORD_02551,250,0.3,2,6,1,0
ORD_02552,250,0.22,2,6,0,0
ORD_02553,2971,0.11,1,8,1,1
ORD_02554,908,0.15,2,9,1,0
ORD_02555,332,0.02,2,9,1,1
ORD_02556,1020,0.15,1,7,1,0
ORD_02557,250,0.0,1,10,0,0
ORD_02558,666,0.09,2,1,1,0
ORD_02559,864,0.08,1,4,0,0
ORD_02560,1393,0.4,1,7,1,1
ORD_02561,295,0.09,3,2,0,0
ORD_02562,712,0.29,1,9,0,0
ORD_02563,317,0.06,1,1,1,0
ORD_02564,815,0.3,2,9,1,0
ORD_02565,324,0.02,2,7,1,0
ORD_02566,479,0.05,1,10,0,0
ORD_02567,299,0.31,3,6,1,0
ORD_02568,1119,0.25,2,7,1,0
ORD_02569,1321,0.02,1,2,1,0
ORD_02570,551,0.38,1,10,1,0
ORD_02571,685,0.01,2,2,1,0
ORD_02572,250,0.16,1,3,1,1
ORD_02573,523,0.08,3,6,0,0
ORD_02574,638,0.37,1,1,1,1
ORD_02575,5413,0.03,2,4,1,1
ORD_02576,273,0.02,2,8,1,1
ORD_02577,2145,0.02,3,8,0,0
ORD_02578,1476,0.17,1,5,1,0
ORD_02579,832,0.06,2,7,0,0
ORD_02580,2715,0.09,1,5,1,0
ORD_02581,895,0.21,3,4,0,1
ORD_02582,908,0.2,2,6,0,0
ORD_02583,637,0.0,1,8,1,0
ORD_02584,1770,0.04,2,10,0,0
ORD_02585,1599,0.23,1,1,1,1
ORD_02586,403,0.07,1,3,0,0
ORD_02587,250,0.15,2,4,1,1
ORD_02588,565,0.11,1,5,0,0
ORD_02589,350,0.33,3,1,1,1
ORD_02590,632,0.2,1,9,0,0
ORD_02591,1789,0.05,2,8,1,0
ORD_02592,461,0.02,3,2,1,1
ORD_02593,642,0.08,1,5,0,0
ORD_02594,696,0.21,1,9,1,0
ORD_02595,1311,0.12,1,3,1,1
ORD_02596,250,0.0,3,5,1,0
ORD_02597,409,0.13,3,9,1,1
ORD_02598,787,0.25,1,6,1,0
ORD_02599,1737,0.05,1,5,1,1
ORD_02600,448,0.07,3,8,1,1
ORD_02601,250,0.09,2,5,1,0
ORD_02602,1092,0.09,2,9,1,0
ORD_02603,400,0.02,2,3,1,0
ORD_02604,256,0.05,2,1,1,1
ORD_02605,403,0.15,3,4,1,1
ORD_02606,573,0.05,3,7,1,0
ORD_02607,410,0.04,3,3,0,0
ORD_02608,250,0.03,3,10,0,0
ORD_02609,1363,0.26,1,8,0,0
ORD_02610,1844,0.38,1,2,1,1
ORD_02611,1120,0.05,3,9,1,1
ORD_02612,267,0.08,1,3,1,0
ORD_02613,566,0.09,2,6,0,0
ORD_02614,661,0.54,3,7,0,1
ORD_02615,1073,0.02,2,5,1,0
ORD_02616,1135,0.32,1,10,0,0
ORD_02617,369,0.07,1,5,1,0
ORD_02618,710,0.03,1,1,1,0
ORD_02619,958,0.27,2,4,0,0
ORD_02620,2131,0.08,1,1,1,0
ORD_02621,1168,0.15,3,9,0,0
ORD_02622,1250,0.11,1,9,1,0
ORD_02623,711,0.11,2,5,1,0
ORD_02624,2055,0.15,1,5,0,0
ORD_02625,923,0.28,2,5,1,1
ORD_02626,333,0.12,1,7,1,0
ORD_02627,2044,0.04,1,6,1,0
ORD_02628,1162,0.21,2,2,1,0
ORD_02629,466,0.03,3,10,1,0
ORD_02630,453,0.05,1,3,1,0
ORD_02631,843,0.24,1,5,0,0
ORD_02632,963,0.13,2,7,0,0
ORD_02633,778,0.08,3,2,0,1
ORD_02634,853,0.25,1,4,1,0
ORD_02635,2591,0.15,1,1,1,0
ORD_02636,1567,0.03,1,7,0,0
ORD_02637,774,0.2,1,2,0,0
ORD_02638,1412,0.13,1,8,1,0
ORD_02639,291,0.04,1,10,1,0
ORD_02640,914,0.12,2,1,1,1
ORD_02641,2828,0.25,2,2,1,1
ORD_02642,558,0.21,1,8,1,0
ORD_02643,337,0.22,2,5,0,0
ORD_02644,394,0.13,1,5,1,0
ORD_02645,278,0.23,1,7,1,1
ORD_02646,355,0.01,1,4,1,0
ORD_02647,494,0.05,1,9,1,0
ORD_02648,250,0.28,3,3,1,0
ORD_02649,673,0.12,1,8,0,0
ORD_02650,1368,0.1,2,3,1,0
ORD_02651,321,0.04,2,8,1,1
ORD_02652,2242,0.09,2,1,1,0
ORD_02653,1000,0.31,2,10,0,0
ORD_02654,1516,0.04,1,10,1,0
ORD_02655,392,0.15,1,7,1,1
ORD_02656,1317,0.07,1,1,0,0
ORD_02657,277,0.23,2,2,0,0
ORD_02658,1355,0.11,2,1,0,0
ORD_02659,763,0.2,2,10,1,0
ORD_02660,1035,0.02,1,3,1,0
ORD_02661,259,0.1,3,9,0,0
ORD_02662,325,0.12,1,1,1,0
ORD_02663,1072,0.35,1,3,1,0
ORD_02664,311,0.0,3,2,0,1
ORD_02665,963,0.21,1,5,1,1
ORD_02666,250,0.16,3,7,1,0
ORD_02667,1310,0.28,1,6,0,0
ORD_02668,250,0.0,1,10,1,0
ORD_02669,1034,0.08,1,5,0,0
ORD_02670,1097,0.13,2,3,1,0
ORD_02671,380,0.17,2,7,0,0
ORD_02672,1059,0.24,1,9,1,0
ORD_02673,819,0.28,1,2,0,0
ORD_02674,432,0.02,1,6,1,1
ORD_02675,296,0.06,1,5,1,0
ORD_02676,250,0.25,3,9,1,1
ORD_02677,879,0.2,1,8,1,1
ORD_02678,250,0.01,2,9,0,0
ORD_02679,717,0.02,1,7,1,0
ORD_02680,538,0.08,1,5,1,0
ORD_02681,1145,0.02,2,4,0,0
ORD_02682,522,0.2,3,8,0,0
ORD_02683,511,0.01,3,2,1,1
ORD_02684,1194,0.02,2,1,1,0
ORD_02685,869,0.02,1,3,1,0
ORD_02686,856,0.07,1,7,1,1
ORD_02687,968,0.13,2,1,1,1
ORD_02688,250,0.3,1,5,0,0
ORD_02689,1218,0.17,3,5,1,0
ORD_02690,1085,0.08,2,3,1,0
ORD_02691,294,0.15,3,1,1,1
ORD_02692,547,0.05,2,5,1,0
ORD_02693,644,0.16,2,8,0,0
ORD_02694,597,0.12,1,9,1,0
ORD_02695,868,0.01,2,6,1,0
ORD_02696,2090,0.06,1,1,0,0
ORD_02697,1580,0.04,2,5,1,1
ORD_02698,250,0.06,2,2,0,0
ORD_02699,1094,0.44,2,1,1,1
ORD_02700,1925,0.02,2,3,1,0
ORD_02701,906,0.11,2,10,0,0
ORD_02702,1592,0.08,1,5,1,0
ORD_02703,3326,0.07,3,9,0,0
ORD_02704,1508,0.2,1,7,0,0
ORD_02705,811,0.36,3,6,0,0
ORD_02706,1534,0.01,2,9,1,0
ORD_02707,746,0.13,3,6,0,0
ORD_02708,677,0.13,2,4,0,0
ORD_02709,502,0.01,2,7,1,1
ORD_02710,2323,0.06,1,2,0,0
ORD_02711,345,0.0,2,2,1,0
ORD_02712,2266,0.25,1,6,0,1
ORD_02713,992,0.13,2,5,1,0
ORD_02714,250,0.14,1,6,1,0
ORD_02715,892,0.19,2,2,0,0
ORD_02716,250,0.04,1,2,1,0
ORD_02717,1097,0.0,1,1,1,0
ORD_02718,1350,0.03,3,2,1,1
ORD_02719,414,0.28,3,10,1,1
ORD_02720,734,0.14,2,7,0,0
ORD_02721,3175,0.2,3,2,1,1
ORD_02722,443,0.47,1,3,1,1
ORD_02723,285,0.05,1,6,1,0
ORD_02724,2176,0.01,1,6,1,0
ORD_02725,3197,0.45,1,10,1,0
ORD_02726,667,0.08,1,9,0,0
ORD_02727,1493,0.35,2,2,1,0
ORD_02728,1945,0.01,1,7,1,0
ORD_02729,367,0.2,1,1,1,0
ORD_02730,451,0.18,2,6,0,0
ORD_02731,1780,0.06,1,9,1,0
ORD_02732,2560,0.2,1,8,0,0
ORD_02733,1043,0.41,1,6,0,0
ORD_02734,329,0.03,3,6,0,0
ORD_02735,3260,0.13,1,6,1,0
ORD_02736,434,0.01,3,8,1,0
ORD_02737,508,0.21,2,2,1,0
ORD_02738,874,0.35,1,9,1,0
ORD_02739,2306,0.09,1,10,0,0
ORD_02740,1317,0.21,2,8,1,0
ORD_02741,926,0.27,3,2,1,0
ORD_02742,963,0.14,1,8,1,1
ORD_02743,688,0.18,1,1,1,0
ORD_02744,1039,0.1,1,6,0,0
ORD_02745,250,0.14,1,6,1,0
ORD_02746,524,0.21,3,9,1,0
ORD_02747,806,0.1,2,9,1,1
ORD_02748,264,0.06,1,5,1,0
ORD_02749,906,0.06,3,1,1,0
ORD_02750,564,0.11,1,1,0,0
ORD_02751,2709,0.08,2,7,1,0
ORD_02752,2341,0.01,2,4,1,0
ORD_02753,458,0.23,1,9,1,1
ORD_02754,589,0.36,1,3,1,0
ORD_02755,626,0.01,1,6,1,0
ORD_02756,463,0.12,3,9,1,0
ORD_02757,777,0.16,2,4,1,0
ORD_02758,362,0.04,1,5,0,0
ORD_02759,269,0.2,2,5,0,0
ORD_02760,1094,0.42,2,5,1,0
ORD_02761,1100,0.03,1,2,1,0
ORD_02762,349,0.51,2,2,1,1
ORD_02763,1361,0.1,2,1,0,0
ORD_02764,401,0.11,1,1,1,0
ORD_02765,814,0.19,3,4,1,1
ORD_02766,1282,0.35,2,3,0,1
ORD_02767,647,0.01,1,4,1,0
ORD_02768,956,0.12,3,6,0,0
ORD_02769,440,0.14,1,1,1,1
ORD_02770,568,0.0,3,8,1,1
ORD_02771,564,0.06,1,8,1,0
ORD_02772,366,0.02,2,7,1,0
ORD_02773,577,0.6,2,4,0,0
ORD_02774,250,0.04,1,8,1,0
ORD_02775,449,0.08,1,9,0,0
ORD_02776,529,0.05,2,5,1,0
ORD_02777,541,0.15,2,6,1,1
ORD_02778,548,0.16,1,10,0,0
ORD_02779,633,0.07,3,8,0,0
ORD_02780,976,0.12,2,5,0,0
ORD_02781,1338,0.01,1,4,0,0
ORD_02782,395,0.14,2,8,1,0
ORD_02783,254,0.19,2,3,1,1
ORD_02784,288,0.09,3,6,1,0
ORD_02785,450,0.11,1,9,1,0
ORD_02786,501,0.08,1,6,1,0
ORD_02787,359,0.09,1,9,1,0
ORD_02788,250,0.16,3,8,1,1
ORD_02789,461,0.09,1,9,1,0
ORD_02790,769,0.42,1,10,1,0
ORD_02791,1070,0.09,2,9,1,1
ORD_02792,425,0.03,1,8,1,0
ORD_02793,477,0.12,1,9,1,0
ORD_02794,316,0.31,2,7,0,0
ORD_02795,648,0.38,1,7,0,1
ORD_02796,337,0.01,2,4,0,0
ORD_02797,1052,0.02,1,1,0,1
ORD_02798,250,0.34,2,7,1,0
ORD_02799,498,0.28,1,8,1,0
ORD_02800,846,0.05,2,9,1,1
ORD_02801,770,0.1,1,1,1,1
ORD_02802,5735,0.21,1,9,0,0
ORD_02803,879,0.18,1,7,1,0
ORD_02804,297,0.03,2,7,0,1
ORD_02805,616,0.09,1,3,1,0
ORD_02806,250,0.01,2,1,1,0
ORD_02807,623,0.07,2,7,1,0
ORD_02808,341,0.0,2,10,1,0
ORD_02809,1383,0.21,1,8,1,1
ORD_02810,428,0.33,2,6,0,0
ORD_02811,605,0.02,3,7,1,0
ORD_02812,400,0.14,1,9,1,0
ORD_02813,2673,0.18,1,8,1,0
ORD_02814,514,0.09,1,5,1,0
ORD_02815,2881,0.13,2,4,0,0
ORD_02816,1275,0.24,1,4,0,0
ORD_02817,978,0.3,3,4,1,1
ORD_02818,893,0.26,2,2,0,0
ORD_02819,911,0.15,1,10,1,0
ORD_02820,250,0.31,3,10,1,1
ORD_02821,532,0.16,1,7,1,0
ORD_02822,1307,0.33,1,8,1,1
ORD_02823,639,0.02,1,7,0,0
ORD_02824,250,0.11,1,10,1,1
ORD_02825,637,0.43,2,8,1,0
ORD_02826,2600,0.34,1,9,1,0
ORD_02827,1803,0.14,2,8,0,0
ORD_02828,632,0.22,2,5,1,1
ORD_02829,1423,0.14,1,4,1,0
ORD_02830,496,0.13,2,5,1,1
ORD_02831,250,0.07,2,1,1,0
ORD_02832,317,0.15,3,5,1,0
ORD_02833,2322,0.35,1,6,1,0
ORD_02834,534,0.04,1,9,1,0
ORD_02835,547,0.18,3,9,1,0
ORD_02836,523,0.2,1,10,0,0
ORD_02837,3051,0.13,1,3,0,0
ORD_02838,2442,0.08,2,8,0,0
ORD_02839,3924,0.13,1,8,0,0
ORD_02840,585,0.26,2,9,0,0
ORD_02841,842,0.13,3,1,0,0
ORD_02842,250,0.27,2,5,0,0
ORD_02843,2167,0.11,2,5,0,0
ORD_02844,261,0.04,1,7,0,0
ORD_02845,791,0.3,2,8,1,0
ORD_02846,276,0.25,2,7,1,0
ORD_02847,415,0.06,1,6,1,1
ORD_02848,340,0.07,1,4,1,0
ORD_02849,408,0.03,2,9,1,0
ORD_02850,432,0.16,1,2,0,0
ORD_02851,428,0.36,2,6,1,1
ORD_02852,1295,0.05,1,10,1,1
ORD_02853,274,0.35,1,6,1,1
ORD_02854,793,0.44,1,4,1,1
ORD_02855,1762,0.24,3,3,0,1
ORD_02856,441,0.02,2,3,1,0
ORD_02857,374,0.1,2,2,1,0
ORD_02858,553,0.06,1,3,1,0
ORD_02859,1709,0.07,1,4,0,0
ORD_02860,776,0.16,1,10,0,0
ORD_02861,434,0.2,1,4,1,0
ORD_02862,979,0.01,2,10,1,0
ORD_02863,275,0.01,2,7,0,0
ORD_02864,1147,0.07,1,4,1,0
ORD_02865,922,0.09,3,9,0,0
ORD_02866,519,0.25,1,8,0,1
ORD_02867,340,0.29,2,1,1,1
ORD_02868,327,0.03,1,10,1,1
ORD_02869,1020,0.07,1,1,1,1
ORD_02870,1777,0.1,2,6,1,0
ORD_02871,399,0.11,1,4,1,0
ORD_02872,959,0.19,1,10,0,0
ORD_02873,250,0.15,1,6,0,0
ORD_02874,416,0.44,1,9,1,0
ORD_02875,648,0.03,2,10,0,0
ORD_02876,321,0.13,2,5,0,0
ORD_02877,314,0.24,1,8,1,0
ORD_02878,389,0.14,1,2,1,0
ORD_02879,840,0.08,3,8,0,0
ORD_02880,572,0.06,1,8,1,1
ORD_02881,250,0.07,2,2,0,0
ORD_02882,250,0.07,3,7,0,0
ORD_02883,409,0.08,1,8,1,1
ORD_02884,959,0.18,1,7,1,0
ORD_02885,250,0.57,3,6,0,0
ORD_02886,445,0.29,1,3,1,1
ORD_02887,436,0.06,1,3,1,1
ORD_02888,2019,0.05,2,8,1,0
ORD_02889,488,0.06,1,4,1,0
ORD_02890,903,0.03,3,10,0,0
ORD_02891,744,0.17,1,8,1,0
ORD_02892,250,0.02,2,10,0,0
ORD_02893,1229,0.17,2,6,0,0
ORD_02894,790,0.17,2,3,1,0
ORD_02895,998,0.14,2,10,0,0
ORD_02896,15382,0.31,3,2,1,1
ORD_02897,250,0.01,3,1,1,0
ORD_02898,2643,0.03,1,4,1,1
ORD_02899,528,0.02,2,8,1,0
ORD_02900,837,0.18,1,4,1,1
ORD_02901,641,0.13,2,8,1,0
ORD_02902,473,0.05,1,8,1,0
ORD_02903,421,0.02,2,1,1,0
ORD_02904,865,0.2,1,6,1,1
ORD_02905,250,0.2,2,10,0,0
ORD_02906,1212,0.23,1,8,1,0
ORD_02907,476,0.12,3,8,1,0
ORD_02908,269,0.31,2,1,1,0
ORD_02909,464,0.18,3,8,1,0
ORD_02910,1818,0.19,2,9,1,1
ORD_02911,433,0.02,3,6,1,0
ORD_02912,886,0.03,2,7,0,0
ORD_02913,370,0.09,2,6,1,0
ORD_02914,1219,0.07,1,5,1,0
ORD_02915,1151,0.18,2,1,0,0
ORD_02916,2918,0.25,1,2,1,0
ORD_02917,577,0.04,1,10,1,0
ORD_02918,1135,0.52,2,2,1,0
ORD_02919,719,0.21,1,9,1,0
ORD_02920,1875,0.23,1,6,0,1
ORD_02921,374,0.02,1,3,1,0
ORD_02922,1207,0.01,1,3,0,0
ORD_02923,569,0.27,1,10,1,1
ORD_02924,631,0.04,1,10,0,0
ORD_02925,715,0.14,1,2,1,0
ORD_02926,813,0.16,2,7,1,0
ORD_02927,606,0.49,1,1,1,1
ORD_02928,789,0.01,3,1,1,0
ORD_02929,2350,0.35,3,10,1,1
ORD_02930,1463,0.22,1,3,1,1
ORD_02931,1333,0.07,1,1,1,0
ORD_02932,462,0.08,1,3,0,0
ORD_02933,326,0.0,3,9,1,0
ORD_02934,1428,0.55,2,7,1,1
ORD_02935,1340,0.32,2,9,1,1
ORD_02936,2160,0.07,3,7,1,0
ORD_02937,410,0.11,3,9,0,0
ORD_02938,553,0.02,3,3,0,1
ORD_02939,250,0.27,2,7,1,0
ORD_02940,485,0.08,3,6,0,0
ORD_02941,1476,0.35,3,2,0,1
ORD_02942,457,0.51,1,6,0,0
ORD_02943,1110,0.08,3,3,0,1
ORD_02944,571,0.35,2,2,0,0
ORD_02945,861,0.01,1,5,1,0
ORD_02946,265,0.2,2,5,1,0
ORD_02947,712,0.01,2,2,0,0
ORD_02948,250,0.11,1,3,1,0
ORD_02949,572,0.03,3,8,0,0
ORD_02950,250,0.44,1,5,1,0
ORD_02951,1745,0.01,3,8,1,1
ORD_02952,1238,0.06,1,10,0,0
ORD_02953,966,0.38,1,4,0,0
ORD_02954,2245,0.1,3,4,1,1
ORD_02955,311,0.05,1,6,0,0
ORD_02956,2691,0.02,3,10,1,0
ORD_02957,1402,0.18,1,5,1,0
ORD_02958,550,0.46,3,5,1,0
ORD_02959,1649,0.15,1,9,0,0
ORD_02960,274,0.15,1,6,1,0
ORD_02961,343,0.0,3,3,0,1
ORD_02962,408,0.13,1,4,0,0
ORD_02963,435,0.14,3,9,1,0
ORD_02964,285,0.01,3,6,0,0
ORD_02965,1769,0.17,1,8,0,0
ORD_02966,540,0.03,2,7,1,0
ORD_02967,881,0.36,1,1,0,0
ORD_02968,421,0.46,1,1,1,0
ORD_02969,250,0.13,1,10,1,0
ORD_02970,825,0.32,2,7,0,1
ORD_02971,250,0.05,3,2,1,1
ORD_02972,629,0.11,1,9,0,0
ORD_02973,250,0.21,1,10,1,1
ORD_02974,3261,0.21,2,9,0,0
ORD_02975,1378,0.05,1,2,1,1
ORD_02976,723,0.15,2,9,1,0
ORD_02977,1827,0.33,2,9,0,0
ORD_02978,337,0.22,3,10,1,0
ORD_02979,1027,0.11,2,6,0,0
ORD_02980,780,0.19,1,5,1,0
ORD_02981,821,0.26,2,10,1,1
ORD_02982,1840,0.13,3,2,1,1
ORD_02983,1195,0.31,3,6,1,0
ORD_02984,837,0.17,1,9,1,0
ORD_02985,250,0.43,2,3,1,1
ORD_02986,308,0.11,2,3,0,0
ORD_02987,602,0.04,1,4,1,1
ORD_02988,716,0.02,1,10,1,0
ORD_02989,269,0.1,2,4,0,0
ORD_02990,4579,0.04,1,1,0,0
ORD_02991,2237,0.05,1,2,1,0
ORD_02992,1076,0.03,1,6,0,0
ORD_02993,704,0.18,1,5,1,0
ORD_02994,561,0.19,1,10,0,0
ORD_02995,310,0.03,2,4,1,1
ORD_02996,707,0.14,3,10,0,0
ORD_02997,817,0.06,2,9,0,0
ORD_02998,250,0.25,1,2,1,0
ORD_02999,868,0.09,3,8,1,0
ORD_03000,587,0.3,1,4,1,0
ORD_03001,250,0.29,1,9,0,0
ORD_03002,334,0.29,1,4,0,0
ORD_03003,477,0.32,2,2,1,1
ORD_03004,3011,0.13,2,6,1,0
ORD_03005,1038,0.24,3,9,1,0
ORD_03006,250,0.0,2,7,1,0
ORD_03007,981,0.03,2,1,1,0
ORD_03008,250,0.14,1,9,1,0
ORD_03009,1581,0.09,2,6,1,0
ORD_03010,456,0.17,3,9,0,0
ORD_03011,617,0.15,1,2,1,0
ORD_03012,1921,0.12,1,7,1,0
ORD_03013,250,0.12,1,8,1,0
ORD_03014,250,0.13,2,8,1,0
ORD_03015,417,0.1,2,5,0,0
ORD_03016,1526,0.46,2,7,0,0
ORD_03017,250,0.1,2,7,0,0
ORD_03018,250,0.19,2,3,1,0
ORD_03019,463,0.53,2,2,1,1
ORD_03020,1034,0.02,3,5,1,0
ORD_03021,1737,0.0,3,4,1,0
ORD_03022,459,0.08,1,8,1,1
ORD_03023,478,0.26,2,5,1,1
ORD_03024,1674,0.02,2,9,1,0
ORD_03025,250,0.09,1,7,1,0
ORD_03026,487,0.01,3,1,1,0
ORD_03027,774,0.3,1,2,0,1
ORD_03028,952,0.1,2,8,1,0
ORD_03029,442,0.02,1,10,1,0
ORD_03030,683,0.17,2,8,1,0
ORD_03031,250,0.05,1,2,1,0
ORD_03032,392,0.28,1,7,0,1
ORD_03033,956,0.06,1,8,1,0
ORD_03034,303,0.1,1,4,1,0
ORD_03035,697,0.15,3,3,1,1
ORD_03036,950,0.03,1,10,0,0
ORD_03037,505,0.06,2,9,0,0
ORD_03038,762,0.18,2,2,0,0
ORD_03039,307,0.21,1,3,1,0
ORD_03040,563,0.04,1,8,1,0
ORD_03041,1083,0.02,1,2,1,0
ORD_03042,754,0.04,2,5,0,0
ORD_03043,416,0.04,3,10,1,0
ORD_03044,795,0.09,3,8,0,0
ORD_03045,1178,0.26,3,7,1,0
ORD_03046,250,0.26,2,4,0,0
ORD_03047,1681,0.19,3,10,0,0
ORD_03048,508,0.57,1,9,1,0
ORD_03049,934,0.05,2,2,0,0
ORD_03050,1733,0.04,1,7,0,0
ORD_03051,250,0.46,1,7,1,1
ORD_03052,377,0.02,3,7,1,1
ORD_03053,528,0.11,1,7,1,1
ORD_03054,355,0.29,2,5,0,0
ORD_03055,2664,0.2,2,1,1,0
ORD_03056,335,0.02,1,4,1,0
ORD_03057,426,0.03,1,5,0,0
ORD_03058,783,0.07,1,10,1,0
ORD_03059,254,0.25,3,4,1,1
ORD_03060,484,0.01,2,7,1,0
ORD_03061,857,0.05,2,2,1,0
ORD_03062,509,0.1,1,2,1,0
ORD_03063,617,0.41,1,2,1,0
ORD_03064,435,0.2,1,10,1,1
ORD_03065,250,0.23,2,3,1,0
ORD_03066,860,0.3,1,5,1,0
ORD_03067,2707,0.05,2,10,1,0
ORD_03068,675,0.29,2,9,1,1
ORD_03069,796,0.18,1,3,1,0
ORD_03070,1157,0.02,2,6,1,0
ORD_03071,250,0.06,2,6,0,0
ORD_03072,2596,0.31,1,6,1,1
ORD_03073,782,0.17,2,5,1,1
ORD_03074,2454,0.07,2,2,0,0
ORD_03075,370,0.06,1,1,1,0
ORD_03076,2848,0.12,1,5,0,0
ORD_03077,1236,0.11,1,8,1,0
ORD_03078,1035,0.04,3,10,1,0
ORD_03079,802,0.04,1,5,1,1
ORD_03080,545,0.05,1,3,0,0
ORD_03081,1737,0.03,1,3,1,1
ORD_03082,744,0.26,1,2,0,1
ORD_03083,250,0.26,1,7,1,1
ORD_03084,272,0.25,2,2,1,1
ORD_03085,573,0.17,1,6,1,0
ORD_03086,852,0.05,3,8,0,0
ORD_03087,635,0.28,3,8,1,0
ORD_03088,1763,0.05,2,2,1,0
ORD_03089,250,0.24,3,6,1,0
ORD_03090,746,0.26,2,3,1,0
ORD_03091,250,0.03,2,9,0,0
ORD_03092,1221,0.09,1,3,1,0
ORD_03093,616,0.35,1,1,1,1
ORD_03094,930,0.04,1,9,1,0
ORD_03095,333,0.05,1,8,1,0
ORD_03096,1851,0.06,2,2,0,0
ORD_03097,1530,0.19,1,10,1,0
ORD_03098,1060,0.01,1,10,1,0
ORD_03099,599,0.27,3,3,1,0
ORD_03100,1057,0.14,2,7,1,0
ORD_03101,377,0.53,2,6,1,1
ORD_03102,1318,0.12,1,8,0,0
ORD_03103,2488,0.21,3,10,0,0
ORD_03104,1566,0.01,1,5,1,0
ORD_03105,371,0.02,2,5,0,0
ORD_03106,888,0.08,2,2,0,0
ORD_03107,250,0.04,2,6,1,0
ORD_03108,1051,0.13,3,5,1,0
ORD_03109,953,0.47,1,9,0,0
ORD_03110,250,0.18,3,3,1,0
ORD_03111,262,0.02,2,5,1,0
ORD_03112,530,0.08,2,3,1,0
ORD_03113,522,0.09,3,9,0,0
ORD_03114,252,0.21,2,9,0,0
ORD_03115,907,0.34,2,10,0,0
ORD_03116,813,0.08,1,7,1,1
ORD_03117,569,0.23,3,1,1,1
ORD_03118,363,0.13,2,9,1,0
ORD_03119,1539,0.31,3,9,1,1
ORD_03120,2500,0.25,3,10,1,0
ORD_03121,451,0.1,1,5,0,0
ORD_03122,407,0.1,2,2,0,0
ORD_03123,985,0.4,3,1,1,1
ORD_03124,499,0.03,2,2,1,0
ORD_03125,594,0.14,2,4,0,1
ORD_03126,1201,0.08,1,4,0,0
ORD_03127,250,0.13,1,1,1,0
ORD_03128,1909,0.06,2,8,0,0
ORD_03129,704,0.22,2,10,1,1
ORD_03130,478,0.02,2,8,1,0
ORD_03131,619,0.05,1,8,1,0
ORD_03132,645,0.24,2,5,0,0
ORD_03133,250,0.47,3,10,1,1
ORD_03134,2199,0.04,2,2,0,0
ORD_03135,687,0.18,3,4,0,1
ORD_03136,948,0.02,1,1,0,0
ORD_03137,1424,0.01,3,10,1,0
ORD_03138,293,0.21,2,1,0,0
ORD_03139,971,0.03,3,10,1,0
ORD_03140,536,0.02,2,3,0,0
ORD_03141,1309,0.03,1,4,0,0
ORD_03142,250,0.13,3,3,1,0
ORD_03143,614,0.29,2,3,1,0
ORD_03144,410,0.33,1,8,1,1
ORD_03145,939,0.2,1,4,0,0
ORD_03146,968,0.06,1,3,1,1
ORD_03147,377,0.1,2,9,0,0
ORD_03148,376,0.03,2,1,0,0
ORD_03149,608,0.26,2,8,1,0
ORD_03150,324,0.21,1,5,0,0
ORD_03151,1304,0.12,2,8,1,0
ORD_03152,495,0.17,1,10,1,0
ORD_03153,250,0.19,2,3,1,0
ORD_03154,492,0.03,3,6,1,0
ORD_03155,289,0.05,3,7,1,0
ORD_03156,250,0.09,1,8,1,0
ORD_03157,250,0.05,2,7,0,0
ORD_03158,725,0.19,2,7,1,1
ORD_03159,1925,0.18,1,2,0,0
ORD_03160,854,0.01,3,3,0,1
ORD_03161,409,0.1,2,6,1,0
ORD_03162,957,0.04,2,3,1,0
ORD_03163,460,0.03,2,9,0,0
ORD_03164,381,0.05,1,9,1,0
ORD_03165,264,0.22,1,6,1,1
ORD_03166,250,0.11,1,1,0,0
ORD_03167,486,0.14,1,1,1,1
ORD_03168,754,0.11,1,4,0,0
ORD_03169,615,0.08,3,10,1,0
ORD_03170,476,0.08,2,8,1,0
ORD_03171,312,0.01,3,3,1,0
ORD_03172,1082,0.35,3,4,0,1
ORD_03173,250,0.13,2,6,1,0
ORD_03174,1237,0.02,1,9,1,0
ORD_03175,298,0.31,2,4,0,0
ORD_03176,364,0.08,1,3,0,0
ORD_03177,250,0.29,1,10,1,0
ORD_03178,445,0.01,2,10,0,0
ORD_03179,1451,0.13,2,9,1,0
ORD_03180,1004,0.09,1,7,0,0
ORD_03181,1454,0.09,1,9,0,0
ORD_03182,1010,0.05,1,10,1,0
ORD_03183,275,0.04,2,6,1,0
ORD_03184,510,0.04,3,4,0,0
ORD_03185,356,0.21,2,5,1,0
ORD_03186,1928,0.35,3,10,1,0
ORD_03187,255,0.44,2,2,1,0
ORD_03188,1359,0.16,1,3,1,0
ORD_03189,1358,0.24,2,5,1,0
ORD_03190,2874,0.28,1,3,0,0
ORD_03191,479,0.18,1,3,0,0
ORD_03192,1175,0.16,2,9,1,0
ORD_03193,4127,0.08,3,4,1,1
ORD_03194,405,0.14,2,4,0,0
ORD_03195,250,0.14,3,1,1,1
ORD_03196,250,0.04,2,7,0,0
ORD_03197,1176,0.05,1,10,0,0
ORD_03198,250,0.07,2,9,1,1
ORD_03199,493,0.05,3,8,0,1
ORD_03200,943,0.03,2,2,1,0
ORD_03201,771,0.01,2,6,0,0
ORD_03202,934,0.13,2,10,0,1
ORD_03203,794,0.04,2,10,1,0
ORD_03204,1850,0.03,1,5,1,0
ORD_03205,310,0.02,1,8,1,0
ORD_03206,386,0.11,1,1,1,0
ORD_03207,358,0.17,2,9,1,0
ORD_03208,1292,0.16,3,9,0,0
ORD_03209,1366,0.05,3,7,1,0
ORD_03210,954,0.18,1,8,1,0
ORD_03211,1714,0.11,2,9,1,1
ORD_03212,259,0.31,2,5,1,0
ORD_03213,2524,0.06,2,2,0,0
ORD_03214,2249,0.38,2,1,1,0
ORD_03215,1198,0.01,1,5,1,0
ORD_03216,2766,0.11,3,8,0,0
ORD_03217,250,0.06,3,10,0,0
ORD_03218,437,0.12,1,4,1,1
ORD_03219,369,0.1,2,4,1,0
ORD_03220,1184,0.31,1,4,0,1
ORD_03221,287,0.09,1,8,1,0
ORD_03222,1219,0.07,3,7,1,0
ORD_03223,1991,0.21,2,1,0,0
ORD_03224,1159,0.0,1,10,1,0
ORD_03225,834,0.03,2,6,0,0
ORD_03226,301,0.04,3,4,1,1
ORD_03227,337,0.03,3,2,1,0
ORD_03228,1807,0.33,1,3,1,0
ORD_03229,1240,0.22,3,4,0,0
ORD_03230,644,0.01,3,10,1,0
ORD_03231,476,0.16,2,7,0,0
ORD_03232,250,0.06,2,1,0,0
ORD_03233,282,0.07,1,1,0,0
ORD_03234,3069,0.1,1,3,0,0
ORD_03235,250,0.2,2,2,1,0
ORD_03236,774,0.15,3,3,1,1
ORD_03237,1489,0.08,3,3,1,0
ORD_03238,250,0.47,2,1,0,0
ORD_03239,771,0.01,2,6,1,0
ORD_03240,1408,0.15,2,8,0,0
ORD_03241,671,0.03,2,5,0,0
ORD_03242,6599,0.23,1,1,1,0
ORD_03243,250,0.04,1,10,1,1
ORD_03244,1551,0.07,1,7,0,0
ORD_03245,579,0.05,1,10,1,1
ORD_03246,1233,0.24,1,9,0,0
ORD_03247,946,0.09,2,7,1,1
ORD_03248,369,0.07,1,9,1,0
ORD_03249,798,0.13,1,10,0,0
ORD_03250,250,0.12,3,9,1,0
ORD_03251,1077,0.03,2,2,1,0
ORD_03252,844,0.03,2,8,0,0
ORD_03253,1108,0.25,1,7,1,0
ORD_03254,1550,0.05,2,7,1,0
ORD_03255,892,0.0,2,2,1,0
ORD_03256,748,0.12,2,1,1,0
ORD_03257,328,0.17,2,4,0,0
ORD_03258,376,0.27,2,7,1,0
ORD_03259,1718,0.12,3,6,0,0
ORD_03260,2098,0.48,1,10,1,0
ORD_03261,549,0.05,1,2,1,0
ORD_03262,690,0.3,2,7,1,0
ORD_03263,322,0.06,2,10,1,0
ORD_03264,1699,0.02,1,9,0,0
ORD_03265,1132,0.6,3,2,1,0
ORD_03266,3143,0.03,2,10,0,0
ORD_03267,329,0.13,2,5,1,0
ORD_03268,491,0.04,2,2,1,0
ORD_03269,800,0.3,2,1,1,1
ORD_03270,1115,0.17,3,7,1,0
ORD_03271,559,0.23,1,2,1,1
ORD_03272,330,0.28,1,6,0,0
ORD_03273,1346,0.05,1,7,1,1
ORD_03274,1184,0.06,3,1,1,0
ORD_03275,319,0.09,2,9,1,0
ORD_03276,1967,0.14,3,6,1,0
ORD_03277,1696,0.06,3,2,1,0
ORD_03278,740,0.05,2,1,1,0
ORD_03279,708,0.16,1,1,1,0
ORD_03280,1036,0.25,1,2,1,0
ORD_03281,333,0.03,1,9,1,1
ORD_03282,681,0.02,3,2,0,0
ORD_03283,250,0.03,1,1,1,0
ORD_03284,1340,0.15,2,4,1,0
ORD_03285,250,0.19,1,9,1,0
ORD_03286,2214,0.01,1,8,1,0
ORD_03287,510,0.15,1,7,1,0
ORD_03288,561,0.42,2,8,0,0
ORD_03289,402,0.11,1,2,1,0
ORD_03290,528,0.12,2,5,1,0
ORD_03291,2069,0.07,2,7,1,0
ORD_03292,250,0.04,3,1,1,0
ORD_03293,1847,0.05,3,6,1,0
ORD_03294,871,0.25,2,7,1,0
ORD_03295,253,0.03,2,8,1,1
ORD_03296,281,0.36,1,5,1,1
ORD_03297,2543,0.05,2,8,1,0
ORD_03298,312,0.04,2,10,1,0
ORD_03299,264,0.08,1,1,0,0
ORD_03300,1652,0.21,2,4,1,0
ORD_03301,872,0.02,1,6,1,0
ORD_03302,314,0.19,1,4,1,0
ORD_03303,791,0.08,1,5,1,0
ORD_03304,292,0.36,3,2,1,1
ORD_03305,1604,0.05,1,7,0,0
ORD_03306,1554,0.46,1,9,1,1
ORD_03307,1018,0.29,3,7,1,0
ORD_03308,888,0.08,1,1,1,1
ORD_03309,2721,0.09,3,2,1,1
ORD_03310,664,0.09,3,8,1,1
ORD_03311,258,0.18,2,1,0,1
ORD_03312,952,0.08,2,2,1,0
ORD_03313,3529,0.09,3,5,0,0
ORD_03314,295,0.32,2,6,1,0
ORD_03315,498,0.24,1,1,0,0
ORD_03316,928,0.51,3,1,1,1
ORD_03317,637,0.35,1,2,1,0
ORD_03318,303,0.14,1,3,0,0
ORD_03319,1631,0.01,3,9,1,0
ORD_03320,4255,0.16,1,3,0,0
ORD_03321,778,0.25,2,8,1,1
ORD_03322,322,0.17,2,6,1,0
ORD_03323,250,0.11,2,10,0,0
ORD_03324,817,0.12,1,5,0,0
ORD_03325,1608,0.04,2,9,0,0
ORD_03326,972,0.18,1,8,1,0
ORD_03327,663,0.0,1,3,1,0
ORD_03328,415,0.06,1,7,0,0
ORD_03329,277,0.1,1,4,0,0
ORD_03330,1296,0.47,3,8,1,1
ORD_03331,1381,0.08,2,7,1,0
ORD_03332,250,0.22,2,3,0,0
ORD_03333,2372,0.08,2,7,0,0
ORD_03334,1052,0.05,3,6,1,0
ORD_03335,2037,0.34,2,6,1,0
ORD_03336,250,0.05,2,10,0,0
ORD_03337,250,0.03,1,3,0,0
ORD_03338,590,0.44,2,4,0,1
ORD_03339,994,0.21,1,4,1,1
ORD_03340,2799,0.39,2,6,0,1
ORD_03341,1170,0.08,1,9,0,0
ORD_03342,547,0.02,2,5,1,0
ORD_03343,292,0.49,1,8,0,0
ORD_03344,1779,0.16,2,5,0,0
ORD_03345,307,0.14,2,6,1,0
ORD_03346,2447,0.0,1,6,1,1
ORD_03347,529,0.08,1,4,1,1
ORD_03348,2374,0.08,1,10,0,0
ORD_03349,1144,0.04,2,10,0,0
ORD_03350,596,0.41,2,5,1,1
ORD_03351,438,0.21,2,4,1,1
ORD_03352,506,0.01,2,2,0,0
ORD_03353,936,0.01,2,2,0,0
ORD_03354,707,0.07,2,8,0,1
ORD_03355,413,0.1,1,4,1,0
ORD_03356,582,0.29,2,9,1,1
ORD_03357,708,0.23,1,6,1,0
ORD_03358,250,0.33,2,5,0,0
ORD_03359,959,0.03,2,7,1,0
ORD_03360,303,0.19,2,6,1,0
ORD_03361,264,0.22,1,4,1,0
ORD_03362,250,0.22,1,10,1,0
ORD_03363,250,0.06,1,9,0,0
ORD_03364,250,0.06,2,6,1,0
ORD_03365,377,0.05,2,3,1,0
ORD_03366,3173,0.08,1,4,1,0
ORD_03367,436,0.23,2,4,1,0
ORD_03368,766,0.07,1,8,1,1
ORD_03369,916,0.07,2,5,1,0
ORD_03370,738,0.01,2,8,1,0
ORD_03371,625,0.23,2,8,0,0
ORD_03372,255,0.27,3,6,0,0
ORD_03373,2123,0.01,1,5,1,0
ORD_03374,2823,0.09,1,2,1,0
ORD_03375,250,0.06,2,1,0,0
ORD_03376,293,0.33,1,7,1,0
ORD_03377,531,0.38,3,10,1,0
ORD_03378,307,0.18,1,10,0,0
ORD_03379,997,0.13,1,7,1,0
ORD_03380,371,0.15,2,2,1,1
ORD_03381,3759,0.14,1,3,1,0
ORD_03382,1724,0.06,1,8,1,0
ORD_03383,788,0.25,3,4,1,0
ORD_03384,1512,0.03,1,5,0,0
ORD_03385,1611,0.12,2,7,1,0
ORD_03386,423,0.05,1,8,0,0
ORD_03387,346,0.34,1,1,1,1
ORD_03388,708,0.04,1,7,1,0
ORD_03389,1325,0.05,1,3,0,1
ORD_03390,743,0.03,1,5,1,0
ORD_03391,250,0.05,3,1,0,0
ORD_03392,349,0.06,2,3,1,0
ORD_03393,626,0.31,2,5,1,0
ORD_03394,626,0.18,1,1,0,1
ORD_03395,3222,0.21,1,2,1,0
ORD_03396,250,0.21,2,3,0,0
ORD_03397,996,0.01,2,8,0,0
ORD_03398,2189,0.09,1,5,0,0
ORD_03399,4093,0.14,1,5,1,0
ORD_03400,481,0.01,1,3,1,1
ORD_03401,985,0.05,1,9,1,0
ORD_03402,1049,0.27,2,9,1,0
ORD_03403,777,0.02,1,2,1,0
ORD_03404,614,0.6,1,8,0,0
ORD_03405,942,0.23,2,1,0,1
ORD_03406,250,0.04,1,5,0,0
ORD_03407,1147,0.06,2,7,0,0
ORD_03408,735,0.03,3,8,1,0
ORD_03409,556,0.11,1,8,0,0
ORD_03410,3420,0.08,2,6,1,0
ORD_03411,387,0.2,2,7,0,1
ORD_03412,481,0.12,1,4,1,0
ORD_03413,3272,0.3,2,10,1,0
ORD_03414,341,0.05,2,7,0,1
ORD_03415,428,0.06,2,7,0,0
ORD_03416,591,0.07,3,9,0,1
ORD_03417,1303,0.25,1,2,0,0
ORD_03418,785,0.4,2,8,0,0
ORD_03419,250,0.01,2,9,0,0
ORD_03420,434,0.01,1,3,1,0
ORD_03421,409,0.3,3,8,1,1
ORD_03422,625,0.17,1,1,1,0
ORD_03423,935,0.03,2,10,1,0
ORD_03424,929,0.06,2,5,1,1
ORD_03425,250,0.19,2,1,1,0
ORD_03426,1557,0.03,1,1,1,0
ORD_03427,814,0.02,1,6,0,0
ORD_03428,2013,0.01,1,5,1,1
ORD_03429,948,0.24,2,5,1,1
ORD_03430,1605,0.27,1,2,1,0
ORD_03431,966,0.06,2,10,1,0
ORD_03432,1952,0.1,1,9,1,1
ORD_03433,1010,0.29,1,5,1,0
ORD_03434,615,0.07,1,3,1,1
ORD_03435,4096,0.12,2,7,1,0
ORD_03436,1354,0.22,2,6,1,0
ORD_03437,1052,0.08,1,6,1,0
ORD_03438,250,0.05,1,5,1,0
ORD_03439,250,0.32,3,4,1,1
ORD_03440,840,0.05,1,6,1,0
ORD_03441,747,0.06,2,7,1,0
ORD_03442,406,0.01,2,8,1,0
ORD_03443,744,0.28,1,2,1,0
ORD_03444,2370,0.04,2,4,1,0
ORD_03445,1160,0.11,3,7,1,1
ORD_03446,266,0.05,3,3,1,0
ORD_03447,608,0.03,2,5,1,1
ORD_03448,349,0.03,2,10,0,0
ORD_03449,487,0.22,1,7,1,0
ORD_03450,477,0.41,1,9,1,0
ORD_03451,453,0.3,1,6,0,1
ORD_03452,250,0.12,3,2,0,1
ORD_03453,600,0.0,1,9,1,0
ORD_03454,424,0.03,1,6,1,0
ORD_03455,250,0.06,2,10,1,0
ORD_03456,3437,0.39,2,2,1,0
ORD_03457,1589,0.07,1,1,0,1
ORD_03458,492,0.04,1,4,1,1
ORD_03459,675,0.39,2,2,1,1
ORD_03460,260,0.01,2,7,1,0
ORD_03461,2582,0.01,2,7,1,0
ORD_03462,3034,0.12,1,3,0,1
ORD_03463,753,0.77,2,10,1,1
ORD_03464,1508,0.03,2,1,1,0
ORD_03465,765,0.12,1,2,1,0
ORD_03466,250,0.13,1,8,0,0
ORD_03467,478,0.03,3,4,1,1
ORD_03468,739,0.14,2,3,0,1
ORD_03469,462,0.15,1,10,1,0
ORD_03470,558,0.01,1,7,1,0
ORD_03471,618,0.02,2,10,0,0
ORD_03472,623,0.39,2,4,1,0
ORD_03473,693,0.1,3,2,0,0
ORD_03474,284,0.04,2,3,1,0
ORD_03475,374,0.18,1,4,0,0
ORD_03476,250,0.01,2,1,0,0
ORD_03477,1454,0.5,1,8,0,0
ORD_03478,250,0.03,1,8,1,1
ORD_03479,1673,0.03,1,5,0,0
ORD_03480,2016,0.13,1,6,1,0
ORD_03481,522,0.04,3,4,1,1
ORD_03482,250,0.02,2,3,1,0
ORD_03483,498,0.06,1,3,1,0
ORD_03484,631,0.0,2,4,0,0
ORD_03485,296,0.21,2,6,1,0
ORD_03486,440,0.12,3,2,0,0
ORD_03487,2262,0.03,3,6,1,0
ORD_03488,1132,0.06,1,8,1,0
ORD_03489,317,0.22,3,9,1,0
ORD_03490,250,0.08,1,4,0,0
ORD_03491,512,0.15,1,5,0,0
ORD_03492,560,0.12,1,8,1,0
ORD_03493,989,0.13,1,10,0,0
ORD_03494,433,0.05,3,2,1,1
ORD_03495,1001,0.02,2,10,1,0
ORD_03496,3127,0.03,2,2,0,1
ORD_03497,1277,0.17,3,9,0,0
ORD_03498,640,0.24,1,6,1,0
ORD_03499,574,0.13,1,10,1,0
ORD_03500,500,0.32,2,9,1,1
ORD_03501,1710,0.34,3,10,0,0
ORD_03502,402,0.03,3,7,0,0
ORD_03503,689,0.14,1,5,1,0
ORD_03504,692,0.21,3,9,1,0
ORD_03505,445,0.1,3,9,1,1
ORD_03506,250,0.07,1,2,1,1
ORD_03507,861,0.17,2,8,0,0
ORD_03508,633,0.24,1,8,1,1
ORD_03509,992,0.1,2,2,1,0
ORD_03510,434,0.14,3,10,0,0
ORD_03511,1766,0.17,2,7,1,0
ORD_03512,329,0.14,2,1,0,0
ORD_03513,2616,0.18,3,5,1,0
ORD_03514,250,0.36,1,5,1,0
ORD_03515,941,0.1,1,10,0,0
ORD_03516,972,0.02,1,5,0,0
ORD_03517,351,0.04,2,2,1,1
ORD_03518,934,0.2,3,3,1,1
ORD_03519,1851,0.06,2,6,1,0
ORD_03520,250,0.45,3,1,1,0
ORD_03521,994,0.11,2,6,0,0
ORD_03522,250,0.18,2,6,1,0
ORD_03523,307,0.14,2,7,1,0
ORD_03524,2448,0.13,3,9,1,0
ORD_03525,417,0.46,1,9,0,0
ORD_03526,260,0.25,1,4,1,0
ORD_03527,567,0.01,1,2,0,0
ORD_03528,3478,0.05,3,5,0,0
ORD_03529,250,0.11,3,1,1,0
ORD_03530,286,0.1,1,5,0,0
ORD_03531,2203,0.03,3,10,1,0
ORD_03532,2939,0.02,2,3,1,0
ORD_03533,612,0.2,2,7,1,1
ORD_03534,250,0.04,3,7,0,0
ORD_03535,3557,0.22,2,3,1,0
ORD_03536,2381,0.02,2,5,0,0
ORD_03537,1144,0.25,1,9,0,0
ORD_03538,347,0.11,1,4,1,0
ORD_03539,639,0.09,2,2,1,0
ORD_03540,585,0.28,1,3,1,0
ORD_03541,866,0.17,2,1,0,0
ORD_03542,2123,0.1,2,5,1,0
ORD_03543,1344,0.01,2,9,1,0
ORD_03544,280,0.15,2,2,0,0
ORD_03545,2000,0.13,3,3,1,1
ORD_03546,854,0.27,1,3,1,0
ORD_03547,1152,0.01,2,7,1,1
ORD_03548,2150,0.01,3,10,1,0
ORD_03549,273,0.19,1,7,1,0
ORD_03550,646,0.13,1,1,0,0
ORD_03551,434,0.05,2,3,0,0
ORD_03552,250,0.18,2,1,1,0
ORD_03553,877,0.02,1,9,0,0
ORD_03554,4960,0.29,2,7,0,0
ORD_03555,250,0.11,2,5,1,0
ORD_03556,648,0.41,2,7,1,1
ORD_03557,1110,0.26,2,3,0,0
ORD_03558,733,0.2,2,3,1,0
ORD_03559,607,0.03,2,1,1,0
ORD_03560,250,0.4,2,5,1,0
ORD_03561,801,0.2,2,7,1,1
ORD_03562,363,0.02,2,3,1,1
ORD_03563,250,0.0,3,5,1,0
ORD_03564,1729,0.01,2,10,1,0
ORD_03565,1431,0.27,2,1,0,0
ORD_03566,693,0.0,1,7,1,0
ORD_03567,798,0.05,3,8,1,0
ORD_03568,1570,0.14,2,8,1,0
ORD_03569,795,0.11,2,1,0,0
ORD_03570,1370,0.03,2,4,1,0
ORD_03571,524,0.04,1,9,1,0
ORD_03572,1899,0.24,2,2,0,1
ORD_03573,859,0.04,1,1,1,0
ORD_03574,776,0.46,1,6,1,0
ORD_03575,250,0.06,1,1,1,0
ORD_03576,836,0.29,1,6,1,1
ORD_03577,341,0.21,1,1,1,0
ORD_03578,399,0.55,2,6,1,1
ORD_03579,346,0.27,2,9,1,1
ORD_03580,283,0.11,1,5,1,0
ORD_03581,3640,0.03,2,4,0,0
ORD_03582,1929,0.11,2,8,0,0
ORD_03583,3091,0.07,1,4,1,0
ORD_03584,250,0.09,1,4,1,0
ORD_03585,704,0.02,1,9,1,0
ORD_03586,250,0.03,3,1,0,1
ORD_03587,381,0.04,3,3,1,0
ORD_03588,319,0.01,2,4,0,0
ORD_03589,1793,0.31,2,8,1,0
ORD_03590,484,0.15,2,1,1,0
ORD_03591,1563,0.1,1,3,1,0
ORD_03592,1078,0.05,3,2,1,0
ORD_03593,4200,0.06,1,6,1,0
ORD_03594,250,0.09,2,9,1,1
ORD_03595,1821,0.04,2,10,1,0
ORD_03596,1664,0.13,2,9,1,0
ORD_03597,305,0.38,2,10,1,0
ORD_03598,1488,0.34,2,5,0,0
ORD_03599,870,0.05,1,3,1,0
ORD_03600,554,0.11,1,8,1,0
ORD_03601,344,0.01,3,9,1,0
ORD_03602,374,0.05,2,9,1,0
ORD_03603,3428,0.22,3,1,0,0
ORD_03604,665,0.13,2,10,0,0
ORD_03605,1243,0.32,2,5,1,0
ORD_03606,353,0.07,2,10,1,1
ORD_03607,356,0.06,1,9,0,0
ORD_03608,1580,0.2,2,3,0,0
ORD_03609,250,0.17,3,7,1,1
ORD_03610,477,0.39,3,9,0,0
ORD_03611,683,0.04,2,2,1,0
ORD_03612,727,0.08,2,2,1,0
ORD_03613,576,0.01,3,5,1,0
ORD_03614,912,0.07,2,8,1,0
ORD_03615,1157,0.12,3,10,1,0
ORD_03616,1197,0.06,2,5,1,1
ORD_03617,302,0.27,3,8,1,0
ORD_03618,529,0.07,1,4,0,0
ORD_03619,1729,0.02,2,9,0,0
ORD_03620,1360,0.15,1,4,0,0
ORD_03621,250,0.05,2,5,1,1
ORD_03622,881,0.06,2,7,1,0
ORD_03623,250,0.49,1,9,1,0
ORD_03624,690,0.26,2,5,1,0
ORD_03625,3035,0.07,1,7,1,1
ORD_03626,311,0.1,1,4,1,0
ORD_03627,341,0.07,1,2,1,1
ORD_03628,1225,0.09,2,2,0,0
ORD_03629,250,0.06,1,5,1,1
ORD_03630,400,0.03,1,2,0,0
ORD_03631,1071,0.11,1,2,1,0
ORD_03632,400,0.07,1,2,1,1
ORD_03633,550,0.25,1,4,0,0
ORD_03634,1206,0.27,2,8,0,0
ORD_03635,931,0.14,2,7,0,0
ORD_03636,823,0.3,3,5,1,1
ORD_03637,507,0.03,1,7,1,0
ORD_03638,894,0.01,3,6,1,0
ORD_03639,602,0.07,1,8,1,0
ORD_03640,959,0.4,1,8,0,0
ORD_03641,446,0.09,1,7,1,1
ORD_03642,574,0.05,1,5,1,0
ORD_03643,301,0.02,2,6,0,0
ORD_03644,646,0.01,2,10,0,0
ORD_03645,347,0.12,3,8,1,0
ORD_03646,272,0.12,3,7,1,0
ORD_03647,818,0.17,2,5,1,0
ORD_03648,788,0.04,2,10,0,0
ORD_03649,1244,0.18,2,8,1,0
ORD_03650,471,0.14,3,4,1,0
ORD_03651,921,0.13,2,6,1,1
ORD_03652,1033,0.09,1,4,1,0
ORD_03653,949,0.06,2,5,0,0
ORD_03654,343,0.21,2,10,1,0
ORD_03655,749,0.07,2,3,1,0
ORD_03656,890,0.05,3,2,1,1
ORD_03657,668,0.32,2,1,1,0
ORD_03658,250,0.12,3,3,0,1
ORD_03659,756,0.24,3,1,1,1
ORD_03660,3905,0.04,1,6,0,0
ORD_03661,498,0.15,1,2,0,0
ORD_03662,371,0.3,1,3,1,1
ORD_03663,896,0.17,3,8,1,0
ORD_03664,853,0.13,1,5,1,0
ORD_03665,1727,0.16,2,2,1,0
ORD_03666,250,0.08,2,2,1,0
ORD_03667,1194,0.08,2,3,1,0
ORD_03668,1066,0.13,1,3,1,0
ORD_03669,593,0.11,1,8,1,0
ORD_03670,872,0.54,1,5,1,0
ORD_03671,1515,0.16,2,8,1,0
ORD_03672,1336,0.18,1,4,0,1
ORD_03673,266,0.24,3,9,1,0
ORD_03674,1281,0.5,1,3,1,0
ORD_03675,631,0.07,2,2,0,0
ORD_03676,705,0.19,3,6,1,0
ORD_03677,705,0.01,2,4,0,0
ORD_03678,589,0.09,1,2,1,0
ORD_03679,1725,0.06,3,6,0,0
ORD_03680,622,0.05,1,4,0,0
ORD_03681,271,0.01,1,10,0,0
ORD_03682,485,0.05,1,4,1,0
ORD_03683,767,0.19,1,10,1,0
ORD_03684,1778,0.07,2,4,1,0
ORD_03685,1077,0.06,2,4,1,0
ORD_03686,336,0.01,2,8,1,0
ORD_03687,4856,0.1,1,1,0,0
ORD_03688,822,0.17,2,9,0,0
ORD_03689,1845,0.2,1,3,0,0
ORD_03690,589,0.13,1,5,1,0
ORD_03691,1019,0.09,1,5,1,0
ORD_03692,1301,0.24,2,4,0,0
ORD_03693,1762,0.13,2,4,1,0
ORD_03694,1549,0.18,1,7,1,0
ORD_03695,1336,0.1,3,4,1,0
ORD_03696,516,0.04,1,10,1,0
ORD_03697,420,0.02,2,3,1,1
ORD_03698,867,0.19,1,9,1,1
ORD_03699,1403,0.15,2,4,1,0
ORD_03700,556,0.15,2,4,1,1
ORD_03701,1559,0.08,2,10,1,0
ORD_03702,2126,0.15,1,8,0,0
ORD_03703,319,0.51,2,7,0,0
ORD_03704,340,0.26,2,4,0,1
ORD_03705,594,0.15,2,8,0,0
ORD_03706,850,0.18,1,10,0,0
ORD_03707,437,0.04,1,2,1,0
ORD_03708,1962,0.0,1,9,1,0
ORD_03709,933,0.22,1,2,0,0
ORD_03710,686,0.13,1,10,0,1
ORD_03711,250,0.05,1,3,1,0
ORD_03712,250,0.13,2,6,1,0
ORD_03713,832,0.01,2,7,1,0
ORD_03714,250,0.03,2,9,1,0
ORD_03715,1495,0.15,2,8,0,0
ORD_03716,586,0.43,2,6,0,0
ORD_03717,8905,0.14,2,8,0,0
ORD_03718,4214,0.23,3,5,0,0
ORD_03719,575,0.02,2,10,1,0
ORD_03720,610,0.02,2,10,0,0
ORD_03721,1475,0.01,3,9,0,0
ORD_03722,2598,0.06,1,4,1,0
ORD_03723,250,0.25,2,1,0,0
ORD_03724,250,0.26,1,8,1,1
ORD_03725,404,0.5,3,5,1,1
ORD_03726,1060,0.28,2,9,1,1
ORD_03727,989,0.02,2,3,0,0
ORD_03728,1565,0.17,2,9,0,0
ORD_03729,254,0.17,2,8,0,0
ORD_03730,250,0.02,2,6,1,0
ORD_03731,1321,0.01,3,10,0,0
ORD_03732,342,0.11,2,10,0,0
ORD_03733,250,0.17,3,8,1,0
ORD_03734,746,0.04,2,8,0,0
ORD_03735,1254,0.19,2,7,1,0
ORD_03736,603,0.02,1,7,1,0
ORD_03737,461,0.12,1,3,1,0
ORD_03738,585,0.01,3,7,1,0
ORD_03739,494,0.04,2,3,0,0
ORD_03740,250,0.1,2,9,1,1
ORD_03741,375,0.12,2,5,1,1
ORD_03742,1009,0.17,1,8,1,0
ORD_03743,860,0.08,2,3,1,0
ORD_03744,760,0.06,1,3,0,0
ORD_03745,300,0.14,3,3,0,0
ORD_03746,575,0.06,2,8,1,1
ORD_03747,250,0.12,3,9,1,0
ORD_03748,767,0.15,2,7,1,1
ORD_03749,2086,0.03,1,1,1,0
ORD_03750,250,0.06,3,6,1,0
ORD_03751,416,0.33,1,3,1,0
ORD_03752,865,0.01,2,1,1,0
ORD_03753,1812,0.01,1,10,1,0
ORD_03754,464,0.05,2,2,1,0
ORD_03755,382,0.12,1,3,1,1
ORD_03756,250,0.01,2,7,1,1
ORD_03757,722,0.15,3,6,1,0
ORD_03758,3407,0.29,2,2,1,1
ORD_03759,830,0.04,1,5,1,0
ORD_03760,653,0.33,2,1,1,1
ORD_03761,860,0.21,3,3,0,1
ORD_03762,659,0.31,1,1,0,0
ORD_03763,347,0.06,1,3,1,0
ORD_03764,1285,0.23,1,2,1,1
ORD_03765,796,0.0,2,4,1,0
ORD_03766,674,0.03,2,5,0,0
ORD_03767,304,0.19,2,3,0,1
ORD_03768,1887,0.27,2,10,1,0
ORD_03769,1132,0.02,2,5,1,0
ORD_03770,427,0.09,2,7,0,0
ORD_03771,1482,0.09,2,10,1,0
ORD_03772,446,0.11,1,9,0,0
ORD_03773,355,0.26,1,8,1,0
ORD_03774,362,0.15,1,6,0,1
ORD_03775,250,0.05,3,9,1,1
ORD_03776,969,0.05,2,8,1,0
ORD_03777,250,0.56,1,4,0,0
ORD_03778,250,0.12,1,2,1,1
ORD_03779,250,0.09,2,9,0,0
ORD_03780,620,0.09,2,6,1,1
ORD_03781,589,0.04,1,10,0,0
ORD_03782,512,0.03,1,8,1,0
ORD_03783,288,0.25,1,8,0,0
ORD_03784,260,0.33,2,4,0,0
ORD_03785,964,0.34,1,10,1,0
ORD_03786,428,0.16,2,5,1,1
ORD_03787,856,0.07,3,1,1,1
ORD_03788,327,0.45,1,9,1,1
ORD_03789,768,0.23,1,7,1,1
ORD_03790,1886,0.2,1,1,1,1
ORD_03791,1063,0.08,2,10,1,1
ORD_03792,478,0.01,2,10,1,0
ORD_03793,817,0.16,1,3,0,0
ORD_03794,548,0.02,1,9,1,0
ORD_03795,669,0.27,2,1,1,1
ORD_03796,512,0.1,2,6,0,0
ORD_03797,583,0.03,1,5,1,1
ORD_03798,788,0.2,1,4,1,0
ORD_03799,300,0.18,2,1,1,1
ORD_03800,295,0.42,1,7,0,0
ORD_03801,250,0.12,1,1,1,1
ORD_03802,250,0.23,2,1,1,1
ORD_03803,251,0.25,1,2,0,0
ORD_03804,755,0.07,3,9,1,1
ORD_03805,325,0.12,2,1,1,1
ORD_03806,1003,0.16,1,8,1,1
ORD_03807,683,0.11,2,1,0,0
ORD_03808,250,0.09,2,1,0,0
ORD_03809,1123,0.43,1,9,1,0
ORD_03810,1272,0.17,1,8,1,0
ORD_03811,300,0.11,2,1,1,1
ORD_03812,930,0.06,2,7,1,0
ORD_03813,335,0.08,2,8,1,1
ORD_03814,719,0.05,1,2,1,0
ORD_03815,250,0.07,3,4,1,0
ORD_03816,250,0.12,2,2,1,0
ORD_03817,489,0.04,2,6,0,0
ORD_03818,602,0.21,2,5,0,0
ORD_03819,483,0.58,1,5,0,0
ORD_03820,257,0.2,3,8,1,1
ORD_03821,483,0.2,1,1,0,0
ORD_03822,825,0.14,2,10,0,0
ORD_03823,641,0.07,2,2,1,0
ORD_03824,769,0.07,3,1,1,1
ORD_03825,389,0.05,2,4,0,0
ORD_03826,1698,0.42,2,2,0,0
ORD_03827,259,0.08,3,10,1,0
ORD_03828,982,0.16,3,7,0,0
ORD_03829,1712,0.44,1,5,1,0
ORD_03830,977,0.16,1,5,1,0
ORD_03831,565,0.23,2,1,0,1
ORD_03832,435,0.28,3,2,1,1
ORD_03833,1523,0.12,2,5,0,0
ORD_03834,250,0.01,1,7,1,0
ORD_03835,306,0.13,2,1,1,0
ORD_03836,483,0.06,1,7,1,0
ORD_03837,1790,0.52,2,2,0,0
ORD_03838,901,0.19,1,2,0,1
ORD_03839,306,0.14,2,9,1,1
ORD_03840,518,0.04,3,8,1,0
ORD_03841,406,0.06,2,10,1,1
ORD_03842,376,0.04,1,4,1,1
ORD_03843,1455,0.03,2,5,0,0
ORD_03844,250,0.03,1,9,0,0
ORD_03845,2409,0.16,2,4,0,0
ORD_03846,1290,0.06,2,10,1,1
ORD_03847,1591,0.23,2,8,1,0
ORD_03848,459,0.2,3,5,1,0
ORD_03849,589,0.29,1,1,0,0
ORD_03850,250,0.04,3,7,1,0
ORD_03851,437,0.14,1,10,0,0
ORD_03852,987,0.07,2,3,1,0
ORD_03853,1875,0.46,1,7,0,0
ORD_03854,274,0.02,1,8,1,0
ORD_03855,496,0.25,2,4,1,0
ORD_03856,589,0.7,1,6,1,0
ORD_03857,250,0.23,1,10,0,0
ORD_03858,1067,0.23,1,7,0,1
ORD_03859,372,0.27,2,8,0,0
ORD_03860,568,0.09,1,3,1,0
ORD_03861,463,0.05,2,7,0,0
ORD_03862,353,0.21,2,5,1,0
ORD_03863,661,0.01,2,7,1,0
ORD_03864,559,0.19,1,6,0,0
ORD_03865,493,0.21,2,5,1,0
ORD_03866,371,0.17,2,3,1,1
ORD_03867,858,0.04,2,10,1,1
ORD_03868,2497,0.17,2,2,0,0
ORD_03869,743,0.12,1,3,0,1
ORD_03870,1475,0.39,2,2,1,1
ORD_03871,250,0.03,1,3,0,0
ORD_03872,754,0.42,1,2,1,0
ORD_03873,276,0.11,1,1,1,0
ORD_03874,250,0.08,3,9,1,0
ORD_03875,368,0.06,2,10,1,0
ORD_03876,1725,0.52,3,5,1,1
ORD_03877,1422,0.16,3,9,0,0
ORD_03878,807,0.15,3,8,1,0
ORD_03879,250,0.16,1,7,0,0
ORD_03880,568,0.04,2,6,1,0
ORD_03881,846,0.12,2,4,1,0
ORD_03882,765,0.14,2,10,1,1
ORD_03883,250,0.28,1,10,0,0
ORD_03884,326,0.2,1,7,0,0
ORD_03885,631,0.01,2,7,0,0
ORD_03886,1021,0.13,3,1,0,1
ORD_03887,250,0.03,2,9,1,0
ORD_03888,584,0.31,1,4,0,0
ORD_03889,745,0.09,3,7,1,0
ORD_03890,1312,0.04,1,9,1,0
ORD_03891,1157,0.38,3,2,1,1
ORD_03892,1060,0.11,3,8,1,0
ORD_03893,350,0.02,2,4,0,0
ORD_03894,250,0.25,2,4,0,0
ORD_03895,485,0.04,2,3,0,0
ORD_03896,1482,0.07,2,10,0,1
ORD_03897,2027,0.11,1,4,1,0
ORD_03898,1174,0.21,2,9,1,0
ORD_03899,937,0.1,1,1,1,0
ORD_03900,901,0.24,2,9,1,1
ORD_03901,426,0.18,2,10,1,1
ORD_03902,599,0.7,1,9,1,0
ORD_03903,2528,0.12,3,1,1,1
ORD_03904,312,0.03,2,9,1,0
ORD_03905,2420,0.08,2,6,1,0
ORD_03906,514,0.04,1,8,0,0
ORD_03907,1920,0.06,2,8,1,1
ORD_03908,250,0.12,1,8,0,0
ORD_03909,1062,0.01,1,8,0,0
ORD_03910,368,0.43,1,1,1,0
ORD_03911,250,0.23,1,1,1,0
ORD_03912,792,0.03,2,7,1,0
ORD_03913,1491,0.19,2,9,1,0
ORD_03914,338,0.06,2,10,1,0
ORD_03915,250,0.02,2,8,1,0
ORD_03916,618,0.26,3,5,1,0
ORD_03917,620,0.2,1,8,1,0
ORD_03918,1031,0.01,2,9,0,0
ORD_03919,1421,0.12,3,7,0,0
ORD_03920,634,0.07,1,10,1,0
ORD_03921,2934,0.09,2,3,1,0
ORD_03922,795,0.04,2,9,1,1
ORD_03923,504,0.13,1,5,1,0
ORD_03924,250,0.02,1,8,1,0
ORD_03925,539,0.07,2,1,1,0
ORD_03926,508,0.22,2,1,1,1
ORD_03927,1434,0.17,1,3,0,0
ORD_03928,962,0.06,2,2,1,0
ORD_03929,258,0.21,2,5,0,1
ORD_03930,763,0.07,1,9,1,1
ORD_03931,1138,0.54,2,9,1,0
ORD_03932,2258,0.21,2,8,0,0
ORD_03933,1352,0.37,1,5,1,0
ORD_03934,1222,0.07,2,3,1,0
ORD_03935,697,0.28,1,6,1,0
ORD_03936,907,0.12,1,8,1,1
ORD_03937,1807,0.18,1,6,0,0
ORD_03938,250,0.01,3,7,0,1
ORD_03939,502,0.08,3,7,1,0
ORD_03940,358,0.2,2,7,1,0
ORD_03941,900,0.15,2,9,0,0
ORD_03942,1779,0.07,1,9,1,0
ORD_03943,412,0.1,2,1,1,0
ORD_03944,250,0.01,1,3,1,0
ORD_03945,478,0.14,2,5,0,0
ORD_03946,1381,0.09,3,4,1,1
ORD_03947,1022,0.11,1,1,1,0
ORD_03948,936,0.17,2,1,1,0
ORD_03949,531,0.16,2,4,1,0
ORD_03950,250,0.44,1,5,1,1
ORD_03951,1004,0.18,2,4,1,1
ORD_03952,341,0.3,2,2,1,0
ORD_03953,3817,0.15,2,5,0,0
ORD_03954,1049,0.22,1,10,0,1
ORD_03955,417,0.1,2,3,0,0
ORD_03956,407,0.04,3,7,1,0
ORD_03957,617,0.07,2,4,1,0
ORD_03958,549,0.18,2,2,1,1
ORD_03959,1625,0.18,1,8,1,0
ORD_03960,772,0.01,1,10,1,0
ORD_03961,370,0.13,3,2,0,0
ORD_03962,3018,0.02,1,7,0,0
ORD_03963,691,0.07,3,8,0,1
ORD_03964,1230,0.15,1,10,1,0
ORD_03965,408,0.06,1,3,1,0
ORD_03966,889,0.11,1,6,0,0
ORD_03967,853,0.03,2,4,1,0
ORD_03968,250,0.07,2,2,1,0
ORD_03969,3334,0.01,3,8,0,0
ORD_03970,1867,0.09,1,2,1,1
ORD_03971,484,0.08,1,9,1,0
ORD_03972,275,0.09,2,9,1,0
ORD_03973,878,0.03,2,8,1,0
ORD_03974,712,0.32,1,10,0,0
ORD_03975,884,0.34,1,3,0,0
ORD_03976,775,0.06,1,8,1,0
ORD_03977,997,0.03,2,5,0,0
ORD_03978,2117,0.11,2,10,1,0
ORD_03979,1047,0.13,2,5,0,0
ORD_03980,287,0.09,1,2,0,0
ORD_03981,1978,0.22,3,3,0,1
ORD_03982,2471,0.31,1,8,0,0
ORD_03983,8280,0.16,1,1,1,0
ORD_03984,270,0.21,2,4,0,0
ORD_03985,807,0.02,2,6,1,0
ORD_03986,250,0.01,1,9,1,0
ORD_03987,1035,0.03,3,8,1,0
ORD_03988,428,0.19,2,10,1,0
ORD_03989,3098,0.17,1,5,0,0
ORD_03990,357,0.48,2,7,0,0
ORD_03991,250,0.41,2,8,1,1
ORD_03992,456,0.17,2,9,1,0
ORD_03993,250,0.05,3,3,0,0
ORD_03994,1213,0.06,2,8,1,0
ORD_03995,250,0.06,1,3,0,0
ORD_03996,680,0.07,2,1,0,0
ORD_03997,250,0.11,2,4,1,0
ORD_03998,514,0.05,2,7,0,0
ORD_03999,2476,0.13,1,9,1,0
ORD_04000,887,0.16,3,10,1,0
ORD_04001,333,0.12,2,7,0,0
ORD_04002,648,0.05,2,10,1,1
ORD_04003,674,0.16,2,5,0,0
ORD_04004,970,0.26,2,1,1,0
ORD_04005,250,0.03,1,1,1,0
ORD_04006,1068,0.15,3,9,1,1
ORD_04007,250,0.06,1,4,0,0
ORD_04008,401,0.07,2,3,1,0
ORD_04009,450,0.35,2,5,0,0
ORD_04010,1103,0.29,2,7,1,0
ORD_04011,677,0.13,2,7,0,0
ORD_04012,250,0.38,1,5,1,0
ORD_04013,302,0.09,2,8,1,0
ORD_04014,779,0.27,3,5,0,0
ORD_04015,624,0.02,2,10,1,0
ORD_04016,418,0.12,1,4,1,0
ORD_04017,452,0.09,3,6,0,0
ORD_04018,1160,0.1,2,3,1,0
ORD_04019,439,0.32,1,4,0,0
ORD_04020,619,0.04,2,8,1,0
ORD_04021,3774,0.11,2,10,1,1
ORD_04022,250,0.19,1,10,0,1
ORD_04023,250,0.18,3,3,1,1
ORD_04024,1244,0.32,1,10,1,0
ORD_04025,386,0.16,2,3,1,0
ORD_04026,515,0.08,2,6,1,1
ORD_04027,356,0.02,3,8,1,0
ORD_04028,540,0.12,1,10,0,0
ORD_04029,2389,0.0,1,2,0,0
ORD_04030,1263,0.01,2,1,1,1
ORD_04031,1325,0.05,2,10,1,1
ORD_04032,250,0.18,3,1,0,0
ORD_04033,264,0.23,1,7,0,0
ORD_04034,250,0.09,2,2,0,0
ORD_04035,348,0.03,1,9,1,0
ORD_04036,1429,0.44,2,10,0,0
ORD_04037,1005,0.09,1,4,1,0
ORD_04038,557,0.14,3,7,1,1
ORD_04039,653,0.05,1,5,1,1
ORD_04040,383,0.12,2,5,1,0
ORD_04041,783,0.01,1,7,1,1
ORD_04042,1227,0.04,2,9,1,0
ORD_04043,250,0.14,2,4,1,0
ORD_04044,845,0.55,1,9,1,1
ORD_04045,1402,0.17,1,9,0,0
ORD_04046,477,0.01,1,8,1,0
ORD_04047,1165,0.3,1,1,0,0
ORD_04048,6321,0.06,1,10,0,0
ORD_04049,611,0.04,2,9,0,0
ORD_04050,911,0.24,2,3,1,0
ORD_04051,368,0.1,2,8,1,0
ORD_04052,768,0.01,1,5,0,0
ORD_04053,961,0.08,1,6,0,0
ORD_04054,777,0.04,2,3,1,0
ORD_04055,294,0.14,2,7,0,0
ORD_04056,784,0.21,1,2,1,1
ORD_04057,2142,0.15,1,3,0,0
ORD_04058,952,0.41,1,2,0,1
ORD_04059,1435,0.09,1,9,1,0
ORD_04060,550,0.04,2,3,1,1
ORD_04061,1211,0.26,1,8,1,0
ORD_04062,831,0.01,3,6,1,0
ORD_04063,310,0.17,3,1,1,1
ORD_04064,858,0.01,2,6,1,0
ORD_04065,300,0.0,1,8,1,0
ORD_04066,400,0.04,1,10,1,0
ORD_04067,773,0.16,2,3,1,0
ORD_04068,843,0.21,1,7,0,0
ORD_04069,256,0.17,3,6,0,0
ORD_04070,1545,0.03,1,1,0,0
ORD_04071,1051,0.13,2,2,1,0
ORD_04072,378,0.19,2,5,1,1
ORD_04073,250,0.12,3,7,0,0
ORD_04074,592,0.05,2,4,1,0
ORD_04075,465,0.13,2,6,1,0
ORD_04076,728,0.07,3,2,1,0
ORD_04077,497,0.06,1,5,0,0
ORD_04078,250,0.02,1,10,1,0
ORD_04079,487,0.0,1,3,0,0
ORD_04080,520,0.11,2,1,1,0
ORD_04081,1104,0.02,1,6,0,1
ORD_04082,380,0.35,1,9,0,1
ORD_04083,2547,0.21,1,10,1,0
ORD_04084,250,0.24,2,8,1,0
ORD_04085,1898,0.02,2,4,0,0
ORD_04086,555,0.2,3,8,0,0
ORD_04087,1323,0.18,1,5,1,0
ORD_04088,708,0.0,2,3,1,0
ORD_04089,1655,0.15,2,4,0,0
ORD_04090,487,0.05,2,7,1,0
ORD_04091,276,0.12,1,5,0,0
ORD_04092,2072,0.09,1,4,1,0
ORD_04093,607,0.11,3,3,1,1
ORD_04094,794,0.17,3,3,1,0
ORD_04095,1786,0.09,1,10,1,0
ORD_04096,291,0.39,3,6,0,0
ORD_04097,1071,0.09,1,8,1,0
ORD_04098,414,0.02,2,4,1,0
ORD_04099,598,0.03,2,1,1,0
ORD_04100,704,0.21,1,4,1,1
ORD_04101,250,0.03,1,5,0,0
ORD_04102,356,0.09,2,8,1,0
ORD_04103,1960,0.26,2,7,1,1
ORD_04104,1351,0.17,1,2,1,0
ORD_04105,632,0.19,1,9,1,0
ORD_04106,807,0.25,3,3,1,0
ORD_04107,525,0.06,1,9,1,1
ORD_04108,1968,0.08,1,1,0,0
ORD_04109,566,0.55,2,9,1,1
ORD_04110,800,0.04,1,7,0,0
ORD_04111,1663,0.09,1,2,1,0
ORD_04112,357,0.11,3,10,1,1
ORD_04113,2314,0.06,3,7,0,0
ORD_04114,250,0.1,1,1,0,0
ORD_04115,2449,0.02,3,3,1,0
ORD_04116,493,0.1,3,7,0,0
ORD_04117,547,0.16,2,3,0,0
ORD_04118,250,0.25,2,2,1,0
ORD_04119,462,0.19,1,5,1,1
ORD_04120,289,0.13,1,3,0,0
ORD_04121,409,0.13,2,9,1,0
ORD_04122,595,0.31,3,7,0,0
ORD_04123,1431,0.02,2,1,1,1
ORD_04124,785,0.23,1,1,1,1
ORD_04125,850,0.03,1,6,0,0
ORD_04126,276,0.15,2,4,1,0
ORD_04127,328,0.17,2,1,1,0
ORD_04128,2804,0.19,1,9,1,1
ORD_04129,369,0.1,2,2,1,0
ORD_04130,2502,0.19,2,1,1,0
ORD_04131,547,0.12,1,3,1,1
ORD_04132,666,0.09,1,10,0,0
ORD_04133,1566,0.2,1,1,1,1
ORD_04134,1839,0.15,3,4,0,0
ORD_04135,608,0.29,2,4,1,0
ORD_04136,487,0.01,2,6,0,0
ORD_04137,636,0.01,2,3,1,0
ORD_04138,871,0.0,1,9,1,0
ORD_04139,1357,0.01,1,6,1,0
ORD_04140,667,0.34,2,7,1,0
ORD_04141,1091,0.08,2,6,1,0
ORD_04142,2466,0.08,1,9,0,0
ORD_04143,902,0.18,1,2,0,0
ORD_04144,853,0.04,2,8,1,0
ORD_04145,250,0.01,2,5,1,0
ORD_04146,250,0.13,1,2,0,1
ORD_04147,907,0.22,2,7,1,0
ORD_04148,616,0.16,3,5,1,1
ORD_04149,440,0.13,1,8,0,0
ORD_04150,808,0.18,2,10,1,0
ORD_04151,633,0.14,2,6,1,0
ORD_04152,1639,0.07,1,7,0,0
ORD_04153,712,0.42,2,1,1,1
ORD_04154,365,0.01,3,2,0,1
ORD_04155,1468,0.03,3,9,1,0
ORD_04156,559,0.39,1,7,1,1
ORD_04157,1013,0.18,3,7,0,0
ORD_04158,453,0.05,2,4,0,0
ORD_04159,395,0.05,1,4,0,0
ORD_04160,711,0.08,1,3,1,1
ORD_04161,672,0.04,3,10,1,1
ORD_04162,976,0.11,2,4,1,0
ORD_04163,536,0.1,3,10,1,0
ORD_04164,250,0.12,1,6,0,0
ORD_04165,470,0.11,2,3,1,1
ORD_04166,1255,0.05,1,10,1,0
ORD_04167,524,0.31,1,8,0,1
ORD_04168,546,0.1,3,1,1,1
ORD_04169,1464,0.35,1,6,1,1
ORD_04170,376,0.1,2,2,0,0
ORD_04171,250,0.35,3,1,1,1
ORD_04172,584,0.35,3,4,0,1
ORD_04173,451,0.08,2,6,1,0
ORD_04174,307,0.08,2,7,1,0
ORD_04175,578,0.18,2,1,1,1
ORD_04176,985,0.02,1,3,1,0
ORD_04177,660,0.1,1,6,1,0
ORD_04178,850,0.11,1,6,0,0
ORD_04179,2837,0.03,1,10,1,0
ORD_04180,505,0.09,1,6,1,0
ORD_04181,831,0.07,1,7,1,0
ORD_04182,442,0.36,1,7,1,1
ORD_04183,337,0.1,1,10,0,0
ORD_04184,416,0.41,2,8,1,0
ORD_04185,453,0.09,1,2,1,0
ORD_04186,886,0.03,2,10,1,0
ORD_04187,4355,0.03,3,1,0,0
ORD_04188,375,0.07,1,10,1,0
ORD_04189,476,0.08,1,7,0,0
ORD_04190,632,0.06,2,1,1,0
ORD_04191,912,0.19,3,2,1,1
ORD_04192,821,0.12,1,1,1,0
ORD_04193,1858,0.32,1,1,0,0
ORD_04194,250,0.43,1,3,0,0
ORD_04195,250,0.17,2,4,1,0
ORD_04196,447,0.1,3,5,1,0
ORD_04197,1600,0.3,2,5,1,0
ORD_04198,250,0.02,2,2,1,0
ORD_04199,250,0.03,2,3,1,0
ORD_04200,1050,0.21,1,8,0,1
ORD_04201,808,0.06,2,2,1,0
ORD_04202,278,0.07,1,4,1,0
ORD_04203,302,0.4,1,7,1,0
ORD_04204,306,0.12,1,9,0,0
ORD_04205,726,0.15,2,3,0,0
ORD_04206,403,0.31,2,3,0,0
ORD_04207,987,0.02,2,7,1,1
ORD_04208,250,0.53,1,8,1,1
ORD_04209,335,0.09,1,4,1,0
ORD_04210,270,0.01,1,1,1,0
ORD_04211,541,0.36,1,5,1,0
ORD_04212,432,0.14,2,4,0,0
ORD_04213,1259,0.1,1,8,1,0
ORD_04214,250,0.15,2,7,1,0
ORD_04215,689,0.15,2,2,1,0
ORD_04216,1039,0.01,1,6,0,0
ORD_04217,2937,0.08,2,4,0,0
ORD_04218,452,0.13,1,7,1,0
ORD_04219,862,0.22,2,9,0,0
ORD_04220,250,0.01,3,7,1,0
ORD_04221,250,0.34,2,2,1,1
ORD_04222,1307,0.21,1,8,1,0
ORD_04223,662,0.12,3,6,1,1
ORD_04224,1707,0.06,2,9,1,1
ORD_04225,250,0.17,2,7,0,0
ORD_04226,1008,0.1,2,5,0,0
ORD_04227,2966,0.27,1,8,0,0
ORD_04228,930,0.18,2,7,0,0
ORD_04229,829,0.0,2,1,1,0
ORD_04230,669,0.3,3,5,1,0
ORD_04231,250,0.01,1,7,1,0
ORD_04232,1967,0.12,1,10,0,0
ORD_04233,408,0.08,3,7,0,0
ORD_04234,995,0.09,1,3,1,1
ORD_04235,250,0.0,3,5,1,0
ORD_04236,258,0.38,1,8,0,0
ORD_04237,2096,0.22,1,9,1,0
ORD_04238,503,0.25,1,9,1,0
ORD_04239,2127,0.04,2,10,0,0
ORD_04240,624,0.4,1,5,0,1
ORD_04241,250,0.23,1,2,1,0
ORD_04242,1357,0.0,1,8,1,0
ORD_04243,414,0.08,1,7,1,0
ORD_04244,1163,0.34,2,4,1,1
ORD_04245,678,0.3,1,5,1,1
ORD_04246,250,0.11,1,10,1,0
ORD_04247,758,0.03,1,10,1,0
ORD_04248,3854,0.09,2,2,0,0
ORD_04249,986,0.01,1,9,1,0
ORD_04250,635,0.2,2,6,0,0
ORD_04251,1572,0.2,1,9,1,0
ORD_04252,787,0.1,1,8,1,0
ORD_04253,786,0.24,3,1,1,1
ORD_04254,277,0.44,3,9,1,0
ORD_04255,801,0.17,1,9,1,0
ORD_04256,1522,0.39,2,4,1,0
ORD_04257,340,0.28,2,1,1,0
ORD_04258,2078,0.21,3,4,1,1
ORD_04259,618,0.15,3,6,1,0
ORD_04260,326,0.02,2,4,0,0
ORD_04261,1477,0.03,3,9,1,0
ORD_04262,528,0.02,3,4,1,1
ORD_04263,1221,0.07,2,10,1,1
ORD_04264,526,0.23,2,8,1,0
ORD_04265,634,0.02,2,2,0,0
ORD_04266,987,0.22,1,7,1,1
ORD_04267,839,0.07,2,8,1,0
ORD_04268,250,0.09,2,6,0,0
ORD_04269,271,0.28,1,10,0,0
ORD_04270,1399,0.05,3,6,0,0
ORD_04271,598,0.01,3,8,0,0
ORD_04272,437,0.01,1,3,0,0
ORD_04273,250,0.03,2,2,1,1
ORD_04274,280,0.04,1,9,0,0
ORD_04275,250,0.07,2,8,1,0
ORD_04276,613,0.13,2,10,0,1
ORD_04277,412,0.1,2,5,1,0
ORD_04278,306,0.2,2,5,1,0
ORD_04279,629,0.24,3,6,1,0
ORD_04280,889,0.39,2,6,1,1
ORD_04281,3549,0.15,2,2,0,0
ORD_04282,250,0.16,2,7,1,1
ORD_04283,1681,0.1,3,3,1,1
ORD_04284,1448,0.14,1,8,1,0
ORD_04285,356,0.1,1,9,1,0
ORD_04286,782,0.1,3,3,0,0
ORD_04287,461,0.23,2,6,1,0
ORD_04288,771,0.48,3,8,1,0
ORD_04289,2224,0.13,1,6,0,0
ORD_04290,1079,0.07,3,10,1,1
ORD_04291,999,0.13,2,3,1,0
ORD_04292,471,0.15,3,4,0,1
ORD_04293,250,0.14,2,9,1,0
ORD_04294,562,0.02,1,1,0,0
ORD_04295,1746,0.24,2,4,1,0
ORD_04296,250,0.15,2,10,1,0
ORD_04297,285,0.11,2,1,0,0
ORD_04298,735,0.36,2,8,0,0
ORD_04299,302,0.24,2,7,1,0
ORD_04300,352,0.01,1,7,0,0
ORD_04301,473,0.15,2,2,0,0
ORD_04302,250,0.04,1,10,1,0
ORD_04303,305,0.08,1,6,0,0
ORD_04304,1167,0.07,2,8,0,0
ORD_04305,250,0.03,2,8,1,0
ORD_04306,250,0.24,3,5,0,0
ORD_04307,401,0.35,2,8,0,0
ORD_04308,1194,0.1,3,2,1,1
ORD_04309,568,0.05,1,4,1,0
ORD_04310,458,0.01,3,10,1,0
ORD_04311,689,0.17,3,2,1,0
ORD_04312,250,0.07,2,5,1,0
ORD_04313,988,0.14,1,3,1,0
ORD_04314,903,0.07,2,6,1,1
ORD_04315,479,0.03,1,7,1,1
ORD_04316,1487,0.01,2,6,1,0
ORD_04317,269,0.06,1,2,1,0
ORD_04318,1639,0.2,2,2,1,0
ORD_04319,752,0.24,1,4,1,1
ORD_04320,508,0.14,1,7,1,0
ORD_04321,654,0.0,1,8,1,0
ORD_04322,610,0.27,1,5,0,0
ORD_04323,1765,0.22,2,10,1,1
ORD_04324,281,0.02,1,1,0,0
ORD_04325,361,0.12,2,9,1,0
ORD_04326,1523,0.09,2,8,0,0
ORD_04327,413,0.03,1,1,1,0
ORD_04328,1367,0.0,1,9,0,0
ORD_04329,2590,0.09,2,5,1,1
ORD_04330,482,0.04,3,8,0,0
ORD_04331,1147,0.15,2,10,1,0
ORD_04332,264,0.02,2,10,1,1
ORD_04333,1216,0.04,2,2,1,0
ORD_04334,780,0.07,3,7,1,1
ORD_04335,971,0.17,3,9,1,1
ORD_04336,396,0.26,2,7,0,0
ORD_04337,250,0.15,1,9,0,0
ORD_04338,994,0.3,2,4,1,0
ORD_04339,250,0.19,1,5,0,0
ORD_04340,516,0.05,2,7,1,0
ORD_04341,1412,0.04,2,1,0,1
ORD_04342,775,0.02,2,2,0,0
ORD_04343,3161,0.01,2,2,1,0
ORD_04344,1510,0.01,1,10,1,0
ORD_04345,394,0.27,3,9,0,1
ORD_04346,679,0.3,1,3,1,0
ORD_04347,640,0.28,1,9,1,0
ORD_04348,250,0.04,2,1,0,0
ORD_04349,313,0.02,3,3,0,1
ORD_04350,424,0.29,2,10,1,0
ORD_04351,250,0.21,2,2,0,0
ORD_04352,690,0.31,2,2,1,0
ORD_04353,544,0.14,1,1,1,0
ORD_04354,250,0.13,2,6,1,0
ORD_04355,919,0.33,1,5,1,0
ORD_04356,1179,0.1,3,5,1,1
ORD_04357,797,0.14,1,9,1,0
ORD_04358,513,0.13,1,6,1,0
ORD_04359,1067,0.06,2,9,0,0
ORD_04360,1146,0.17,2,4,1,0
ORD_04361,850,0.25,2,7,0,0
ORD_04362,343,0.0,1,4,0,0
ORD_04363,829,0.05,1,1,1,1
ORD_04364,1730,0.3,3,4,0,0
ORD_04365,412,0.01,2,2,1,0
ORD_04366,3562,0.1,2,5,0,0
ORD_04367,436,0.19,2,2,1,1
ORD_04368,682,0.21,2,2,1,1
ORD_04369,388,0.2,2,4,1,1
ORD_04370,795,0.04,2,7,0,1
ORD_04371,250,0.08,1,3,0,0
ORD_04372,429,0.26,2,7,1,0
ORD_04373,277,0.16,1,9,1,1
ORD_04374,741,0.06,2,3,1,0
ORD_04375,1473,0.21,2,4,1,0
ORD_04376,1115,0.21,1,1,0,0
ORD_04377,250,0.33,2,7,1,0
ORD_04378,3407,0.01,1,1,1,0
ORD_04379,842,0.01,3,3,1,1
ORD_04380,357,0.24,1,9,0,0
ORD_04381,754,0.25,3,5,0,0
ORD_04382,765,0.18,2,10,1,0
ORD_04383,390,0.18,1,10,1,0
ORD_04384,779,0.14,1,2,1,1
ORD_04385,409,0.1,1,9,1,0
ORD_04386,481,0.09,1,6,1,0
ORD_04387,384,0.13,1,9,0,0
ORD_04388,250,0.27,1,4,1,0
ORD_04389,747,0.1,1,6,0,0
ORD_04390,1062,0.02,2,7,1,0
ORD_04391,1004,0.16,1,6,0,0
ORD_04392,1281,0.24,2,4,1,1
ORD_04393,862,0.12,1,8,1,1
ORD_04394,434,0.05,3,6,1,0
ORD_04395,1302,0.14,2,2,1,1
ORD_04396,250,0.14,2,6,1,0
ORD_04397,323,0.35,1,1,0,0
ORD_04398,307,0.24,2,9,1,0
ORD_04399,1578,0.32,1,10,1,1
ORD_04400,1414,0.04,3,7,1,0
ORD_04401,982,0.02,3,8,1,0
ORD_04402,1567,0.42,2,4,1,0
ORD_04403,329,0.15,2,8,1,0
ORD_04404,879,0.04,2,1,1,0
ORD_04405,601,0.2,1,4,0,0
ORD_04406,1309,0.06,2,6,1,0
ORD_04407,606,0.05,1,10,0,0
ORD_04408,488,0.63,2,7,1,1
ORD_04409,1025,0.15,1,3,1,0
ORD_04410,1340,0.02,1,10,1,0
ORD_04411,389,0.08,2,10,1,0
ORD_04412,633,0.27,1,2,1,0
ORD_04413,285,0.14,2,9,0,0
ORD_04414,250,0.16,2,1,0,0
ORD_04415,780,0.52,3,10,1,1
ORD_04416,1082,0.07,1,1,0,0
ORD_04417,820,0.04,2,10,0,0
ORD_04418,250,0.31,3,2,1,1
ORD_04419,502,0.02,1,5,0,0
ORD_04420,250,0.01,2,1,0,0
ORD_04421,1989,0.06,1,6,1,0
ORD_04422,278,0.04,1,8,0,0
ORD_04423,1815,0.31,1,10,1,0
ORD_04424,1417,0.33,2,2,1,0
ORD_04425,323,0.12,1,5,1,0
ORD_04426,268,0.1,1,3,1,0
ORD_04427,880,0.0,2,2,0,0
ORD_04428,338,0.13,1,6,1,0
ORD_04429,721,0.01,2,1,1,0
ORD_04430,452,0.04,1,8,1,0
ORD_04431,250,0.15,1,6,0,1
ORD_04432,250,0.11,2,4,1,1
ORD_04433,797,0.17,2,5,1,0
ORD_04434,424,0.07,3,2,1,0
ORD_04435,427,0.34,2,8,0,1
ORD_04436,1160,0.0,3,6,0,0
ORD_04437,1700,0.02,1,6,1,1
ORD_04438,534,0.01,2,3,1,0
ORD_04439,506,0.02,2,1,0,0
ORD_04440,992,0.04,2,8,1,1
ORD_04441,250,0.2,3,7,1,0
ORD_04442,795,0.36,2,1,1,1
ORD_04443,1034,0.07,1,8,1,0
ORD_04444,1146,0.1,3,10,1,0
ORD_04445,250,0.04,1,2,0,0
ORD_04446,361,0.35,1,8,0,0
ORD_04447,329,0.14,2,5,1,0
ORD_04448,720,0.01,1,8,1,0
ORD_04449,977,0.01,1,6,1,1
ORD_04450,2202,0.11,3,2,0,0
ORD_04451,447,0.54,1,7,0,1
ORD_04452,446,0.13,2,6,1,1
ORD_04453,1668,0.22,1,4,1,0
ORD_04454,843,0.35,1,9,1,0
ORD_04455,1833,0.25,1,4,1,1
ORD_04456,837,0.02,2,1,1,0
ORD_04457,263,0.01,1,3,0,0
ORD_04458,250,0.07,2,8,0,0
ORD_04459,250,0.19,2,3,1,0
ORD_04460,1129,0.16,2,7,1,0
ORD_04461,1721,0.02,1,1,0,0
ORD_04462,2920,0.04,1,4,0,0
ORD_04463,1305,0.19,2,4,0,0
ORD_04464,1686,0.16,3,9,1,0
ORD_04465,418,0.1,2,1,1,1
ORD_04466,263,0.05,2,9,1,1
ORD_04467,1312,0.11,3,10,1,0
ORD_04468,929,0.16,1,8,0,1
ORD_04469,724,0.02,1,10,1,0
ORD_04470,906,0.01,2,6,1,1
ORD_04471,861,0.07,1,4,1,0
ORD_04472,1857,0.08,3,6,1,0
ORD_04473,1874,0.09,2,6,1,0
ORD_04474,1028,0.01,1,2,1,0
ORD_04475,1308,0.01,1,7,1,0
ORD_04476,1003,0.27,2,9,1,0
ORD_04477,459,0.11,2,8,1,1
ORD_04478,1218,0.18,3,3,0,1
ORD_04479,250,0.11,2,8,1,1
ORD_04480,1545,0.4,2,4,1,1
ORD_04481,255,0.07,1,10,0,1
ORD_04482,836,0.07,1,1,1,0
ORD_04483,338,0.14,2,3,0,0
ORD_04484,1035,0.07,3,1,1,1
ORD_04485,647,0.09,2,5,1,0
ORD_04486,250,0.29,2,10,1,0
ORD_04487,931,0.19,2,9,1,1
ORD_04488,418,0.11,2,7,1,0
ORD_04489,1346,0.04,1,3,1,0
ORD_04490,665,0.16,2,7,1,0
ORD_04491,912,0.15,2,8,1,0
ORD_04492,309,0.18,1,4,1,0
ORD_04493,415,0.24,2,3,0,0
ORD_04494,460,0.25,1,2,1,0
ORD_04495,1319,0.09,2,8,0,0
ORD_04496,2545,0.1,2,3,1,0
ORD_04497,349,0.03,1,7,1,1
ORD_04498,1574,0.05,2,2,0,0
ORD_04499,250,0.15,2,5,1,1
ORD_04500,255,0.08,3,5,1,1
ORD_04501,308,0.02,3,9,1,0
ORD_04502,250,0.26,2,8,1,1
ORD_04503,250,0.13,1,8,0,0
ORD_04504,925,0.06,2,10,0,0
ORD_04505,560,0.29,2,2,1,1
ORD_04506,901,0.03,2,2,1,0
ORD_04507,1155,0.01,1,10,1,0
ORD_04508,822,0.14,2,7,1,0
ORD_04509,1125,0.14,1,4,1,0
ORD_04510,629,0.1,1,3,1,0
ORD_04511,257,0.05,3,3,1,1
ORD_04512,1550,0.32,2,7,0,0
ORD_04513,415,0.37,2,1,1,1
ORD_04514,314,0.33,2,4,0,0
ORD_04515,576,0.14,1,6,1,1
ORD_04516,320,0.02,2,9,1,0
ORD_04517,476,0.11,1,1,1,0
ORD_04518,875,0.08,2,1,1,0
ORD_04519,878,0.02,2,2,0,0
ORD_04520,324,0.07,1,7,0,0
ORD_04521,450,0.03,1,7,0,0
ORD_04522,1570,0.27,2,5,0,0
ORD_04523,989,0.46,2,4,1,1
ORD_04524,3498,0.31,2,10,1,0
ORD_04525,1709,0.12,1,6,0,0
ORD_04526,1661,0.07,2,8,1,0
ORD_04527,250,0.09,1,7,1,0
ORD_04528,1225,0.15,2,2,0,0
ORD_04529,637,0.16,1,2,1,0
ORD_04530,428,0.11,1,6,1,0
ORD_04531,760,0.01,2,1,0,0
ORD_04532,1416,0.14,1,5,1,1
ORD_04533,992,0.18,3,1,1,1
ORD_04534,329,0.06,2,7,0,0
ORD_04535,1204,0.02,3,3,0,1
ORD_04536,399,0.45,1,9,1,0
ORD_04537,791,0.15,1,5,1,1
ORD_04538,521,0.05,2,1,0,0
ORD_04539,558,0.21,1,10,0,0
ORD_04540,1227,0.46,2,4,1,0
ORD_04541,289,0.04,2,8,1,0
ORD_04542,3153,0.01,2,7,1,0
ORD_04543,250,0.52,1,6,1,1
ORD_04544,412,0.06,2,9,0,0
ORD_04545,894,0.29,2,4,0,0
ORD_04546,1061,0.08,2,10,1,0
ORD_04547,613,0.19,1,1,0,0
ORD_04548,635,0.04,2,10,0,0
ORD_04549,923,0.04,2,6,0,0
ORD_04550,552,0.16,2,4,0,0
ORD_04551,2027,0.01,1,1,1,0
ORD_04552,1301,0.18,2,10,1,0
ORD_04553,1337,0.0,1,3,0,0
ORD_04554,307,0.41,3,1,1,0
ORD_04555,624,0.09,2,5,1,0
ORD_04556,523,0.09,2,8,0,0
ORD_04557,297,0.25,2,2,1,1
ORD_04558,887,0.09,1,6,1,1
ORD_04559,432,0.1,2,6,0,0
ORD_04560,1123,0.05,1,5,1,0
ORD_04561,282,0.01,1,7,1,0
ORD_04562,2631,0.38,1,1,0,0
ORD_04563,324,0.08,2,10,1,0
ORD_04564,792,0.03,1,4,1,0
ORD_04565,1253,0.01,3,6,1,0
ORD_04566,421,0.21,1,4,1,0
ORD_04567,1315,0.15,3,6,1,0
ORD_04568,250,0.03,3,2,1,0
ORD_04569,2125,0.13,1,9,1,0
ORD_04570,672,0.13,3,4,1,0
ORD_04571,412,0.12,3,5,1,0
ORD_04572,523,0.25,1,7,1,0
ORD_04573,1270,0.21,3,8,1,0
ORD_04574,416,0.44,1,1,1,1
ORD_04575,365,0.01,1,7,1,1
ORD_04576,557,0.13,2,10,0,0
ORD_04577,259,0.3,1,9,0,0
ORD_04578,2853,0.13,1,2,1,1
ORD_04579,422,0.22,3,2,1,1
ORD_04580,1293,0.12,3,4,1,0
ORD_04581,786,0.25,2,1,0,0
ORD_04582,302,0.13,2,9,1,0
ORD_04583,661,0.24,3,5,0,0
ORD_04584,1245,0.0,1,3,1,1
ORD_04585,572,0.03,3,6,0,0
ORD_04586,1727,0.26,1,7,1,0
ORD_04587,1505,0.17,3,4,1,0
ORD_04588,1387,0.18,2,2,0,0
ORD_04589,460,0.31,3,5,1,1
ORD_04590,280,0.29,3,7,1,1
ORD_04591,407,0.02,3,10,0,0
ORD_04592,778,0.04,2,10,1,1
ORD_04593,1029,0.03,3,3,0,0
ORD_04594,250,0.07,2,2,0,1
ORD_04595,660,0.29,1,2,1,0
ORD_04596,754,0.0,2,4,1,0
ORD_04597,532,0.43,1,4,1,1
ORD_04598,1868,0.09,3,5,0,0
ORD_04599,932,0.03,1,3,1,0
ORD_04600,1897,0.1,3,1,0,1
ORD_04601,559,0.21,2,4,1,0
ORD_04602,1408,0.01,1,1,1,0
ORD_04603,2460,0.09,3,8,1,0
ORD_04604,1899,0.04,1,5,1,0
ORD_04605,277,0.15,2,2,1,0
ORD_04606,542,0.22,2,5,1,1
ORD_04607,504,0.02,1,5,1,0
ORD_04608,983,0.07,2,1,0,0
ORD_04609,1151,0.08,2,5,1,0
ORD_04610,339,0.14,3,8,0,1
ORD_04611,702,0.29,1,10,0,0
ORD_04612,250,0.04,1,2,0,0
ORD_04613,2108,0.11,2,8,1,0
ORD_04614,441,0.02,2,8,1,0
ORD_04615,695,0.12,2,1,0,1
ORD_04616,519,0.01,1,4,0,0
ORD_04617,1663,0.02,2,5,1,0
ORD_04618,250,0.44,3,10,1,1
ORD_04619,656,0.0,1,8,1,0
ORD_04620,611,0.32,1,3,1,0
ORD_04621,462,0.1,2,1,1,0
ORD_04622,2646,0.0,1,7,1,0
ORD_04623,327,0.13,2,4,1,0
ORD_04624,1233,0.1,1,10,1,0
ORD_04625,884,0.36,1,5,0,0
ORD_04626,1824,0.12,2,6,0,0
ORD_04627,390,0.03,1,4,0,0
ORD_04628,370,0.08,3,1,0,0
ORD_04629,1598,0.08,3,8,1,0
ORD_04630,934,0.08,2,9,1,1
ORD_04631,250,0.13,2,3,1,0
ORD_04632,432,0.04,1,10,1,1
ORD_04633,906,0.4,2,4,1,1
ORD_04634,1300,0.01,2,5,0,0
ORD_04635,386,0.01,1,10,1,0
ORD_04636,250,0.01,1,9,1,0
ORD_04637,1010,0.06,1,5,1,1
ORD_04638,250,0.2,1,7,1,1
ORD_04639,250,0.12,2,3,1,0
ORD_04640,250,0.02,3,1,1,1
ORD_04641,1275,0.02,2,6,0,1
ORD_04642,737,0.41,2,10,1,0
ORD_04643,555,0.09,2,1,1,0
ORD_04644,2020,0.11,1,6,1,1
ORD_04645,1107,0.22,2,8,0,0
ORD_04646,2423,0.28,1,9,0,0
ORD_04647,250,0.45,1,8,0,1
ORD_04648,647,0.47,2,5,1,1
ORD_04649,250,0.1,1,7,1,0
ORD_04650,553,0.11,1,6,1,0
ORD_04651,545,0.29,1,9,1,0
ORD_04652,1098,0.03,1,4,1,0
ORD_04653,689,0.21,2,8,1,1
ORD_04654,1095,0.19,1,9,0,0
ORD_04655,1167,0.11,1,7,1,0
ORD_04656,3729,0.12,1,7,0,0
ORD_04657,516,0.17,1,2,0,0
ORD_04658,313,0.18,3,9,0,0
ORD_04659,809,0.17,1,5,0,0
ORD_04660,350,0.1,1,10,1,0
ORD_04661,2176,0.07,2,3,0,0
ORD_04662,530,0.18,1,4,1,1
ORD_04663,423,0.34,2,10,1,0
ORD_04664,456,0.21,1,2,1,0
ORD_04665,1181,0.29,3,3,0,0
ORD_04666,586,0.16,3,6,1,0
ORD_04667,398,0.12,2,1,1,0
ORD_04668,2520,0.03,2,2,0,0
ORD_04669,335,0.21,2,4,1,0
ORD_04670,684,0.01,3,1,0,0
ORD_04671,1120,0.15,2,6,1,0
ORD_04672,250,0.12,1,4,1,0
ORD_04673,976,0.09,1,2,0,0
ORD_04674,285,0.06,1,10,1,0
ORD_04675,1284,0.2,2,4,0,0
ORD_04676,307,0.51,1,8,1,0
ORD_04677,1157,0.1,2,6,0,1
ORD_04678,1611,0.23,1,1,1,0
ORD_04679,1324,0.08,3,5,1,1
ORD_04680,813,0.69,2,6,1,0
ORD_04681,552,0.06,2,4,0,0
ORD_04682,419,0.18,2,4,1,1
ORD_04683,2157,0.01,3,3,1,0
ORD_04684,380,0.1,1,10,1,0
ORD_04685,290,0.07,1,10,1,0
ORD_04686,1132,0.05,2,6,1,0
ORD_04687,351,0.03,2,9,0,0
ORD_04688,311,0.11,2,7,1,0
ORD_04689,250,0.03,1,9,1,0
ORD_04690,451,0.08,1,6,0,0
ORD_04691,622,0.11,1,2,0,0
ORD_04692,807,0.04,3,6,0,0
ORD_04693,1423,0.23,1,7,0,0
ORD_04694,1013,0.01,2,2,1,1
ORD_04695,570,0.03,2,1,1,0
ORD_04696,567,0.03,1,6,1,0
ORD_04697,1000,0.02,1,8,0,0
ORD_04698,1840,0.24,1,6,0,0
ORD_04699,735,0.06,2,8,1,1
ORD_04700,457,0.12,1,6,1,0
ORD_04701,300,0.08,1,6,1,0
ORD_04702,250,0.01,1,8,0,0
ORD_04703,1133,0.16,1,3,1,0
ORD_04704,1056,0.29,1,3,1,1
ORD_04705,1055,0.16,1,6,1,1
ORD_04706,600,0.04,1,4,1,0
ORD_04707,2049,0.23,2,7,0,0
ORD_04708,451,0.1,1,7,0,0
ORD_04709,1428,0.14,2,9,1,0
ORD_04710,644,0.02,2,2,1,0
ORD_04711,408,0.08,3,2,0,0
ORD_04712,1068,0.21,1,6,0,0
ORD_04713,923,0.17,1,9,1,0
ORD_04714,884,0.0,3,7,0,0
ORD_04715,709,0.07,3,6,1,0
ORD_04716,645,0.36,1,5,1,0
ORD_04717,4494,0.01,1,8,1,0
ORD_04718,1715,0.12,3,2,0,1
ORD_04719,1185,0.03,1,3,1,0
ORD_04720,727,0.08,3,6,1,0
ORD_04721,1488,0.04,3,1,1,1
ORD_04722,1006,0.18,1,8,0,0
ORD_04723,679,0.26,3,9,0,0
ORD_04724,521,0.39,2,2,1,0
ORD_04725,623,0.03,2,9,1,0
ORD_04726,250,0.03,2,5,0,0
ORD_04727,787,0.1,1,8,0,0
ORD_04728,449,0.24,2,1,0,0
ORD_04729,2378,0.16,1,1,1,1
ORD_04730,675,0.44,3,4,0,0
ORD_04731,256,0.1,2,1,1,0
ORD_04732,639,0.27,1,1,1,0
ORD_04733,288,0.09,1,5,1,0
ORD_04734,971,0.05,3,2,0,0
ORD_04735,839,0.05,1,4,0,1
ORD_04736,1431,0.04,3,8,1,0
ORD_04737,353,0.01,1,6,0,0
ORD_04738,683,0.15,2,2,1,0
ORD_04739,250,0.03,3,3,1,0
ORD_04740,1165,0.02,1,2,1,0
ORD_04741,1007,0.1,1,4,1,0
ORD_04742,988,0.11,3,5,0,0
ORD_04743,666,0.37,2,9,1,1
ORD_04744,926,0.3,2,7,1,0
ORD_04745,2400,0.06,3,8,1,0
ORD_04746,529,0.05,2,7,1,1
ORD_04747,743,0.06,3,10,1,0
ORD_04748,278,0.11,2,8,0,0
ORD_04749,332,0.01,2,5,0,0
ORD_04750,719,0.05,1,3,1,0
ORD_04751,1608,0.04,3,7,1,0
ORD_04752,541,0.34,2,1,0,1
ORD_04753,550,0.05,1,3,0,0
ORD_04754,480,0.02,2,7,1,0
ORD_04755,433,0.07,1,4,1,1
ORD_04756,842,0.04,2,7,0,0
ORD_04757,250,0.63,3,10,0,0
ORD_04758,1853,0.02,1,10,1,0
ORD_04759,390,0.04,3,6,1,1
ORD_04760,1185,0.32,1,4,1,0
ORD_04761,250,0.07,2,7,1,0
ORD_04762,1135,0.05,2,8,1,0
ORD_04763,1138,0.04,1,8,1,0
ORD_04764,904,0.32,2,7,1,1
ORD_04765,300,0.22,3,2,0,1
ORD_04766,812,0.27,1,8,1,0
ORD_04767,258,0.06,1,5,1,1
ORD_04768,543,0.09,2,9,1,0
ORD_04769,1515,0.56,2,6,0,1
ORD_04770,1258,0.02,3,4,1,1
ORD_04771,673,0.31,1,9,0,0
ORD_04772,304,0.03,3,1,1,1
ORD_04773,1114,0.25,2,4,0,1
ORD_04774,675,0.08,1,5,1,0
ORD_04775,250,0.33,3,4,1,1
ORD_04776,1244,0.07,1,9,0,0
ORD_04777,652,0.07,2,1,0,0
ORD_04778,1740,0.27,2,3,1,0
ORD_04779,276,0.04,2,9,0,0
ORD_04780,250,0.02,2,7,1,0
ORD_04781,831,0.03,2,5,0,0
ORD_04782,839,0.51,1,6,1,0
ORD_04783,250,0.06,2,4,1,0
ORD_04784,304,0.07,3,5,1,1
ORD_04785,6028,0.1,2,8,1,1
ORD_04786,520,0.29,3,5,1,0
ORD_04787,1193,0.07,2,10,0,0
ORD_04788,395,0.51,2,2,0,0
ORD_04789,250,0.03,2,8,0,0
ORD_04790,580,0.05,1,3,0,0
ORD_04791,537,0.01,3,5,1,0
ORD_04792,483,0.3,3,6,1,0
ORD_04793,606,0.13,3,1,0,0
ORD_04794,821,0.05,2,3,0,0
ORD_04795,589,0.03,3,1,1,1
ORD_04796,250,0.19,2,7,1,0
ORD_04797,981,0.06,2,2,0,0
ORD_04798,250,0.16,3,10,1,0
ORD_04799,250,0.07,2,7,1,0
ORD_04800,1201,0.15,2,3,0,0
ORD_04801,997,0.34,1,3,1,0
ORD_04802,635,0.03,3,1,1,1
ORD_04803,250,0.39,1,7,1,1
ORD_04804,377,0.05,1,8,1,0
ORD_04805,539,0.39,1,4,1,0
ORD_04806,250,0.16,2,9,1,1
ORD_04807,368,0.27,1,4,0,0
ORD_04808,1120,0.27,2,10,0,0
ORD_04809,2083,0.04,1,5,1,0
ORD_04810,475,0.44,2,6,1,1
ORD_04811,1218,0.06,1,9,1,0
ORD_04812,250,0.0,1,9,1,0
ORD_04813,1127,0.36,3,8,0,0
ORD_04814,349,0.01,1,10,0,0
ORD_04815,850,0.2,1,2,1,1
ORD_04816,545,0.02,3,10,1,0
ORD_04817,1912,0.02,1,10,1,1
ORD_04818,330,0.42,1,1,0,0
ORD_04819,1098,0.12,1,2,0,0
ORD_04820,531,0.18,1,6,0,0
ORD_04821,586,0.03,1,7,1,0
ORD_04822,574,0.01,3,6,0,0
ORD_04823,338,0.17,1,1,1,0
ORD_04824,657,0.01,1,1,1,0
ORD_04825,632,0.28,3,1,1,0
ORD_04826,806,0.03,2,1,1,0
ORD_04827,711,0.26,1,10,1,0
ORD_04828,1259,0.08,2,10,1,1
ORD_04829,1392,0.04,1,1,0,0
ORD_04830,287,0.1,2,2,1,0
ORD_04831,1332,0.4,2,2,0,1
ORD_04832,257,0.04,3,4,0,1
ORD_04833,1064,0.02,1,3,0,0
ORD_04834,1092,0.09,2,4,0,0
ORD_04835,250,0.14,1,5,1,1
ORD_04836,716,0.06,2,4,1,0
ORD_04837,457,0.08,1,3,1,1
ORD_04838,362,0.06,2,3,1,0
ORD_04839,1959,0.03,2,4,1,0
ORD_04840,394,0.11,3,6,1,0
ORD_04841,348,0.1,3,7,1,1
ORD_04842,706,0.07,2,4,1,1
ORD_04843,1151,0.07,1,8,1,0
ORD_04844,593,0.0,2,6,0,0
ORD_04845,1691,0.54,2,5,0,0
ORD_04846,1017,0.12,1,8,1,1
ORD_04847,250,0.17,2,6,1,0
ORD_04848,435,0.09,1,1,1,1
ORD_04849,424,0.27,1,1,1,0
ORD_04850,976,0.12,1,10,1,0
ORD_04851,250,0.04,3,10,1,0
ORD_04852,5111,0.05,1,6,1,0
ORD_04853,1017,0.18,1,8,1,0
ORD_04854,749,0.03,3,9,0,1
ORD_04855,1711,0.26,2,4,1,0
ORD_04856,4336,0.03,2,7,1,1
ORD_04857,1334,0.44,1,9,0,0
ORD_04858,1420,0.24,2,8,1,0
ORD_04859,738,0.22,1,8,1,0
ORD_04860,593,0.29,2,1,0,0
ORD_04861,454,0.25,2,10,1,0
ORD_04862,343,0.39,2,6,1,1
ORD_04863,383,0.04,2,9,0,0
ORD_04864,250,0.01,2,8,1,0
ORD_04865,625,0.03,2,2,1,0
ORD_04866,250,0.13,2,5,1,1
ORD_04867,774,0.26,1,4,1,1
ORD_04868,646,0.06,3,8,0,0
ORD_04869,748,0.07,1,9,1,0
ORD_04870,438,0.09,2,3,1,0
ORD_04871,7796,0.01,1,9,1,0
ORD_04872,1974,0.07,3,1,0,0
ORD_04873,250,0.16,3,7,1,0
ORD_04874,801,0.21,1,8,1,0
ORD_04875,408,0.03,2,6,1,0
ORD_04876,295,0.43,1,4,1,0
ORD_04877,250,0.38,1,4,1,0
ORD_04878,939,0.18,3,7,1,1
ORD_04879,385,0.08,1,10,0,0
ORD_04880,1442,0.02,1,6,1,0
ORD_04881,1472,0.12,2,4,1,1
ORD_04882,1996,0.02,3,5,1,0
ORD_04883,336,0.03,1,10,0,0
ORD_04884,972,0.05,1,4,1,0
ORD_04885,1103,0.02,1,1,1,0
ORD_04886,455,0.44,1,4,0,0
ORD_04887,358,0.38,1,6,1,1
ORD_04888,2410,0.24,3,2,1,1
ORD_04889,797,0.06,1,7,1,0
ORD_04890,1106,0.02,2,9,0,0
ORD_04891,344,0.32,3,10,0,1
ORD_04892,250,0.15,2,2,1,0
ORD_04893,421,0.13,1,7,1,0
ORD_04894,602,0.0,2,2,1,0
ORD_04895,283,0.07,3,9,1,0
ORD_04896,659,0.22,1,1,1,0
ORD_04897,250,0.19,1,4,1,0
ORD_04898,271,0.43,1,2,1,0
ORD_04899,1137,0.01,2,1,1,1
ORD_04900,1078,0.05,1,2,1,0
ORD_04901,486,0.18,2,10,0,1
ORD_04902,294,0.12,2,6,0,0
ORD_04903,292,0.18,2,5,1,0
ORD_04904,493,0.05,2,1,0,0
ORD_04905,1113,0.01,1,3,0,0
ORD_04906,1397,0.02,2,10,1,0
ORD_04907,447,0.27,2,6,1,0
ORD_04908,264,0.04,2,5,1,0
ORD_04909,824,0.22,1,6,1,0
ORD_04910,344,0.18,2,8,0,0
ORD_04911,439,0.33,2,6,0,0
ORD_04912,1920,0.21,2,5,0,0
ORD_04913,1289,0.24,1,4,1,0
ORD_04914,754,0.04,1,5,1,0
ORD_04915,250,0.09,2,9,1,0
ORD_04916,787,0.21,2,10,1,0
ORD_04917,1556,0.22,2,6,1,1
ORD_04918,492,0.46,2,5,1,1
ORD_04919,1960,0.2,1,8,1,0
ORD_04920,1870,0.15,1,5,0,0
ORD_04921,2517,0.17,2,5,1,1
ORD_04922,849,0.27,2,8,1,1
ORD_04923,1064,0.28,2,9,0,0
ORD_04924,2061,0.33,3,8,1,1
ORD_04925,951,0.08,2,9,1,0
ORD_04926,445,0.13,1,9,1,0
ORD_04927,464,0.22,2,8,0,0
ORD_04928,805,0.0,2,7,0,0
ORD_04929,250,0.37,1,7,0,0
ORD_04930,593,0.11,3,1,1,1
ORD_04931,1599,0.12,2,7,1,0
ORD_04932,250,0.11,2,10,0,0
ORD_04933,2270,0.33,3,6,0,0
ORD_04934,1632,0.18,1,1,1,0
ORD_04935,460,0.03,1,10,1,0
ORD_04936,1027,0.04,1,10,1,0
ORD_04937,666,0.31,1,8,1,0
ORD_04938,1779,0.4,1,9,1,1
ORD_04939,1459,0.02,3,2,0,1
ORD_04940,250,0.07,3,4,0,0
ORD_04941,1064,0.11,2,7,1,0
ORD_04942,564,0.2,2,1,1,0
ORD_04943,710,0.03,1,8,1,0
ORD_04944,371,0.29,2,9,1,0
ORD_04945,2693,0.07,1,8,1,0
ORD_04946,1528,0.12,1,2,1,1
ORD_04947,368,0.18,1,8,0,0
ORD_04948,250,0.03,2,8,0,0
ORD_04949,488,0.22,1,2,1,0
ORD_04950,941,0.12,1,9,0,0
ORD_04951,806,0.26,2,1,0,1
ORD_04952,1812,0.14,2,7,1,0
ORD_04953,1251,0.2,1,2,1,1
ORD_04954,1444,0.09,1,8,0,0
ORD_04955,863,0.19,3,8,1,0
ORD_04956,250,0.08,1,4,1,0
ORD_04957,568,0.0,2,8,1,1
ORD_04958,1553,0.37,1,5,1,1
ORD_04959,638,0.04,2,9,1,1
ORD_04960,994,0.04,2,1,1,0
ORD_04961,515,0.07,3,5,1,0
ORD_04962,291,0.03,1,9,1,0
ORD_04963,602,0.15,1,6,0,0
ORD_04964,851,0.01,3,4,0,1
ORD_04965,393,0.01,2,1,1,0
ORD_04966,550,0.15,3,10,1,0
ORD_04967,313,0.12,2,6,1,0
ORD_04968,1628,0.39,2,7,0,0
ORD_04969,525,0.21,3,7,1,0
ORD_04970,2126,0.22,2,9,1,0
ORD_04971,2259,0.36,2,4,1,0
ORD_04972,623,0.01,2,4,1,0
ORD_04973,296,0.07,2,5,1,1
ORD_04974,250,0.04,2,9,0,0
ORD_04975,250,0.02,2,2,0,0
ORD_04976,250,0.13,2,4,1,1
ORD_04977,2003,0.37,2,9,0,0
ORD_04978,729,0.02,2,6,1,0
ORD_04979,908,0.21,1,6,1,0
ORD_04980,250,0.18,1,7,1,0
ORD_04981,255,0.24,1,5,1,1
ORD_04982,1352,0.15,2,4,1,1
ORD_04983,836,0.1,3,3,0,1
ORD_04984,591,0.04,2,2,0,0
ORD_04985,1045,0.13,3,7,1,0
ORD_04986,2461,0.05,1,5,0,0
ORD_04987,557,0.07,2,1,1,0
ORD_04988,703,0.02,1,4,1,0
ORD_04989,775,0.17,1,9,1,0
ORD_04990,4508,0.03,3,8,0,0
ORD_04991,250,0.39,1,7,1,1
ORD_04992,1148,0.41,1,5,1,1
ORD_04993,606,0.05,1,1,0,0
ORD_04994,1046,0.01,2,5,1,0
ORD_04995,393,0.35,2,8,1,1
ORD_04996,639,0.04,1,4,0,0
ORD_04997,1175,0.22,1,5,1,0
ORD_04998,8025,0.05,1,8,0,0
ORD_04999,1269,0.12,1,5,1,0
ORD_05000,337,0.24,3,4,1,1
ORD_05001,473,0.15,3,4,0,1
ORD_05002,462,0.0,3,6,0,0
ORD_05003,250,0.06,3,10,1,0
ORD_05004,510,0.3,3,1,1,1
ORD_05005,1195,0.18,3,4,0,0
ORD_05006,250,0.07,3,1,0,0
ORD_05007,1538,0.57,3,6,1,0
ORD_05008,982,0.35,2,8,0,0
ORD_05009,369,0.12,1,4,0,0
ORD_05010,593,0.09,2,8,0,0
ORD_05011,2389,0.11,2,2,1,0
ORD_05012,1196,0.07,2,5,1,1
ORD_05013,669,0.01,2,3,1,0
ORD_05014,549,0.17,2,7,0,0
ORD_05015,707,0.01,1,9,1,0
ORD_05016,441,0.04,1,1,0,0
ORD_05017,250,0.0,3,8,1,0
ORD_05018,3407,0.29,2,4,1,0
ORD_05019,753,0.04,1,10,1,0
ORD_05020,914,0.01,3,5,1,0
ORD_05021,635,0.03,1,1,1,0
ORD_05022,369,0.14,2,5,1,1
ORD_05023,573,0.08,1,9,0,0
ORD_05024,250,0.24,3,8,1,0
ORD_05025,4112,0.07,2,8,0,0
ORD_05026,250,0.12,2,6,1,1
ORD_05027,291,0.36,3,9,0,0
ORD_05028,467,0.07,3,4,1,0
ORD_05029,1863,0.04,2,6,1,1
ORD_05030,672,0.15,3,3,1,0
ORD_05031,250,0.16,2,2,1,0
ORD_05032,1814,0.26,2,9,1,0
ORD_05033,1193,0.03,2,5,0,0
ORD_05034,1023,0.06,1,2,1,0
ORD_05035,1179,0.02,1,5,0,0
ORD_05036,4516,0.23,3,6,0,0
ORD_05037,3820,0.07,1,8,0,0
ORD_05038,383,0.3,2,5,1,1
ORD_05039,2438,0.05,1,2,0,0
ORD_05040,903,0.13,2,7,0,0
ORD_05041,991,0.06,1,5,1,0
ORD_05042,250,0.08,3,2,1,0
ORD_05043,580,0.02,3,6,1,0
ORD_05044,347,0.42,3,7,1,1
ORD_05045,1290,0.17,2,8,1,0
ORD_05046,1566,0.06,3,3,1,1
ORD_05047,250,0.02,2,4,0,0
ORD_05048,653,0.04,2,6,1,0
ORD_05049,1631,0.2,1,3,1,1
ORD_05050,572,0.08,3,6,0,0
ORD_05051,1191,0.03,1,9,0,0
ORD_05052,880,0.15,2,5,1,0
ORD_05053,874,0.03,2,2,1,0
ORD_05054,535,0.25,2,10,1,1
ORD_05055,251,0.11,1,2,0,0
ORD_05056,271,0.24,2,7,1,0
ORD_05057,1173,0.03,2,4,1,0
ORD_05058,675,0.01,1,9,1,0
ORD_05059,595,0.16,2,9,0,1
ORD_05060,473,0.09,3,6,1,0
ORD_05061,521,0.22,3,10,1,0
ORD_05062,1536,0.11,2,5,0,0
ORD_05063,508,0.03,1,7,0,0
ORD_05064,250,0.0,2,5,0,0
ORD_05065,1205,0.12,2,9,1,1
ORD_05066,564,0.12,3,9,1,0
ORD_05067,682,0.53,3,7,0,0
ORD_05068,2406,0.17,3,4,1,1
ORD_05069,654,0.02,2,1,1,0
ORD_05070,838,0.05,2,4,0,0
ORD_05071,259,0.31,1,3,1,0
ORD_05072,557,0.17,1,1,1,0
ORD_05073,1083,0.13,3,10,1,0
ORD_05074,250,0.08,2,4,1,0
ORD_05075,781,0.12,2,7,1,1
ORD_05076,720,0.07,1,2,0,0
ORD_05077,687,0.38,1,7,1,1
ORD_05078,1524,0.06,2,6,1,0
ORD_05079,869,0.21,3,9,1,0
ORD_05080,2169,0.14,1,2,0,0
ORD_05081,300,0.1,1,6,0,0
ORD_05082,741,0.06,2,6,0,0
ORD_05083,711,0.24,1,6,0,0
ORD_05084,282,0.01,1,3,1,0
ORD_05085,1429,0.2,1,6,1,0
ORD_05086,4271,0.17,2,9,0,0
ORD_05087,656,0.47,2,3,1,0
ORD_05088,996,0.01,3,2,0,0
ORD_05089,711,0.1,2,8,0,0
ORD_05090,375,0.37,2,3,0,0
ORD_05091,250,0.24,1,5,1,0
ORD_05092,378,0.06,2,5,0,0
ORD_05093,250,0.05,2,2,0,0
ORD_05094,2600,0.1,1,2,1,0
ORD_05095,606,0.26,2,6,0,0
ORD_05096,504,0.07,1,2,1,0
ORD_05097,1354,0.42,2,6,1,0
ORD_05098,271,0.04,2,7,0,0
ORD_05099,360,0.12,2,4,1,0
ORD_05100,702,0.01,3,10,1,1
ORD_05101,1514,0.11,3,4,1,0
ORD_05102,993,0.05,3,3,0,0
ORD_05103,811,0.06,3,1,1,0
ORD_05104,708,0.01,1,4,1,0
ORD_05105,916,0.25,1,3,0,0
ORD_05106,781,0.0,1,8,0,0
ORD_05107,291,0.17,1,5,1,0
ORD_05108,690,0.11,1,7,1,1
ORD_05109,281,0.02,3,3,0,1
ORD_05110,709,0.03,2,3,1,1
ORD_05111,452,0.04,2,6,0,0
ORD_05112,5072,0.11,1,10,0,0
ORD_05113,644,0.19,2,4,1,0
ORD_05114,250,0.35,3,8,1,0
ORD_05115,597,0.32,1,3,1,0
ORD_05116,1007,0.06,3,5,1,0
ORD_05117,2536,0.25,1,1,1,0
ORD_05118,415,0.15,3,1,0,0
ORD_05119,250,0.17,1,8,1,0
ORD_05120,1278,0.01,2,7,1,0
ORD_05121,250,0.02,3,1,1,0
ORD_05122,469,0.0,2,6,1,0
ORD_05123,541,0.0,2,2,1,1
ORD_05124,629,0.49,2,1,1,1
ORD_05125,1154,0.07,1,10,0,0
ORD_05126,384,0.09,1,5,0,0
ORD_05127,534,0.01,1,5,1,0
ORD_05128,657,0.18,1,2,0,0
ORD_05129,749,0.2,3,5,0,0
ORD_05130,719,0.07,3,7,1,1
ORD_05131,942,0.1,1,4,1,0
ORD_05132,1306,0.12,3,2,0,0
ORD_05133,910,0.12,1,5,1,0
ORD_05134,956,0.71,1,6,1,0
ORD_05135,250,0.21,2,8,1,1
ORD_05136,692,0.09,1,9,1,0
ORD_05137,976,0.16,1,10,1,0
ORD_05138,1191,0.15,2,8,0,0
ORD_05139,382,0.03,3,7,1,0
ORD_05140,392,0.33,2,9,0,0
ORD_05141,420,0.26,1,9,1,1
ORD_05142,1021,0.14,1,6,0,0
ORD_05143,1520,0.14,2,3,1,0
ORD_05144,480,0.1,2,8,1,0
ORD_05145,1375,0.43,3,3,0,0
ORD_05146,734,0.06,3,1,1,1
ORD_05147,602,0.03,3,4,1,1
ORD_05148,561,0.02,2,9,1,0
ORD_05149,1208,0.08,2,8,1,0
ORD_05150,863,0.19,2,6,1,1
ORD_05151,4107,0.13,2,3,1,0
ORD_05152,336,0.36,1,3,1,0
ORD_05153,1006,0.11,2,7,1,0
ORD_05154,435,0.09,1,5,0,0
ORD_05155,331,0.16,3,3,0,0
ORD_05156,659,0.19,1,1,0,0
ORD_05157,742,0.01,3,9,1,1
ORD_05158,6867,0.14,1,5,0,0
ORD_05159,574,0.03,2,7,0,1
ORD_05160,269,0.06,1,10,0,1
ORD_05161,827,0.02,2,9,0,0
ORD_05162,250,0.36,1,4,1,0
ORD_05163,617,0.02,2,5,1,0
ORD_05164,673,0.06,1,3,1,0
ORD_05165,1255,0.08,2,7,0,0
ORD_05166,1449,0.11,3,1,1,1
ORD_05167,444,0.05,2,8,1,0
ORD_05168,589,0.07,1,3,0,0
ORD_05169,360,0.13,2,4,1,0
ORD_05170,269,0.06,3,10,1,0
ORD_05171,852,0.01,2,4,1,1
ORD_05172,250,0.05,1,7,1,0
ORD_05173,477,0.04,1,7,1,1
ORD_05174,300,0.09,2,4,0,0
ORD_05175,1032,0.07,1,6,1,1
ORD_05176,2810,0.05,2,8,1,0
ORD_05177,250,0.1,2,10,0,0
ORD_05178,250,0.01,1,4,0,0
ORD_05179,601,0.11,2,1,0,1
ORD_05180,673,0.07,3,7,1,0
ORD_05181,792,0.14,1,2,1,0
ORD_05182,465,0.01,1,3,1,1
ORD_05183,566,0.28,2,8,1,1
ORD_05184,892,0.09,1,2,1,0
ORD_05185,1528,0.22,3,2,1,1
ORD_05186,250,0.07,3,4,0,0
ORD_05187,495,0.08,3,6,1,0
ORD_05188,789,0.3,2,10,1,0
ORD_05189,319,0.02,2,2,1,1
ORD_05190,2656,0.24,3,9,1,1
ORD_05191,400,0.2,1,2,1,0
ORD_05192,643,0.23,1,9,1,0
ORD_05193,1037,0.23,1,7,1,0
ORD_05194,414,0.19,3,3,1,0
ORD_05195,250,0.41,2,9,1,0
ORD_05196,472,0.04,2,9,0,0
ORD_05197,1515,0.1,2,6,0,0
ORD_05198,508,0.43,2,2,1,0
ORD_05199,337,0.18,1,7,1,0
ORD_05200,1394,0.34,2,4,1,0
ORD_05201,510,0.01,2,4,1,1
ORD_05202,442,0.05,2,7,1,0
ORD_05203,749,0.1,2,5,1,0
ORD_05204,1232,0.01,2,1,1,0
ORD_05205,4471,0.62,3,3,1,1
ORD_05206,1289,0.26,2,7,1,0
ORD_05207,1682,0.01,2,9,0,0
ORD_05208,443,0.19,2,9,1,0
ORD_05209,292,0.12,3,7,1,0
ORD_05210,699,0.07,2,5,1,0
ORD_05211,724,0.15,1,4,1,0
ORD_05212,280,0.41,1,9,0,0
ORD_05213,578,0.03,1,6,1,0
ORD_05214,915,0.31,1,10,0,0
ORD_05215,887,0.09,2,2,1,0
ORD_05216,995,0.01,3,3,1,0
ORD_05217,839,0.08,2,7,1,0
ORD_05218,443,0.34,1,4,0,0
ORD_05219,440,0.36,1,7,1,0
ORD_05220,254,0.12,2,5,1,0
ORD_05221,2773,0.27,2,1,1,1
ORD_05222,672,0.11,3,10,1,1
ORD_05223,555,0.08,3,3,1,1
ORD_05224,316,0.23,3,9,1,0
ORD_05225,6964,0.18,2,4,1,0
ORD_05226,281,0.08,2,5,0,0
ORD_05227,471,0.02,1,2,1,0
ORD_05228,927,0.06,1,10,0,0
ORD_05229,1075,0.23,1,8,1,1
ORD_05230,1431,0.2,1,1,1,1
ORD_05231,2824,0.08,1,4,0,0
ORD_05232,997,0.24,3,6,1,0
ORD_05233,285,0.1,2,8,0,0
ORD_05234,541,0.07,3,4,1,0
ORD_05235,850,0.21,3,2,0,0
ORD_05236,3479,0.15,3,4,1,0
ORD_05237,250,0.08,3,1,0,0
ORD_05238,1740,0.24,2,8,0,0
ORD_05239,768,0.03,2,9,0,0
ORD_05240,1300,0.09,2,3,1,0
ORD_05241,613,0.05,3,8,1,0
ORD_05242,339,0.09,3,9,0,0
ORD_05243,1212,0.01,3,8,0,0
ORD_05244,1122,0.02,2,2,0,0
ORD_05245,1447,0.01,2,2,1,0
ORD_05246,658,0.04,3,10,0,0
ORD_05247,411,0.02,3,4,1,0
ORD_05248,250,0.01,2,1,0,0
ORD_05249,1281,0.5,2,3,1,0
ORD_05250,933,0.19,3,4,0,1
ORD_05251,307,0.06,2,2,1,0
ORD_05252,432,0.13,3,7,1,0
ORD_05253,457,0.08,1,10,1,0
ORD_05254,250,0.2,2,3,1,0
ORD_05255,345,0.06,2,7,1,1
ORD_05256,268,0.17,2,7,0,0
ORD_05257,478,0.03,1,9,0,0
ORD_05258,368,0.11,1,4,1,0
ORD_05259,250,0.07,3,4,1,1
ORD_05260,3354,0.02,1,1,1,1
ORD_05261,1811,0.04,1,6,1,0
ORD_05262,356,0.05,2,6,1,0
ORD_05263,827,0.05,2,7,1,0
ORD_05264,928,0.35,3,9,0,0
ORD_05265,1724,0.26,2,10,1,1
ORD_05266,345,0.29,2,10,0,0
ORD_05267,1593,0.17,2,10,1,1
ORD_05268,429,0.1,3,9,1,0
ORD_05269,250,0.21,1,5,1,0
ORD_05270,1187,0.24,1,2,0,0
ORD_05271,1867,0.05,3,1,0,1
ORD_05272,5272,0.17,2,2,1,0
ORD_05273,254,0.22,2,2,1,0
ORD_05274,1163,0.15,1,1,0,1
ORD_05275,479,0.01,2,8,1,0
ORD_05276,1244,0.27,1,3,0,0
ORD_05277,250,0.27,1,10,1,0
ORD_05278,250,0.65,2,10,1,1
ORD_05279,357,0.3,3,8,1,0
ORD_05280,708,0.18,1,6,0,0
ORD_05281,398,0.31,1,1,1,0
ORD_05282,1126,0.19,1,7,1,0
ORD_05283,1512,0.05,2,3,1,0
ORD_05284,1074,0.35,2,9,0,0
ORD_05285,2428,0.12,1,9,0,0
ORD_05286,927,0.02,3,4,0,1
ORD_05287,251,0.06,1,2,1,0
ORD_05288,1979,0.04,1,10,1,0
ORD_05289,409,0.19,1,9,1,1
ORD_05290,1377,0.35,1,5,1,0
ORD_05291,2342,0.06,1,8,1,0
ORD_05292,958,0.18,1,9,1,0
ORD_05293,250,0.13,2,1,1,1
ORD_05294,319,0.05,1,3,1,0
ORD_05295,1916,0.14,1,7,1,1
ORD_05296,580,0.1,1,2,0,0
ORD_05297,708,0.07,1,4,1,0
ORD_05298,1220,0.13,1,4,1,0
ORD_05299,1161,0.36,1,7,1,0
ORD_05300,831,0.38,3,2,1,1
ORD_05301,562,0.18,2,8,1,0
ORD_05302,517,0.01,2,8,1,0
ORD_05303,1321,0.01,3,6,0,0
ORD_05304,1035,0.01,2,4,1,0
ORD_05305,541,0.47,2,2,1,1
ORD_05306,1580,0.02,2,3,0,0
ORD_05307,599,0.08,2,3,1,0
ORD_05308,336,0.11,3,3,0,0
ORD_05309,362,0.42,1,4,1,1
ORD_05310,303,0.14,1,7,0,0
ORD_05311,534,0.14,1,9,0,0
ORD_05312,1784,0.03,3,10,0,0
ORD_05313,349,0.11,2,4,1,0
ORD_05314,773,0.28,3,7,1,0
ORD_05315,393,0.03,2,10,0,0
ORD_05316,540,0.01,2,6,0,1
ORD_05317,250,0.06,2,10,1,0
ORD_05318,557,0.04,2,9,1,1
ORD_05319,569,0.02,2,8,1,0
ORD_05320,1024,0.14,1,2,1,0
ORD_05321,795,0.02,2,3,1,0
ORD_05322,255,0.3,1,6,0,0
ORD_05323,1583,0.02,2,5,1,0
ORD_05324,787,0.01,2,2,1,0
ORD_05325,779,0.05,3,2,0,0
ORD_05326,660,0.29,3,5,0,0
ORD_05327,439,0.28,2,5,1,1
ORD_05328,791,0.13,1,1,0,0
ORD_05329,973,0.01,3,10,1,1
ORD_05330,250,0.04,1,3,1,0
ORD_05331,432,0.05,2,9,0,0
ORD_05332,542,0.37,1,10,1,0
ORD_05333,816,0.1,1,3,1,0
ORD_05334,1727,0.1,2,6,0,0
ORD_05335,358,0.24,1,6,0,0
ORD_05336,446,0.17,3,2,1,0
ORD_05337,441,0.07,2,7,0,0
ORD_05338,350,0.25,2,9,0,1
ORD_05339,503,0.11,1,9,1,0
ORD_05340,1232,0.04,1,8,0,0
ORD_05341,286,0.04,2,5,0,0
ORD_05342,936,0.22,2,8,0,0
ORD_05343,250,0.33,2,9,1,0
ORD_05344,424,0.13,2,1,1,1
ORD_05345,511,0.2,2,1,1,1
ORD_05346,2539,0.08,2,5,1,0
ORD_05347,533,0.01,2,7,0,0
ORD_05348,250,0.21,2,9,1,0
ORD_05349,250,0.09,3,9,1,0
ORD_05350,683,0.16,2,3,0,1
ORD_05351,1086,0.02,1,1,1,0
ORD_05352,898,0.04,2,3,1,1
ORD_05353,760,0.01,2,8,1,0
ORD_05354,1685,0.05,1,7,1,1
ORD_05355,431,0.01,2,5,0,0
ORD_05356,1360,0.12,2,10,1,0
ORD_05357,250,0.01,2,9,0,0
ORD_05358,322,0.06,3,4,1,0
ORD_05359,250,0.33,3,6,1,0
ORD_05360,533,0.3,1,5,1,0
ORD_05361,640,0.12,2,6,1,0
ORD_05362,728,0.01,2,4,0,0
ORD_05363,698,0.08,1,3,1,1
ORD_05364,316,0.07,1,5,0,0
ORD_05365,571,0.1,1,5,0,0
ORD_05366,250,0.14,1,2,1,0
ORD_05367,1979,0.11,3,10,1,0
ORD_05368,521,0.14,1,4,0,0
ORD_05369,449,0.44,1,3,1,1
ORD_05370,2371,0.32,1,7,1,0
ORD_05371,250,0.02,2,5,1,0
ORD_05372,270,0.17,1,6,0,0
ORD_05373,276,0.11,1,7,1,1
ORD_05374,629,0.17,1,2,1,1
ORD_05375,939,0.08,1,10,1,1
ORD_05376,1201,0.21,1,4,1,1
ORD_05377,5206,0.11,2,6,1,0
ORD_05378,250,0.04,1,3,1,0
ORD_05379,1082,0.12,1,6,1,0
ORD_05380,425,0.7,1,10,1,0
ORD_05381,416,0.27,3,1,1,1
ORD_05382,405,0.14,1,8,0,0
ORD_05383,321,0.08,3,10,1,0
ORD_05384,2559,0.29,3,5,0,1
ORD_05385,1304,0.0,2,1,0,0
ORD_05386,677,0.34,2,10,1,1
ORD_05387,1960,0.09,2,10,1,1
ORD_05388,250,0.16,2,1,0,0
ORD_05389,250,0.13,2,10,1,1
ORD_05390,250,0.09,2,3,1,0
ORD_05391,380,0.32,1,6,1,1
ORD_05392,756,0.05,2,2,0,0
ORD_05393,722,0.38,2,8,1,0
ORD_05394,749,0.13,1,10,1,0
ORD_05395,250,0.36,3,7,1,1
ORD_05396,1264,0.02,1,2,0,1
ORD_05397,805,0.03,3,1,1,0
ORD_05398,1195,0.04,2,7,1,0
ORD_05399,250,0.22,2,7,1,1
ORD_05400,853,0.25,3,3,1,1
ORD_05401,257,0.08,3,10,0,0
ORD_05402,484,0.15,1,8,0,0
ORD_05403,1019,0.03,2,8,1,0
ORD_05404,715,0.06,1,5,1,0
ORD_05405,336,0.32,2,7,0,0
ORD_05406,668,0.26,3,3,1,1
ORD_05407,250,0.15,1,6,0,0
ORD_05408,1669,0.22,1,3,0,1
ORD_05409,564,0.22,2,9,0,0
ORD_05410,1627,0.21,1,7,1,1
ORD_05411,436,0.17,1,1,1,0
ORD_05412,437,0.03,2,8,1,0
ORD_05413,360,0.15,2,9,1,1
ORD_05414,1340,0.04,2,10,1,0
ORD_05415,377,0.18,2,2,1,0
ORD_05416,1113,0.24,3,1,1,1
ORD_05417,489,0.2,3,4,0,0
ORD_05418,250,0.0,2,9,0,0
ORD_05419,421,0.07,1,6,1,0
ORD_05420,258,0.28,1,10,0,0
ORD_05421,683,0.08,3,8,0,0
ORD_05422,256,0.41,2,7,0,1
ORD_05423,1395,0.14,3,5,0,0
ORD_05424,618,0.29,2,5,1,0
ORD_05425,577,0.1,3,6,1,0
ORD_05426,1124,0.22,1,6,1,0
ORD_05427,1438,0.32,2,5,0,0
ORD_05428,654,0.09,2,8,1,0
ORD_05429,358,0.25,3,3,0,0
ORD_05430,250,0.09,2,9,1,0
ORD_05431,384,0.02,1,5,1,0
ORD_05432,405,0.11,3,9,0,0
ORD_05433,724,0.25,2,5,0,0
ORD_05434,504,0.02,1,3,1,1
ORD_05435,1153,0.16,2,9,0,0
ORD_05436,407,0.08,2,2,0,0
ORD_05437,635,0.04,2,5,0,0
ORD_05438,1715,0.25,3,3,0,0
ORD_05439,874,0.05,2,7,1,0
ORD_05440,633,0.17,2,4,1,0
ORD_05441,410,0.02,1,8,1,0
ORD_05442,400,0.05,2,1,1,0
ORD_05443,336,0.0,1,5,0,0
ORD_05444,431,0.08,1,8,0,0
ORD_05445,1217,0.04,1,2,0,0
ORD_05446,556,0.12,1,6,1,0
ORD_05447,250,0.11,1,7,1,0
ORD_05448,2736,0.12,2,6,0,0
ORD_05449,859,0.07,1,10,0,0
ORD_05450,250,0.17,1,3,1,0
ORD_05451,467,0.06,3,6,1,1
ORD_05452,726,0.28,2,7,1,0
ORD_05453,2601,0.2,2,3,1,0
ORD_05454,274,0.08,1,10,0,0
ORD_05455,1452,0.07,2,2,1,0
ORD_05456,2037,0.01,2,3,1,1
ORD_05457,402,0.1,2,1,0,0
ORD_05458,532,0.0,1,7,1,0
ORD_05459,290,0.15,2,4,0,0
ORD_05460,565,0.01,3,3,1,0
ORD_05461,645,0.0,3,6,0,0
ORD_05462,1127,0.15,1,3,0,0
ORD_05463,1591,0.39,2,10,0,0
ORD_05464,365,0.08,1,3,0,0
ORD_05465,250,0.15,2,9,1,0
ORD_05466,653,0.03,2,2,0,0
ORD_05467,841,0.13,2,5,1,0
ORD_05468,812,0.26,2,10,0,0
ORD_05469,512,0.31,2,10,1,0
ORD_05470,734,0.07,2,2,0,0
ORD_05471,2235,0.2,1,6,0,0
ORD_05472,902,0.03,2,4,0,0
ORD_05473,493,0.2,3,7,1,1
ORD_05474,445,0.28,1,1,0,0
ORD_05475,580,0.02,1,8,0,0
ORD_05476,2463,0.03,2,2,0,1
ORD_05477,574,0.11,2,4,1,0
ORD_05478,654,0.07,2,7,1,1
ORD_05479,452,0.11,2,8,1,0
ORD_05480,1602,0.11,3,9,1,0
ORD_05481,3190,0.03,3,5,1,1
ORD_05482,953,0.04,1,9,1,0
ORD_05483,710,0.02,1,9,1,0
ORD_05484,685,0.09,2,3,0,0
ORD_05485,250,0.08,1,7,0,0
ORD_05486,1207,0.07,2,8,1,0
ORD_05487,740,0.03,2,1,1,0
ORD_05488,936,0.01,3,10,0,0
ORD_05489,376,0.03,3,5,1,0
ORD_05490,489,0.04,1,1,1,1
ORD_05491,478,0.17,2,3,1,1
ORD_05492,1506,0.14,2,2,1,0
ORD_05493,491,0.07,1,2,1,0
ORD_05494,3519,0.01,2,4,0,0
ORD_05495,938,0.34,3,5,1,0
ORD_05496,250,0.23,2,1,0,1
ORD_05497,600,0.22,3,6,0,0
ORD_05498,394,0.05,2,5,1,1
ORD_05499,250,0.41,2,4,1,0
ORD_05500,2391,0.03,1,6,1,1
ORD_05501,1167,0.15,1,2,0,0
ORD_05502,1018,0.02,2,8,0,0
ORD_05503,759,0.18,2,6,1,0
ORD_05504,250,0.15,2,3,1,1
ORD_05505,451,0.18,2,4,1,0
ORD_05506,1304,0.06,3,2,0,1
ORD_05507,286,0.11,1,4,1,1
ORD_05508,250,0.01,2,9,1,0
ORD_05509,554,0.09,2,4,1,0
ORD_05510,593,0.05,1,8,1,0
ORD_05511,741,0.38,3,3,1,1
ORD_05512,1191,0.04,2,5,1,0
ORD_05513,1107,0.02,1,2,1,0
ORD_05514,818,0.02,3,9,1,1
ORD_05515,1730,0.15,3,9,1,0
ORD_05516,250,0.39,2,10,1,0
ORD_05517,995,0.0,2,7,1,1
ORD_05518,1097,0.01,3,2,0,1
ORD_05519,250,0.13,1,4,1,0
ORD_05520,250,0.28,2,6,1,0
ORD_05521,366,0.18,1,9,1,0
ORD_05522,391,0.2,2,6,0,0
ORD_05523,1215,0.17,3,4,1,1
ORD_05524,406,0.01,2,1,1,0
ORD_05525,335,0.35,2,7,1,0
ORD_05526,407,0.26,1,7,1,0
ORD_05527,1627,0.02,3,6,1,0
ORD_05528,672,0.24,1,3,1,1
ORD_05529,576,0.26,1,5,1,1
ORD_05530,609,0.0,2,7,1,1
ORD_05531,1869,0.12,1,6,0,0
ORD_05532,365,0.0,1,7,0,0
ORD_05533,1905,0.19,3,5,0,0
ORD_05534,787,0.04,2,1,1,0
ORD_05535,585,0.03,3,10,1,0
ORD_05536,4918,0.13,2,5,1,0
ORD_05537,285,0.12,1,2,0,0
ORD_05538,501,0.31,1,10,1,1
ORD_05539,250,0.27,3,10,1,1
ORD_05540,1425,0.07,1,2,1,0
ORD_05541,2569,0.17,2,4,0,0
ORD_05542,2529,0.34,1,6,0,0
ORD_05543,1770,0.15,2,5,1,1
ORD_05544,567,0.13,1,7,1,0
ORD_05545,496,0.15,1,10,1,0
ORD_05546,250,0.37,2,8,1,0
ORD_05547,3390,0.02,1,10,1,0
ORD_05548,967,0.11,2,1,1,0
ORD_05549,448,0.08,2,8,1,1
ORD_05550,1924,0.21,2,3,0,0
ORD_05551,305,0.1,1,10,1,0
ORD_05552,920,0.12,2,10,1,0
ORD_05553,579,0.16,3,2,1,1
ORD_05554,1108,0.28,2,2,1,0
ORD_05555,632,0.08,2,5,1,0
ORD_05556,250,0.14,3,2,1,1
ORD_05557,706,0.15,3,4,1,0
ORD_05558,1539,0.02,1,3,1,0
ORD_05559,649,0.16,3,8,1,0
ORD_05560,1236,0.51,1,9,1,0
ORD_05561,288,0.05,3,6,0,0
ORD_05562,651,0.02,1,4,1,0
ORD_05563,403,0.13,2,2,1,0
ORD_05564,1209,0.11,3,8,1,0
ORD_05565,682,0.06,1,3,1,0
ORD_05566,1155,0.12,1,2,1,0
ORD_05567,1587,0.11,2,4,1,1
ORD_05568,1156,0.09,2,2,1,0
ORD_05569,827,0.39,1,3,1,1
ORD_05570,299,0.0,2,9,0,0
ORD_05571,663,0.04,2,7,1,1
ORD_05572,434,0.19,1,1,1,0
ORD_05573,505,0.22,2,10,1,1
ORD_05574,492,0.06,1,5,0,0
ORD_05575,303,0.07,1,5,0,0
ORD_05576,250,0.25,2,9,1,0
ORD_05577,389,0.02,3,1,1,1
ORD_05578,776,0.19,2,1,1,0
ORD_05579,250,0.21,1,10,1,1
ORD_05580,673,0.02,2,7,1,0
ORD_05581,3041,0.23,3,7,0,1
ORD_05582,1507,0.31,2,8,1,1
ORD_05583,2477,0.1,2,4,0,1
ORD_05584,909,0.15,3,7,0,0
ORD_05585,1692,0.05,2,6,1,0
ORD_05586,372,0.04,3,1,1,1
ORD_05587,397,0.06,2,2,0,0
ORD_05588,250,0.09,1,8,1,0
ORD_05589,1718,0.05,1,6,0,0
ORD_05590,2280,0.13,2,7,0,0
ORD_05591,427,0.36,2,8,0,1
ORD_05592,542,0.04,2,5,0,0
ORD_05593,363,0.02,1,5,0,0
ORD_05594,903,0.41,3,2,1,1
ORD_05595,1635,0.01,3,4,0,0
ORD_05596,250,0.05,2,2,1,1
ORD_05597,922,0.13,2,7,1,0
ORD_05598,533,0.06,1,9,1,0
ORD_05599,728,0.14,2,2,1,0
ORD_05600,960,0.29,2,4,1,0
ORD_05601,572,0.05,2,8,1,0
ORD_05602,612,0.1,2,9,0,0
ORD_05603,560,0.03,2,4,1,0
ORD_05604,1445,0.03,1,8,1,0
ORD_05605,929,0.09,1,7,1,0
ORD_05606,793,0.06,3,5,1,0
ORD_05607,250,0.07,1,4,1,0
ORD_05608,491,0.02,1,6,1,0
ORD_05609,1365,0.16,2,6,1,0
ORD_05610,685,0.02,1,2,1,0
ORD_05611,1127,0.11,2,3,0,0
ORD_05612,2733,0.29,2,6,1,1
ORD_05613,1526,0.41,1,4,1,0
ORD_05614,716,0.03,1,3,1,1
ORD_05615,441,0.48,1,4,0,1
ORD_05616,250,0.13,2,6,1,0
ORD_05617,581,0.09,3,3,1,0
ORD_05618,512,0.13,1,1,0,0
ORD_05619,908,0.1,2,6,0,0
ORD_05620,588,0.34,2,2,1,1
ORD_05621,514,0.15,1,9,1,0
ORD_05622,250,0.11,2,6,0,1
ORD_05623,313,0.02,2,1,1,0
ORD_05624,973,0.08,2,4,0,0
ORD_05625,2624,0.24,3,5,1,1
ORD_05626,615,0.27,1,8,0,0
ORD_05627,864,0.06,1,3,1,0
ORD_05628,1425,0.03,2,9,0,0
ORD_05629,347,0.21,1,9,1,0
ORD_05630,891,0.08,1,10,0,0
ORD_05631,367,0.01,3,5,0,1
ORD_05632,1328,0.17,2,4,0,0
ORD_05633,750,0.29,2,7,1,0
ORD_05634,844,0.14,1,9,0,0
ORD_05635,355,0.1,1,6,1,1
ORD_05636,1171,0.05,1,7,1,0
ORD_05637,3525,0.22,3,1,1,0
ORD_05638,296,0.01,3,4,1,0
ORD_05639,506,0.16,2,2,0,0
ORD_05640,800,0.12,1,1,1,0
ORD_05641,1247,0.02,2,7,1,0
ORD_05642,425,0.32,3,10,1,0
ORD_05643,250,0.04,3,4,1,0
ORD_05644,1973,0.2,2,2,1,0
ORD_05645,1222,0.24,2,5,0,0
ORD_05646,250,0.07,2,7,1,0
ORD_05647,409,0.12,1,2,0,0
ORD_05648,2332,0.15,2,7,0,0
ORD_05649,2118,0.05,2,3,1,1
ORD_05650,1409,0.35,2,8,0,0
ORD_05651,577,0.16,2,7,0,0
ORD_05652,710,0.03,2,1,0,0
ORD_05653,598,0.09,2,9,1,0
ORD_05654,1640,0.02,1,6,1,0
ORD_05655,330,0.14,3,4,1,0
ORD_05656,349,0.04,2,6,0,0
ORD_05657,1492,0.24,2,2,1,0
ORD_05658,641,0.11,1,2,1,0
ORD_05659,2003,0.2,3,8,0,1
ORD_05660,388,0.03,2,10,1,0
ORD_05661,636,0.07,2,5,1,0
ORD_05662,318,0.02,3,7,1,0
ORD_05663,669,0.04,3,1,1,1
ORD_05664,250,0.01,2,6,1,0
ORD_05665,450,0.04,1,10,1,0
ORD_05666,250,0.17,3,7,0,1
ORD_05667,1158,0.3,3,10,1,1
ORD_05668,1180,0.04,1,7,1,1
ORD_05669,250,0.14,2,10,1,0
ORD_05670,1933,0.06,2,3,1,0
ORD_05671,4904,0.05,1,9,1,0
ORD_05672,690,0.17,1,9,1,1
ORD_05673,398,0.31,2,5,1,1
ORD_05674,6370,0.14,3,9,1,0
ORD_05675,250,0.04,1,7,1,0
ORD_05676,675,0.08,3,7,1,1
ORD_05677,767,0.4,3,9,0,0
ORD_05678,1951,0.03,3,2,1,0
ORD_05679,886,0.17,1,10,0,0
ORD_05680,446,0.04,2,5,1,1
ORD_05681,310,0.09,2,8,1,0
ORD_05682,506,0.1,3,8,0,0
ORD_05683,297,0.27,2,3,1,0
ORD_05684,691,0.01,1,5,1,0
ORD_05685,423,0.03,1,4,0,0
ORD_05686,250,0.36,2,4,0,1
ORD_05687,1815,0.07,3,2,1,1
ORD_05688,446,0.25,2,6,1,0
ORD_05689,250,0.11,2,1,1,0
ORD_05690,581,0.05,1,8,1,0
ORD_05691,702,0.26,3,10,0,0
ORD_05692,250,0.02,2,9,1,0
ORD_05693,867,0.05,3,5,0,0
ORD_05694,287,0.06,2,6,1,0
ORD_05695,2614,0.12,2,1,1,1
ORD_05696,1011,0.04,2,6,1,0
ORD_05697,483,0.18,1,1,1,0
ORD_05698,366,0.06,1,5,0,0
ORD_05699,611,0.08,1,9,1,0
ORD_05700,1085,0.1,2,5,1,0
ORD_05701,651,0.02,2,3,1,0
ORD_05702,559,0.04,1,4,1,1
ORD_05703,696,0.2,2,3,1,0
ORD_05704,410,0.07,2,4,0,0
ORD_05705,505,0.3,2,10,0,1
ORD_05706,250,0.07,1,6,1,1
ORD_05707,1449,0.18,2,3,1,0
ORD_05708,844,0.02,1,5,1,0
ORD_05709,358,0.07,1,7,1,0
ORD_05710,3038,0.02,2,1,0,0
ORD_05711,713,0.57,1,3,1,0
ORD_05712,290,0.44,3,6,0,0
ORD_05713,1320,0.09,3,10,1,1
ORD_05714,914,0.06,2,2,0,0
ORD_05715,912,0.2,1,8,1,1
ORD_05716,473,0.03,2,7,0,0
ORD_05717,953,0.01,2,2,1,0
ORD_05718,539,0.0,1,5,1,0
ORD_05719,1037,0.15,1,4,1,1
ORD_05720,250,0.2,1,2,1,0
ORD_05721,470,0.08,1,4,0,0
ORD_05722,2637,0.16,2,9,1,0
ORD_05723,360,0.03,3,10,1,0
ORD_05724,410,0.05,1,2,1,0
ORD_05725,464,0.21,1,10,1,0
ORD_05726,251,0.3,1,10,1,0
ORD_05727,250,0.19,2,6,1,0
ORD_05728,553,0.1,1,4,1,0
ORD_05729,741,0.14,1,8,0,0
ORD_05730,637,0.02,1,4,1,0
ORD_05731,592,0.19,2,9,1,0
ORD_05732,688,0.27,2,10,1,0
ORD_05733,1507,0.15,3,3,1,0
ORD_05734,571,0.07,2,7,1,0
ORD_05735,420,0.63,1,5,1,0
ORD_05736,531,0.15,2,1,1,0
ORD_05737,1057,0.02,1,3,0,1
ORD_05738,2058,0.06,2,9,0,0
ORD_05739,402,0.04,1,9,1,0
ORD_05740,719,0.34,1,5,1,0
ORD_05741,871,0.03,2,5,1,0
ORD_05742,300,0.14,1,4,1,0
ORD_05743,676,0.1,1,4,1,0
ORD_05744,250,0.12,1,4,1,0
ORD_05745,250,0.06,2,2,1,0
ORD_05746,891,0.15,1,7,0,1
ORD_05747,489,0.3,2,3,0,0
ORD_05748,781,0.05,2,1,1,0
ORD_05749,655,0.04,1,10,1,0
ORD_05750,304,0.06,3,3,1,0
ORD_05751,641,0.07,3,9,0,0
ORD_05752,250,0.12,3,9,1,0
ORD_05753,2023,0.11,2,10,1,0
ORD_05754,250,0.09,1,7,1,0
ORD_05755,568,0.12,2,1,1,0
ORD_05756,288,0.02,1,6,1,0
ORD_05757,1049,0.34,1,10,1,0
ORD_05758,510,0.42,1,1,1,0
ORD_05759,439,0.21,2,2,1,1
ORD_05760,1316,0.39,1,3,1,0
ORD_05761,680,0.22,2,6,0,0
ORD_05762,1005,0.44,1,7,0,0
ORD_05763,303,0.09,2,8,1,1
ORD_05764,250,0.16,2,9,1,0
ORD_05765,724,0.22,1,7,0,0
ORD_05766,515,0.19,1,6,0,0
ORD_05767,1097,0.01,1,5,1,0
ORD_05768,623,0.12,1,10,0,0
ORD_05769,783,0.05,2,2,0,0
ORD_05770,250,0.07,3,8,1,0
ORD_05771,3013,0.05,2,5,1,0
ORD_05772,583,0.01,3,10,1,0
ORD_05773,1162,0.04,3,2,1,0
ORD_05774,340,0.12,2,3,1,0
ORD_05775,850,0.14,1,10,0,0
ORD_05776,250,0.29,3,10,1,0
ORD_05777,954,0.04,2,7,1,1
ORD_05778,500,0.0,3,10,0,0
ORD_05779,680,0.01,2,8,1,0
ORD_05780,1162,0.36,2,5,1,0
ORD_05781,250,0.07,3,10,0,1
ORD_05782,384,0.25,2,8,1,0
ORD_05783,958,0.27,2,10,1,0
ORD_05784,3563,0.22,2,10,1,0
ORD_05785,595,0.0,3,6,1,0
ORD_05786,1067,0.04,2,2,1,0
ORD_05787,610,0.25,1,2,0,0
ORD_05788,3145,0.14,2,8,1,0
ORD_05789,250,0.37,2,4,1,1
ORD_05790,717,0.31,1,8,1,0
ORD_05791,250,0.07,1,9,1,0
ORD_05792,250,0.06,1,6,1,1
ORD_05793,843,0.35,3,9,0,0
ORD_05794,743,0.06,1,6,1,0
ORD_05795,529,0.18,2,3,0,0
ORD_05796,610,0.29,3,8,1,0
ORD_05797,7931,0.45,1,1,1,1
ORD_05798,541,0.19,1,6,1,0
ORD_05799,1000,0.4,3,3,1,0
ORD_05800,395,0.26,2,10,1,0
ORD_05801,842,0.11,1,10,1,0
ORD_05802,549,0.01,3,3,0,0
ORD_05803,478,0.23,2,9,1,1
ORD_05804,2850,0.4,3,7,1,1
ORD_05805,1705,0.04,1,2,1,0
ORD_05806,742,0.11,2,6,0,0
ORD_05807,250,0.25,2,4,1,1
ORD_05808,498,0.09,1,10,1,0
ORD_05809,5781,0.04,1,7,1,0
ORD_05810,553,0.29,1,4,0,0
ORD_05811,1607,0.03,2,7,1,1
ORD_05812,2108,0.49,1,6,0,0
ORD_05813,792,0.33,1,8,0,0
ORD_05814,339,0.06,2,7,1,1
ORD_05815,250,0.16,2,9,0,0
ORD_05816,1149,0.3,1,4,1,0
ORD_05817,346,0.03,2,9,1,0
ORD_05818,765,0.0,2,5,1,1
ORD_05819,250,0.02,2,9,1,0
ORD_05820,537,0.03,1,4,1,0
ORD_05821,683,0.03,1,3,1,0
ORD_05822,824,0.15,2,7,0,0
ORD_05823,272,0.02,3,4,1,1
ORD_05824,1732,0.41,1,5,0,1
ORD_05825,412,0.03,2,3,1,0
ORD_05826,250,0.17,1,6,1,0
ORD_05827,609,0.31,1,4,1,0
ORD_05828,683,0.33,1,1,1,1
ORD_05829,756,0.09,3,2,1,1
ORD_05830,1977,0.1,1,8,1,0
ORD_05831,550,0.14,1,4,1,1
ORD_05832,604,0.24,2,10,0,0
ORD_05833,275,0.34,1,2,1,0
ORD_05834,1282,0.02,1,4,1,0
ORD_05835,770,0.22,1,7,1,0
ORD_05836,475,0.14,3,2,0,0
ORD_05837,250,0.12,1,6,0,0
ORD_05838,2112,0.03,3,1,1,1
ORD_05839,250,0.15,1,3,0,0
ORD_05840,414,0.36,1,9,1,1
ORD_05841,885,0.11,3,5,1,0
ORD_05842,255,0.05,2,8,1,0
ORD_05843,250,0.17,1,1,1,0
ORD_05844,250,0.13,2,4,1,1
ORD_05845,1184,0.02,1,3,1,0
ORD_05846,430,0.4,2,10,0,0
ORD_05847,6917,0.06,2,9,1,0
ORD_05848,300,0.34,1,7,1,0
ORD_05849,318,0.48,3,3,0,0
ORD_05850,423,0.28,2,1,1,1
ORD_05851,807,0.23,1,5,0,0
ORD_05852,456,0.02,1,10,0,0
ORD_05853,1085,0.42,3,3,1,0
ORD_05854,304,0.17,1,2,1,1
ORD_05855,250,0.12,2,3,0,0
ORD_05856,250,0.11,3,5,1,0
ORD_05857,250,0.13,2,5,1,1
ORD_05858,439,0.02,2,10,1,0
ORD_05859,522,0.04,1,8,0,0
ORD_05860,401,0.44,2,4,1,0
ORD_05861,1798,0.12,1,2,1,1
ORD_05862,1776,0.06,3,8,1,0
ORD_05863,508,0.04,1,8,1,0
ORD_05864,250,0.08,1,10,1,0
ORD_05865,422,0.21,1,8,1,1
ORD_05866,411,0.15,1,1,1,0
ORD_05867,393,0.17,1,9,1,0
ORD_05868,380,0.06,3,4,1,0
ORD_05869,394,0.46,3,4,1,1
ORD_05870,488,0.17,2,8,1,0
ORD_05871,400,0.08,1,8,0,0
ORD_05872,785,0.19,1,6,0,0
ORD_05873,887,0.22,3,4,1,1
ORD_05874,321,0.06,1,3,0,0
ORD_05875,1838,0.02,2,5,1,0
ORD_05876,303,0.26,1,8,1,1
ORD_05877,250,0.06,3,7,0,0
ORD_05878,902,0.28,1,8,1,1
ORD_05879,345,0.01,1,1,1,0
ORD_05880,860,0.18,2,4,1,0
ORD_05881,250,0.01,1,9,1,0
ORD_05882,2026,0.32,2,6,1,1
ORD_05883,1138,0.1,1,10,1,0
ORD_05884,250,0.38,2,8,1,0
ORD_05885,250,0.12,1,8,0,0
ORD_05886,2534,0.04,2,5,0,0
ORD_05887,368,0.41,3,8,1,1
ORD_05888,341,0.04,3,4,0,0
ORD_05889,250,0.1,2,6,1,0
ORD_05890,502,0.17,2,7,1,1
ORD_05891,554,0.08,2,6,1,0
ORD_05892,1178,0.11,1,6,0,0
ORD_05893,250,0.26,2,8,1,0
ORD_05894,250,0.17,1,5,1,0
ORD_05895,954,0.09,1,8,0,0
ORD_05896,1488,0.04,2,9,1,0
ORD_05897,250,0.04,2,4,1,0
ORD_05898,1580,0.29,1,3,0,0
ORD_05899,685,0.05,2,5,1,0
ORD_05900,1593,0.29,3,10,0,0
ORD_05901,628,0.06,2,10,1,0
ORD_05902,250,0.09,2,5,0,0
ORD_05903,588,0.15,1,7,1,0
ORD_05904,1553,0.0,3,3,0,0
ORD_05905,325,0.06,1,10,0,0
ORD_05906,487,0.07,3,9,0,0
ORD_05907,577,0.08,3,6,1,0
ORD_05908,250,0.36,2,10,0,1
ORD_05909,2532,0.5,3,9,1,0
ORD_05910,323,0.18,2,1,1,0
ORD_05911,996,0.04,3,2,0,0
ORD_05912,620,0.21,2,10,1,1
ORD_05913,1819,0.21,1,2,1,0
ORD_05914,920,0.15,1,8,1,0
ORD_05915,551,0.01,2,4,1,0
ORD_05916,325,0.02,3,7,0,0
ORD_05917,1259,0.0,3,4,1,0
ORD_05918,250,0.04,3,4,1,0
ORD_05919,1115,0.22,1,8,0,0
ORD_05920,276,0.03,2,10,1,1
ORD_05921,1811,0.14,2,4,1,1
ORD_05922,756,0.04,2,3,1,0
ORD_05923,1113,0.46,1,10,1,0
ORD_05924,710,0.03,2,9,0,0
ORD_05925,250,0.08,2,3,1,0
ORD_05926,334,0.09,2,5,0,0
ORD_05927,1139,0.01,2,1,1,0
ORD_05928,760,0.05,2,9,1,0
ORD_05929,1710,0.16,1,6,0,0
ORD_05930,918,0.04,3,5,1,0
ORD_05931,306,0.22,1,4,1,1
ORD_05932,351,0.32,2,8,1,1
ORD_05933,722,0.04,1,2,1,0
ORD_05934,250,0.07,2,10,0,1
ORD_05935,2537,0.21,3,5,1,0
ORD_05936,947,0.08,1,8,1,0
ORD_05937,1775,0.3,3,1,1,1
ORD_05938,250,0.11,1,3,0,0
ORD_05939,1800,0.07,1,7,0,0
ORD_05940,3964,0.12,3,10,1,0
ORD_05941,250,0.03,2,5,0,0
ORD_05942,1232,0.06,1,10,0,0
ORD_05943,665,0.15,3,9,1,1
ORD_05944,250,0.01,2,1,0,0
ORD_05945,986,0.12,1,7,1,0
ORD_05946,1295,0.0,3,10,1,0
ORD_05947,411,0.11,2,6,0,0
ORD_05948,1690,0.03,1,10,0,0
ORD_05949,250,0.05,3,4,1,0
ORD_05950,250,0.01,2,10,0,0
ORD_05951,741,0.13,2,10,0,0
ORD_05952,678,0.26,3,6,0,0
ORD_05953,374,0.05,3,10,0,0
ORD_05954,1271,0.17,1,9,1,0
ORD_05955,1017,0.02,3,9,0,1
ORD_05956,1321,0.1,1,2,1,0
ORD_05957,602,0.03,2,9,1,0
ORD_05958,1077,0.04,3,2,1,1
ORD_05959,465,0.2,2,6,1,0
ORD_05960,3439,0.09,1,7,1,0
ORD_05961,347,0.25,2,9,1,1
ORD_05962,3584,0.06,2,6,0,0
ORD_05963,683,0.21,1,8,0,1
ORD_05964,250,0.28,3,10,1,0
ORD_05965,1987,0.13,3,3,1,0
ORD_05966,735,0.02,2,10,1,1
ORD_05967,1314,0.03,2,6,1,0
ORD_05968,1770,0.17,1,2,1,1
ORD_05969,871,0.18,3,1,1,1
ORD_05970,414,0.2,1,6,1,0
ORD_05971,1451,0.03,1,3,1,1
ORD_05972,665,0.4,3,5,1,0
ORD_05973,1151,0.0,3,6,1,0
ORD_05974,250,0.11,2,10,1,0
ORD_05975,951,0.31,1,6,1,0
ORD_05976,399,0.09,1,10,1,1
ORD_05977,2496,0.05,2,7,1,0
ORD_05978,1094,0.4,2,7,1,0
ORD_05979,805,0.1,2,6,1,0
ORD_05980,981,0.06,2,1,0,0
ORD_05981,299,0.1,2,8,1,0
ORD_05982,2437,0.13,2,10,1,0
ORD_05983,3271,0.15,3,4,1,1
ORD_05984,910,0.09,2,1,1,0
ORD_05985,2373,0.1,3,10,1,0
ORD_05986,421,0.11,3,2,1,1
ORD_05987,351,0.26,1,3,1,1
ORD_05988,687,0.2,3,6,1,1
ORD_05989,941,0.03,1,2,1,1
ORD_05990,485,0.02,3,2,1,0
ORD_05991,1022,0.19,2,6,1,0
ORD_05992,849,0.41,2,4,1,0
ORD_05993,299,0.01,1,5,1,0
ORD_05994,1007,0.06,1,8,1,1
ORD_05995,1327,0.42,1,3,1,0
ORD_05996,762,0.05,3,5,1,0
ORD_05997,1672,0.16,2,1,1,0
ORD_05998,251,0.13,2,10,1,0
ORD_05999,967,0.37,3,4,1,0
ORD_06000,260,0.04,1,5,1,1
ORD_06001,272,0.09,2,4,1,0
ORD_06002,401,0.25,2,9,0,0
ORD_06003,313,0.15,1,8,0,0
ORD_06004,429,0.42,3,2,0,1
ORD_06005,560,0.11,2,9,0,0
ORD_06006,1299,0.24,1,2,1,0
ORD_06007,514,0.24,2,6,0,0
ORD_06008,250,0.08,3,2,1,1
ORD_06009,1655,0.15,1,6,1,0
ORD_06010,340,0.12,2,6,1,0
ORD_06011,634,0.68,3,7,1,0
ORD_06012,950,0.28,3,10,1,0
ORD_06013,780,0.12,2,5,0,1
ORD_06014,1596,0.1,1,3,0,0
ORD_06015,975,0.06,2,2,0,0
ORD_06016,333,0.22,2,4,0,0
ORD_06017,3800,0.08,1,1,1,0
ORD_06018,777,0.03,2,2,0,0
ORD_06019,591,0.18,2,8,1,0
ORD_06020,1438,0.13,3,5,1,0
ORD_06021,812,0.38,1,5,1,1
ORD_06022,915,0.1,1,3,1,0
ORD_06023,4884,0.13,2,1,1,0
ORD_06024,533,0.03,2,6,0,0
ORD_06025,515,0.18,2,1,1,0
ORD_06026,730,0.17,1,4,0,0
ORD_06027,1567,0.03,1,4,0,0
ORD_06028,250,0.45,2,3,0,0
ORD_06029,250,0.06,3,4,0,0
ORD_06030,415,0.21,2,6,0,0
ORD_06031,250,0.46,2,6,1,1
ORD_06032,473,0.2,3,6,1,0
ORD_06033,994,0.0,2,6,1,1
ORD_06034,326,0.01,2,4,1,1
ORD_06035,250,0.2,1,7,1,0
ORD_06036,703,0.01,3,7,0,0
ORD_06037,1326,0.05,2,2,1,0
ORD_06038,250,0.0,1,6,1,0
ORD_06039,1282,0.21,1,5,1,1
ORD_06040,1279,0.13,1,10,1,0
ORD_06041,1426,0.05,1,1,1,0
ORD_06042,1763,0.22,1,3,1,0
ORD_06043,3872,0.3,3,9,1,0
ORD_06044,500,0.33,1,9,0,0
ORD_06045,726,0.04,2,10,1,0
ORD_06046,476,0.0,1,9,1,0
ORD_06047,666,0.16,2,10,1,0
ORD_06048,2267,0.25,2,5,1,0
ORD_06049,250,0.11,1,6,1,0
ORD_06050,334,0.03,3,9,0,0
ORD_06051,2001,0.09,2,4,1,0
ORD_06052,1504,0.0,3,4,0,0
ORD_06053,497,0.04,1,9,0,0
ORD_06054,1317,0.0,2,7,0,0
ORD_06055,873,0.2,3,6,1,1
ORD_06056,2208,0.06,3,10,1,1
ORD_06057,705,0.38,3,6,0,0
ORD_06058,1510,0.02,2,5,1,0
ORD_06059,5506,0.01,2,4,0,0
ORD_06060,1073,0.0,3,3,1,1
ORD_06061,691,0.18,1,7,1,0
ORD_06062,1185,0.24,2,5,0,0
ORD_06063,496,0.04,3,2,1,0
ORD_06064,4493,0.14,1,3,1,0
ORD_06065,768,0.3,1,5,1,0
ORD_06066,534,0.49,1,9,1,0
ORD_06067,340,0.05,3,6,1,0
ORD_06068,1600,0.2,2,2,1,1
ORD_06069,1331,0.02,2,8,0,0
ORD_06070,446,0.19,3,6,0,0
ORD_06071,1054,0.17,2,6,1,1
ORD_06072,250,0.18,3,8,1,0
ORD_06073,771,0.19,1,7,1,0
ORD_06074,955,0.07,2,5,1,0
ORD_06075,2606,0.07,1,9,1,0
ORD_06076,359,0.16,1,1,1,0
ORD_06077,250,0.1,1,4,1,0
ORD_06078,324,0.07,2,10,0,0
ORD_06079,250,0.09,3,9,1,0
ORD_06080,1937,0.03,2,2,1,1
ORD_06081,2295,0.18,1,3,1,1
ORD_06082,859,0.2,3,3,0,0
ORD_06083,1766,0.01,1,6,0,0
ORD_06084,740,0.18,3,3,0,0
ORD_06085,616,0.03,3,3,1,0
ORD_06086,509,0.3,2,5,0,0
ORD_06087,518,0.06,1,3,1,0
ORD_06088,250,0.12,2,5,1,0
ORD_06089,821,0.09,3,3,1,0
ORD_06090,644,0.3,2,2,1,0
ORD_06091,1207,0.22,1,8,1,0
ORD_06092,716,0.17,3,3,1,1
ORD_06093,583,0.02,2,6,1,0
ORD_06094,331,0.17,1,2,0,0
ORD_06095,704,0.43,3,1,1,0
ORD_06096,1200,0.01,3,8,1,0
ORD_06097,266,0.05,1,3,1,1
ORD_06098,713,0.29,1,2,0,0
ORD_06099,801,0.02,2,2,1,0
ORD_06100,374,0.04,1,5,1,1
ORD_06101,415,0.35,1,6,0,0
ORD_06102,799,0.16,3,2,1,0
ORD_06103,268,0.02,3,6,1,0
ORD_06104,880,0.1,1,1,0,1
ORD_06105,324,0.02,2,9,0,0
ORD_06106,1556,0.07,1,4,1,0
ORD_06107,4316,0.0,1,5,1,0
ORD_06108,334,0.16,1,3,1,0
ORD_06109,1019,0.22,1,6,0,1
ORD_06110,371,0.17,2,1,1,0
ORD_06111,1529,0.17,3,7,0,0
ORD_06112,250,0.06,2,8,1,0
ORD_06113,976,0.12,2,3,1,0
ORD_06114,330,0.2,1,2,1,1
ORD_06115,563,0.19,2,4,0,1
ORD_06116,291,0.03,1,8,0,0
ORD_06117,1284,0.02,1,8,0,1
ORD_06118,340,0.27,1,8,1,0
ORD_06119,1034,0.23,1,2,0,0
ORD_06120,505,0.01,2,4,0,0
ORD_06121,606,0.26,1,10,1,1
ORD_06122,748,0.09,3,1,0,0
ORD_06123,361,0.17,3,7,0,1
ORD_06124,787,0.11,1,10,1,0
ORD_06125,2262,0.08,2,6,0,0
ORD_06126,356,0.0,2,7,1,0
ORD_06127,1698,0.02,3,10,0,0
ORD_06128,2204,0.11,1,5,0,0
ORD_06129,346,0.25,2,6,1,0
ORD_06130,250,0.09,1,6,0,0
ORD_06131,846,0.02,2,6,1,0
ORD_06132,429,0.05,1,9,1,0
ORD_06133,2965,0.01,1,4,1,0
ORD_06134,683,0.17,1,2,1,0
ORD_06135,350,0.03,1,9,1,1
ORD_06136,265,0.1,1,10,1,0
ORD_06137,1590,0.12,2,7,1,0
ORD_06138,421,0.03,2,5,1,0
ORD_06139,688,0.18,2,6,1,0
ORD_06140,1428,0.08,1,7,1,1
ORD_06141,451,0.09,1,5,1,1
ORD_06142,641,0.17,3,5,0,0
ORD_06143,656,0.13,1,6,1,0
ORD_06144,1149,0.03,3,8,0,0
ORD_06145,1066,0.06,3,2,1,0
ORD_06146,557,0.33,1,10,0,0
ORD_06147,699,0.7,3,9,0,1
ORD_06148,494,0.3,2,10,1,1
ORD_06149,250,0.12,2,5,0,1
ORD_06150,817,0.11,3,4,1,0
ORD_06151,3022,0.01,2,8,1,0
ORD_06152,328,0.03,2,4,0,0
ORD_06153,358,0.36,2,2,0,0
ORD_06154,331,0.2,2,5,0,0
ORD_06155,1187,0.14,2,5,1,0
ORD_06156,952,0.1,1,4,1,1
ORD_06157,585,0.06,1,3,1,0
ORD_06158,319,0.03,3,5,0,0
ORD_06159,716,0.1,1,9,0,0
ORD_06160,250,0.18,2,9,0,0
ORD_06161,746,0.11,1,9,1,0
ORD_06162,1335,0.28,1,6,0,0
ORD_06163,250,0.13,1,8,0,0
ORD_06164,250,0.02,1,1,1,0
ORD_06165,2353,0.02,2,1,1,0
ORD_06166,407,0.15,3,7,1,0
ORD_06167,1650,0.12,2,5,1,0
ORD_06168,588,0.32,2,2,1,1
ORD_06169,584,0.12,2,4,1,0
ORD_06170,944,0.16,3,4,1,1
ORD_06171,327,0.13,2,6,0,0
ORD_06172,739,0.26,1,8,1,0
ORD_06173,490,0.09,2,3,0,0
ORD_06174,250,0.0,3,7,1,0
ORD_06175,871,0.15,2,2,1,0
ORD_06176,538,0.06,3,9,1,0
ORD_06177,586,0.29,1,7,1,0
ORD_06178,252,0.33,3,1,1,0
ORD_06179,2375,0.0,1,4,1,0
ORD_06180,1341,0.16,1,2,1,0
ORD_06181,1438,0.43,2,10,1,0
ORD_06182,520,0.19,1,5,1,0
ORD_06183,250,0.29,2,9,1,0
ORD_06184,3172,0.1,3,3,1,1
ORD_06185,633,0.05,3,5,1,0
ORD_06186,365,0.07,2,10,1,0
ORD_06187,928,0.2,2,2,1,1
ORD_06188,1692,0.23,3,4,1,0
ORD_06189,652,0.03,2,2,1,0
ORD_06190,1849,0.19,3,8,1,1
ORD_06191,1581,0.02,3,7,0,0
ORD_06192,281,0.09,1,7,1,0
ORD_06193,387,0.1,1,7,0,0
ORD_06194,1430,0.09,2,9,1,0
ORD_06195,250,0.11,3,2,1,1
ORD_06196,590,0.1,3,6,1,0
ORD_06197,250,0.06,2,4,0,0
ORD_06198,454,0.08,1,10,1,0
ORD_06199,523,0.05,1,6,1,0
ORD_06200,499,0.16,3,9,0,0
ORD_06201,427,0.03,2,1,1,0
ORD_06202,276,0.05,2,2,0,0
ORD_06203,4161,0.02,3,6,1,1
ORD_06204,2963,0.24,3,7,1,0
ORD_06205,262,0.1,2,3,1,0
ORD_06206,2358,0.48,2,1,1,0
ORD_06207,483,0.14,2,7,0,0
ORD_06208,737,0.16,1,2,0,0
ORD_06209,632,0.15,2,6,1,0
ORD_06210,392,0.07,1,4,1,1
ORD_06211,1461,0.27,3,10,0,0
ORD_06212,735,0.05,3,4,1,1
ORD_06213,454,0.06,3,9,0,0
ORD_06214,250,0.43,1,7,1,0
ORD_06215,325,0.26,2,1,1,1
ORD_06216,250,0.06,1,4,1,0
ORD_06217,671,0.16,1,10,1,0
ORD_06218,255,0.1,2,6,1,1
ORD_06219,537,0.01,2,2,0,1
ORD_06220,1990,0.01,1,4,1,0
ORD_06221,1736,0.0,1,2,1,0
ORD_06222,648,0.18,2,1,0,0
ORD_06223,620,0.45,1,1,0,0
ORD_06224,2992,0.05,1,9,1,0
ORD_06225,1008,0.02,2,9,1,0
ORD_06226,511,0.23,2,4,1,0
ORD_06227,250,0.01,2,8,0,0
ORD_06228,911,0.07,1,10,1,0
ORD_06229,1291,0.08,1,7,1,0
ORD_06230,401,0.02,1,5,1,0
ORD_06231,839,0.4,1,10,1,1
ORD_06232,497,0.22,1,2,1,0
ORD_06233,574,0.32,3,9,1,0
ORD_06234,250,0.0,1,7,1,0
ORD_06235,557,0.05,1,4,1,0
ORD_06236,1444,0.15,1,10,1,1
ORD_06237,401,0.14,2,2,1,0
ORD_06238,693,0.21,1,2,1,0
ORD_06239,363,0.05,1,3,0,0
ORD_06240,887,0.03,1,6,1,0
ORD_06241,559,0.03,3,1,1,0
ORD_06242,313,0.06,3,5,1,0
ORD_06243,1931,0.08,2,10,1,0
ORD_06244,1398,0.09,1,3,0,0
ORD_06245,409,0.15,1,7,1,0
ORD_06246,990,0.25,2,7,1,0
ORD_06247,1022,0.2,1,10,0,0
ORD_06248,1111,0.1,2,5,1,0
ORD_06249,250,0.24,2,9,1,0
ORD_06250,1488,0.07,2,10,0,0
ORD_06251,421,0.23,2,8,1,1
ORD_06252,499,0.02,1,9,0,0
ORD_06253,5487,0.09,2,6,0,0
ORD_06254,846,0.02,2,8,1,0
ORD_06255,488,0.13,2,10,1,1
ORD_06256,250,0.1,1,2,0,0
ORD_06257,2021,0.0,2,5,0,0
ORD_06258,250,0.21,3,8,0,0
ORD_06259,298,0.01,2,2,1,1
ORD_06260,510,0.19,2,2,1,0
ORD_06261,2065,0.08,2,3,0,0
ORD_06262,1234,0.05,2,2,1,0
ORD_06263,586,0.04,3,4,1,0
ORD_06264,851,0.08,2,4,1,1
ORD_06265,411,0.13,2,1,1,0
ORD_06266,743,0.07,2,6,1,1
ORD_06267,705,0.06,1,7,1,0
ORD_06268,1443,0.31,2,7,0,1
ORD_06269,1441,0.06,1,5,1,0
ORD_06270,987,0.43,2,4,1,0
ORD_06271,497,0.28,2,2,1,0
ORD_06272,1204,0.06,2,5,1,0
ORD_06273,617,0.04,1,4,0,0
ORD_06274,279,0.06,1,8,1,1
ORD_06275,481,0.05,1,10,1,0
ORD_06276,711,0.06,2,1,1,1
ORD_06277,1377,0.03,2,7,0,0
ORD_06278,574,0.21,3,5,0,0
ORD_06279,252,0.23,1,10,1,0
ORD_06280,696,0.31,1,5,1,1
ORD_06281,728,0.09,3,1,1,1
ORD_06282,771,0.0,1,9,1,0
ORD_06283,1388,0.26,2,7,1,1
ORD_06284,1502,0.31,2,2,1,1
ORD_06285,413,0.06,2,5,1,0
ORD_06286,406,0.07,2,8,1,1
ORD_06287,289,0.09,1,7,1,0
ORD_06288,1163,0.23,3,2,1,1
ORD_06289,2119,0.38,1,7,1,0
ORD_06290,516,0.04,1,6,1,1
ORD_06291,548,0.06,2,8,1,0
ORD_06292,2150,0.17,1,9,1,1
ORD_06293,996,0.01,2,7,1,0
ORD_06294,942,0.38,2,8,1,1
ORD_06295,256,0.06,1,10,1,1
ORD_06296,1144,0.18,1,7,1,1
ORD_06297,316,0.34,1,7,1,0
ORD_06298,268,0.14,1,1,0,0
ORD_06299,504,0.06,1,5,1,0
ORD_06300,416,0.06,3,10,0,0
ORD_06301,557,0.03,1,5,1,1
ORD_06302,250,0.02,1,4,0,1
ORD_06303,1432,0.1,1,1,1,0
ORD_06304,1639,0.04,2,7,1,0
ORD_06305,250,0.12,2,8,0,0
ORD_06306,1455,0.01,3,5,1,0
ORD_06307,347,0.11,2,4,0,0
ORD_06308,1320,0.28,1,9,1,0
ORD_06309,629,0.03,1,3,1,0
ORD_06310,680,0.05,1,3,1,0
ORD_06311,573,0.01,2,4,0,0
ORD_06312,1754,0.18,2,7,1,0
ORD_06313,250,0.01,1,2,0,0
ORD_06314,1081,0.14,3,8,1,0
ORD_06315,1605,0.07,3,2,0,0
ORD_06316,1179,0.05,3,4,1,1
ORD_06317,4271,0.11,1,2,1,0
ORD_06318,435,0.32,1,9,1,1
ORD_06319,1430,0.39,1,4,0,0
ORD_06320,611,0.01,2,5,1,0
ORD_06321,1784,0.11,2,9,0,0
ORD_06322,661,0.17,3,2,1,0
ORD_06323,487,0.53,1,4,0,0
ORD_06324,1890,0.14,2,6,1,0
ORD_06325,448,0.17,2,1,1,0
ORD_06326,250,0.32,1,1,0,0
ORD_06327,439,0.19,1,7,0,0
ORD_06328,1091,0.12,2,6,1,0
ORD_06329,2025,0.24,2,4,1,1
ORD_06330,726,0.13,3,5,1,1
ORD_06331,1909,0.02,3,5,1,0
ORD_06332,250,0.26,3,9,1,1
ORD_06333,466,0.05,2,5,0,0
ORD_06334,528,0.02,1,2,0,0
ORD_06335,606,0.02,3,7,0,0
ORD_06336,711,0.32,3,10,0,0
ORD_06337,1156,0.15,1,9,1,1
ORD_06338,465,0.11,1,7,1,0
ORD_06339,743,0.07,2,8,1,0
ORD_06340,641,0.07,3,10,0,0
ORD_06341,317,0.2,1,3,1,1
ORD_06342,607,0.34,2,9,0,0
ORD_06343,592,0.1,3,7,1,1
ORD_06344,582,0.36,2,10,1,0
ORD_06345,682,0.06,2,4,1,0
ORD_06346,706,0.22,3,10,1,1
ORD_06347,470,0.1,1,7,0,0
ORD_06348,1841,0.03,1,3,0,0
ORD_06349,260,0.13,1,10,1,0
ORD_06350,373,0.26,1,7,1,0
ORD_06351,6148,0.04,1,3,0,0
ORD_06352,289,0.07,1,2,1,0
ORD_06353,250,0.09,2,1,1,1
ORD_06354,1197,0.03,2,6,1,0
ORD_06355,250,0.34,2,3,1,0
ORD_06356,551,0.07,1,10,0,0
ORD_06357,3702,0.0,1,2,1,0
ORD_06358,250,0.26,1,3,0,0
ORD_06359,250,0.01,1,8,1,0
ORD_06360,250,0.34,1,3,0,0
ORD_06361,1364,0.05,1,4,0,0
ORD_06362,1635,0.18,2,2,0,0
ORD_06363,441,0.1,1,8,1,0
ORD_06364,1148,0.72,1,6,0,0
ORD_06365,2022,0.13,1,9,0,0
ORD_06366,2779,0.1,3,8,0,0
ORD_06367,546,0.16,1,4,0,0
ORD_06368,250,0.24,1,8,1,0
ORD_06369,344,0.1,1,1,1,0
ORD_06370,472,0.04,2,9,1,0
ORD_06371,540,0.03,2,5,1,0
ORD_06372,572,0.1,1,4,0,0
ORD_06373,1628,0.06,2,5,0,1
ORD_06374,1843,0.02,2,1,1,1
ORD_06375,579,0.04,1,2,1,0
ORD_06376,1601,0.09,1,2,1,0
ORD_06377,885,0.39,3,9,1,0
ORD_06378,700,0.03,2,6,1,1
ORD_06379,1373,0.17,2,3,0,0
ORD_06380,704,0.13,1,4,1,0
ORD_06381,3450,0.04,3,1,0,0
ORD_06382,250,0.24,1,7,1,0
ORD_06383,440,0.09,1,7,1,0
ORD_06384,601,0.0,2,8,1,0
ORD_06385,945,0.24,2,1,0,1
ORD_06386,1834,0.08,3,9,1,0
ORD_06387,652,0.13,1,2,1,0
ORD_06388,250,0.03,2,1,1,0
ORD_06389,1305,0.09,1,1,1,0
ORD_06390,1216,0.18,2,8,0,0
ORD_06391,250,0.1,1,3,0,0
ORD_06392,663,0.26,2,6,1,1
ORD_06393,250,0.1,1,6,0,0
ORD_06394,390,0.04,2,2,0,0
ORD_06395,323,0.21,2,2,1,0
ORD_06396,1270,0.07,1,1,1,1
ORD_06397,730,0.12,2,9,0,0
ORD_06398,250,0.1,1,1,1,0
ORD_06399,1344,0.33,3,6,1,0
ORD_06400,250,0.13,2,9,0,0
ORD_06401,866,0.02,3,6,0,0
ORD_06402,346,0.01,1,6,0,0
ORD_06403,496,0.18,1,4,0,0
ORD_06404,995,0.22,1,5,0,0
ORD_06405,1009,0.03,1,1,1,0
ORD_06406,1938,0.15,1,3,1,0
ORD_06407,622,0.21,1,6,0,0
ORD_06408,849,0.02,3,2,1,1
ORD_06409,468,0.04,2,1,1,0
ORD_06410,769,0.09,2,1,1,0
ORD_06411,945,0.25,2,1,1,0
ORD_06412,614,0.03,1,10,1,0
ORD_06413,250,0.14,3,10,1,0
ORD_06414,867,0.0,2,1,1,1
ORD_06415,890,0.16,1,6,1,0
ORD_06416,386,0.17,3,10,1,0
ORD_06417,250,0.06,2,4,1,0
ORD_06418,2166,0.18,2,4,1,0
ORD_06419,985,0.05,3,4,0,0
ORD_06420,553,0.07,3,8,0,1
ORD_06421,267,0.06,3,7,0,0
ORD_06422,344,0.08,2,5,0,0
ORD_06423,1885,0.07,2,7,1,0
ORD_06424,742,0.02,1,8,1,0
ORD_06425,428,0.05,3,10,1,0
ORD_06426,999,0.23,1,8,1,0
ORD_06427,346,0.06,2,7,1,0
ORD_06428,2209,0.18,3,7,0,0
ORD_06429,1963,0.03,3,9,0,0
ORD_06430,457,0.1,3,5,1,0
ORD_06431,402,0.01,1,8,0,0
ORD_06432,250,0.01,1,2,0,0
ORD_06433,250,0.0,3,8,1,0
ORD_06434,250,0.02,2,1,1,0
ORD_06435,741,0.05,3,9,1,0
ORD_06436,512,0.04,2,1,1,0
ORD_06437,250,0.07,3,8,1,0
ORD_06438,531,0.3,2,3,1,1
ORD_06439,996,0.16,3,4,0,0
ORD_06440,1014,0.07,1,10,1,1
ORD_06441,250,0.1,3,7,0,0
ORD_06442,600,0.01,1,10,1,0
ORD_06443,250,0.09,1,3,0,0
ORD_06444,1368,0.04,2,9,1,0
ORD_06445,1245,0.14,2,3,1,1
ORD_06446,324,0.01,2,8,1,0
ORD_06447,360,0.15,1,8,0,0
ORD_06448,459,0.14,2,3,1,0
ORD_06449,250,0.04,3,3,0,0
ORD_06450,870,0.18,2,10,1,0
ORD_06451,534,0.17,1,5,0,1
ORD_06452,1445,0.03,2,8,1,1
ORD_06453,276,0.3,3,6,0,0
ORD_06454,405,0.1,3,5,1,0
ORD_06455,250,0.08,1,5,1,0
ORD_06456,297,0.0,1,6,1,0
ORD_06457,258,0.18,1,8,0,0
ORD_06458,1475,0.17,2,6,0,1
ORD_06459,380,0.04,2,7,0,0
ORD_06460,734,0.08,2,9,1,0
ORD_06461,490,0.13,2,7,0,1
ORD_06462,250,0.04,1,9,0,0
ORD_06463,581,0.08,1,10,0,0
ORD_06464,1074,0.18,1,1,1,0
ORD_06465,253,0.12,1,3,1,0
ORD_06466,1270,0.21,3,6,1,0
ORD_06467,337,0.01,1,3,1,0
ORD_06468,451,0.23,2,2,1,0
ORD_06469,1016,0.04,1,5,1,0
ORD_06470,391,0.26,2,1,1,1
ORD_06471,685,0.01,2,5,0,0
ORD_06472,517,0.21,1,8,0,0
ORD_06473,737,0.2,2,9,1,1
ORD_06474,250,0.13,1,10,0,0
ORD_06475,250,0.21,2,6,1,1
ORD_06476,1088,0.74,2,4,1,0
ORD_06477,1524,0.1,2,3,1,0
ORD_06478,321,0.14,2,8,1,0
ORD_06479,547,0.09,1,2,1,0
ORD_06480,841,0.06,1,8,0,0
ORD_06481,1158,0.07,1,7,0,0
ORD_06482,250,0.18,1,2,0,0
ORD_06483,327,0.28,2,2,0,0
ORD_06484,509,0.2,2,2,0,0
ORD_06485,1167,0.02,2,1,0,0
ORD_06486,4908,0.4,3,7,0,0
ORD_06487,554,0.03,2,8,1,0
ORD_06488,250,0.14,2,7,1,0
ORD_06489,917,0.03,1,4,1,0
ORD_06490,1913,0.17,2,9,0,0
ORD_06491,725,0.14,1,2,1,0
ORD_06492,322,0.12,2,5,0,0
ORD_06493,1431,0.14,3,2,1,1
ORD_06494,1130,0.15,2,3,0,0
ORD_06495,292,0.07,1,2,1,0
ORD_06496,902,0.06,3,8,0,1
ORD_06497,1477,0.18,1,10,1,0
ORD_06498,1712,0.03,3,6,1,0
ORD_06499,630,0.21,3,5,1,0
ORD_06500,499,0.27,2,5,1,0
ORD_06501,1775,0.29,1,9,0,0
ORD_06502,252,0.26,3,2,0,0
ORD_06503,944,0.03,2,1,0,0
ORD_06504,250,0.02,1,6,1,0
ORD_06505,1559,0.08,2,8,0,0
ORD_06506,541,0.09,2,8,1,0
ORD_06507,1835,0.14,1,6,1,1
ORD_06508,985,0.33,1,3,1,1
ORD_06509,250,0.1,1,3,0,1
ORD_06510,2079,0.19,1,2,1,0
ORD_06511,2300,0.25,1,2,0,0
ORD_06512,1347,0.28,1,2,0,0
ORD_06513,361,0.3,1,7,1,1
ORD_06514,520,0.22,1,10,0,0
ORD_06515,747,0.12,3,9,0,0
ORD_06516,378,0.05,2,10,1,0
ORD_06517,2575,0.14,2,7,1,1
ORD_06518,746,0.06,2,8,1,1
ORD_06519,250,0.16,1,5,0,0
ORD_06520,872,0.07,3,2,0,0
ORD_06521,503,0.09,2,8,1,1
ORD_06522,626,0.12,2,5,1,0
ORD_06523,495,0.19,3,9,0,0
ORD_06524,1268,0.03,2,6,1,1
ORD_06525,1629,0.28,1,7,1,0
ORD_06526,834,0.28,3,1,1,1
ORD_06527,507,0.19,3,8,0,0
ORD_06528,643,0.26,3,7,1,0
ORD_06529,675,0.03,1,7,1,1
ORD_06530,350,0.25,3,7,1,0
ORD_06531,1056,0.18,2,7,1,0
ORD_06532,961,0.15,2,1,1,0
ORD_06533,2280,0.19,1,9,1,0
ORD_06534,1815,0.55,1,7,0,0
ORD_06535,384,0.06,1,7,1,0
ORD_06536,1282,0.03,2,1,1,0
ORD_06537,310,0.18,1,6,1,1
ORD_06538,1160,0.0,1,10,1,0
ORD_06539,439,0.03,3,8,1,0
ORD_06540,293,0.03,2,5,0,0
ORD_06541,832,0.29,2,1,1,0
ORD_06542,250,0.05,2,5,0,0
ORD_06543,250,0.02,2,2,1,0
ORD_06544,577,0.12,1,2,1,1
ORD_06545,710,0.05,2,4,0,0
ORD_06546,494,0.2,2,4,1,0
ORD_06547,250,0.08,1,10,1,0
ORD_06548,345,0.12,1,7,0,0
ORD_06549,909,0.08,1,9,0,0
ORD_06550,1059,0.31,2,2,1,0
ORD_06551,656,0.18,1,8,1,1
ORD_06552,1678,0.29,2,8,1,0
ORD_06553,914,0.37,1,8,1,0
ORD_06554,365,0.37,2,9,0,0
ORD_06555,531,0.16,3,9,1,0
ORD_06556,250,0.08,3,10,0,0
ORD_06557,610,0.17,2,7,0,0
ORD_06558,1619,0.01,1,5,1,0
ORD_06559,1150,0.36,2,7,1,0
ORD_06560,2041,0.19,2,7,1,0
ORD_06561,522,0.13,2,10,1,1
ORD_06562,1952,0.3,3,10,1,1
ORD_06563,569,0.11,1,7,0,0
ORD_06564,2158,0.12,2,8,1,0
ORD_06565,653,0.16,1,2,1,1
ORD_06566,1171,0.2,1,4,0,0
ORD_06567,2164,0.05,2,9,1,0
ORD_06568,569,0.13,2,4,0,0
ORD_06569,792,0.05,2,2,0,0
ORD_06570,1865,0.3,2,7,0,0
ORD_06571,598,0.1,2,6,0,0
ORD_06572,250,0.05,3,4,0,0
ORD_06573,3693,0.14,2,8,0,0
ORD_06574,456,0.1,3,6,1,0
ORD_06575,755,0.14,2,8,0,0
ORD_06576,1677,0.12,2,4,1,0
ORD_06577,408,0.25,2,2,0,0
ORD_06578,296,0.07,2,6,1,0
ORD_06579,814,0.08,2,9,0,0
ORD_06580,250,0.08,2,9,1,0
ORD_06581,528,0.14,2,9,0,0
ORD_06582,809,0.14,3,3,0,0
ORD_06583,535,0.04,1,3,1,0
ORD_06584,250,0.19,2,10,1,1
ORD_06585,2381,0.07,2,3,0,0
ORD_06586,722,0.07,1,5,1,0
ORD_06587,2090,0.25,3,5,0,1
ORD_06588,540,0.03,2,5,0,0
ORD_06589,328,0.02,1,8,0,0
ORD_06590,824,0.01,1,10,1,0
ORD_06591,559,0.27,2,8,1,0
ORD_06592,259,0.06,1,8,1,1
ORD_06593,2155,0.18,2,9,1,0
ORD_06594,404,0.14,1,10,0,0
ORD_06595,250,0.35,3,6,1,0
ORD_06596,1924,0.09,2,2,0,1
ORD_06597,444,0.15,1,9,1,0
ORD_06598,409,0.11,3,6,1,0
ORD_06599,250,0.0,3,1,1,0
ORD_06600,2677,0.11,2,5,1,0
ORD_06601,250,0.04,1,7,1,1
ORD_06602,696,0.05,2,1,1,0
ORD_06603,1380,0.11,1,7,0,0
ORD_06604,932,0.07,2,5,1,0
ORD_06605,634,0.02,1,5,1,0
ORD_06606,250,0.24,2,2,1,0
ORD_06607,348,0.06,1,4,1,0
ORD_06608,772,0.04,2,9,0,0
ORD_06609,354,0.01,1,2,1,1
ORD_06610,782,0.02,2,9,0,0
ORD_06611,1147,0.15,2,8,1,1
ORD_06612,1436,0.07,1,4,1,0
ORD_06613,250,0.05,2,2,1,0
ORD_06614,3855,0.2,1,6,0,0
ORD_06615,1229,0.04,2,7,1,0
ORD_06616,664,0.41,2,2,1,0
ORD_06617,1590,0.01,2,8,0,0
ORD_06618,4413,0.13,1,9,0,0
ORD_06619,250,0.02,1,5,0,0
ORD_06620,555,0.05,1,6,0,0
ORD_06621,250,0.1,3,6,0,0
ORD_06622,775,0.26,2,10,1,1
ORD_06623,890,0.06,3,2,1,1
ORD_06624,644,0.06,3,1,1,1
ORD_06625,394,0.03,3,5,0,0
ORD_06626,250,0.01,2,6,0,0
ORD_06627,896,0.66,1,1,1,0
ORD_06628,2131,0.01,3,8,1,0
ORD_06629,414,0.06,1,5,1,0
ORD_06630,945,0.08,2,5,1,0
ORD_06631,250,0.38,3,8,1,1
ORD_06632,958,0.29,2,8,0,0
ORD_06633,485,0.08,1,9,0,0
ORD_06634,361,0.18,1,4,0,0
ORD_06635,362,0.02,3,3,0,0
ORD_06636,485,0.13,3,10,1,0
ORD_06637,903,0.22,2,2,1,1
ORD_06638,250,0.2,3,1,0,1
ORD_06639,484,0.02,1,10,1,0
ORD_06640,643,0.14,1,5,0,0
ORD_06641,276,0.09,1,6,1,1
ORD_06642,2799,0.24,1,8,1,1
ORD_06643,336,0.14,1,6,0,0
ORD_06644,389,0.05,1,2,1,0
ORD_06645,304,0.13,2,8,0,0
ORD_06646,2803,0.38,1,5,1,0
ORD_06647,1035,0.07,1,3,1,0
ORD_06648,314,0.04,3,6,0,0
ORD_06649,1611,0.11,1,6,1,0
ORD_06650,780,0.24,1,3,1,0
ORD_06651,817,0.32,1,7,0,0
ORD_06652,504,0.22,3,7,1,0
ORD_06653,365,0.24,2,7,1,0
ORD_06654,871,0.21,2,8,1,0
ORD_06655,430,0.02,1,7,1,0
ORD_06656,2845,0.23,2,4,0,0
ORD_06657,250,0.23,1,5,1,0
ORD_06658,2273,0.26,1,4,0,0
ORD_06659,608,0.05,2,2,0,0
ORD_06660,844,0.02,3,7,1,0
ORD_06661,1295,0.06,1,3,1,0
ORD_06662,401,0.31,2,1,1,0
ORD_06663,1327,0.21,1,1,1,0
ORD_06664,250,0.1,1,9,0,0
ORD_06665,373,0.17,1,3,1,0
ORD_06666,317,0.17,3,7,1,0
ORD_06667,250,0.17,1,9,1,0
ORD_06668,560,0.46,2,7,0,1
ORD_06669,905,0.27,1,8,0,0
ORD_06670,1166,0.1,2,6,1,0
ORD_06671,806,0.03,2,3,1,0
ORD_06672,390,0.13,1,1,0,0
ORD_06673,893,0.02,3,10,1,1
ORD_06674,734,0.05,2,8,0,0
ORD_06675,1406,0.01,1,6,0,0
ORD_06676,1238,0.09,2,2,1,0
ORD_06677,681,0.28,1,10,1,0
ORD_06678,324,0.17,2,8,0,1
ORD_06679,394,0.03,2,4,1,0
ORD_06680,428,0.09,1,10,0,0
ORD_06681,516,0.19,3,9,0,0
ORD_06682,824,0.12,1,9,1,0
ORD_06683,1178,0.32,1,9,1,0
ORD_06684,638,0.25,2,4,0,0
ORD_06685,673,0.52,1,6,1,1
ORD_06686,745,0.01,1,4,1,0
ORD_06687,440,0.09,1,10,1,0
ORD_06688,317,0.13,3,10,1,1
ORD_06689,250,0.12,1,5,0,0
ORD_06690,381,0.11,1,7,1,1
ORD_06691,971,0.04,1,7,1,0
ORD_06692,379,0.04,1,10,1,0
ORD_06693,549,0.04,2,6,0,0
ORD_06694,965,0.19,2,10,1,1
ORD_06695,1008,0.16,2,4,1,0
ORD_06696,280,0.01,2,5,0,0
ORD_06697,1476,0.11,1,5,0,0
ORD_06698,1639,0.14,2,9,1,1
ORD_06699,269,0.01,2,6,1,0
ORD_06700,344,0.0,2,4,1,0
ORD_06701,1724,0.04,3,6,1,0
ORD_06702,591,0.15,3,7,0,1
ORD_06703,250,0.05,2,7,1,0
ORD_06704,250,0.05,3,10,0,0
ORD_06705,544,0.07,2,3,0,0
ORD_06706,262,0.25,1,6,1,1
ORD_06707,477,0.13,2,7,0,0
ORD_06708,682,0.3,1,1,0,0
ORD_06709,2142,0.14,1,4,1,0
ORD_06710,527,0.02,2,7,1,0
ORD_06711,1568,0.2,1,10,1,0
ORD_06712,2086,0.04,1,1,1,0
ORD_06713,2095,0.13,2,8,0,0
ORD_06714,835,0.05,1,6,0,0
ORD_06715,250,0.09,1,6,1,0
ORD_06716,961,0.13,2,3,0,0
ORD_06717,1538,0.04,1,6,1,1
ORD_06718,623,0.55,3,4,1,1
ORD_06719,2685,0.01,3,9,0,0
ORD_06720,1323,0.08,2,4,1,0
ORD_06721,1047,0.13,1,6,0,0
ORD_06722,1586,0.27,2,6,0,0
ORD_06723,868,0.11,1,1,1,0
ORD_06724,250,0.08,2,4,1,1
ORD_06725,446,0.25,2,9,1,0
ORD_06726,1733,0.18,2,10,1,1
ORD_06727,348,0.01,2,6,1,0
ORD_06728,556,0.06,2,4,0,0
ORD_06729,288,0.21,2,7,1,0
ORD_06730,2771,0.09,1,10,0,0
ORD_06731,2553,0.63,2,7,0,0
ORD_06732,327,0.16,2,5,1,0
ORD_06733,748,0.32,2,4,1,1
ORD_06734,385,0.0,2,4,0,0
ORD_06735,1087,0.02,1,7,1,0
ORD_06736,999,0.0,1,6,1,0
ORD_06737,1273,0.01,2,4,1,0
ORD_06738,867,0.0,2,3,0,0
ORD_06739,6962,0.05,1,2,1,0
ORD_06740,292,0.28,1,4,0,1
ORD_06741,250,0.05,2,7,0,1
ORD_06742,485,0.1,3,2,1,1
ORD_06743,250,0.04,1,9,1,0
ORD_06744,250,0.3,2,9,1,0
ORD_06745,298,0.04,3,6,0,0
ORD_06746,318,0.02,1,9,1,0
ORD_06747,309,0.26,1,1,0,0
ORD_06748,1006,0.11,3,6,1,0
ORD_06749,443,0.05,1,3,1,0
ORD_06750,576,0.26,2,6,1,0
ORD_06751,1360,0.05,2,5,1,0
ORD_06752,360,0.02,1,5,1,0
ORD_06753,538,0.27,1,1,1,0
ORD_06754,891,0.18,2,5,1,0
ORD_06755,250,0.22,2,6,1,0
ORD_06756,250,0.06,1,1,0,0
ORD_06757,877,0.06,2,10,0,0
ORD_06758,985,0.48,2,7,1,0
ORD_06759,3468,0.03,1,1,1,0
ORD_06760,754,0.03,2,7,1,1
ORD_06761,1281,0.06,1,9,0,0
ORD_06762,568,0.29,2,7,1,0
ORD_06763,843,0.01,2,10,1,0
ORD_06764,2524,0.03,2,5,1,1
ORD_06765,250,0.16,1,3,1,1
ORD_06766,926,0.15,2,7,1,0
ORD_06767,3671,0.07,2,6,1,1
ORD_06768,833,0.43,2,8,1,1
ORD_06769,2491,0.08,3,8,0,0
ORD_06770,402,0.13,3,10,1,0
ORD_06771,648,0.03,2,6,1,0
ORD_06772,683,0.05,1,7,0,0
ORD_06773,250,0.1,2,3,1,0
ORD_06774,261,0.29,1,4,0,1
ORD_06775,276,0.09,2,7,1,1
ORD_06776,1283,0.41,2,6,1,1
ORD_06777,1336,0.05,3,3,1,0
ORD_06778,861,0.23,3,10,1,0
ORD_06779,1285,0.3,2,7,1,0
ORD_06780,583,0.16,2,3,1,1
ORD_06781,1739,0.08,2,10,0,0
ORD_06782,669,0.19,1,8,1,0
ORD_06783,696,0.15,3,7,1,0
ORD_06784,537,0.26,2,4,0,0
ORD_06785,1150,0.07,2,1,0,0
ORD_06786,474,0.16,1,6,1,0
ORD_06787,1452,0.23,1,5,0,1
ORD_06788,268,0.12,2,9,0,0
ORD_06789,276,0.26,1,10,1,0
ORD_06790,1152,0.09,1,6,0,0
ORD_06791,619,0.34,1,1,1,0
ORD_06792,462,0.16,3,3,0,0
ORD_06793,1355,0.08,2,2,0,0
ORD_06794,409,0.06,2,3,1,0
ORD_06795,566,0.08,1,1,1,0
ORD_06796,2037,0.5,1,2,1,1
ORD_06797,2278,0.05,1,8,1,0
ORD_06798,2340,0.05,2,3,0,1
ORD_06799,530,0.16,3,9,0,0
ORD_06800,1780,0.3,1,4,1,1
ORD_06801,311,0.15,1,2,1,0
ORD_06802,321,0.14,1,7,1,1
ORD_06803,250,0.02,2,9,1,0
ORD_06804,2535,0.13,3,5,0,0
ORD_06805,333,0.11,2,1,1,0
ORD_06806,601,0.08,2,9,0,0
ORD_06807,321,0.03,1,9,1,1
ORD_06808,1159,0.09,2,7,1,0
ORD_06809,492,0.08,1,1,0,1
ORD_06810,250,0.4,1,4,0,0
ORD_06811,947,0.44,1,1,1,1
ORD_06812,250,0.04,1,3,1,0
ORD_06813,340,0.01,1,7,0,0
ORD_06814,250,0.09,2,1,1,0
ORD_06815,250,0.24,1,8,1,0
ORD_06816,767,0.31,3,10,1,1
ORD_06817,250,0.01,3,4,1,0
ORD_06818,250,0.13,2,4,1,1
ORD_06819,663,0.08,1,1,1,0
ORD_06820,430,0.01,2,5,1,1
ORD_06821,3273,0.12,3,8,0,0
ORD_06822,2884,0.17,1,8,1,0
ORD_06823,332,0.06,3,7,1,0
ORD_06824,1038,0.06,2,7,1,0
ORD_06825,1211,0.02,3,8,1,0
ORD_06826,412,0.12,3,8,1,0
ORD_06827,250,0.05,1,1,1,1
ORD_06828,658,0.19,2,2,0,0
ORD_06829,579,0.05,1,10,1,0
ORD_06830,469,0.18,1,8,0,0
ORD_06831,947,0.1,2,1,0,0
ORD_06832,364,0.4,3,9,0,1
ORD_06833,264,0.03,3,9,0,0
ORD_06834,725,0.05,1,10,0,0
ORD_06835,905,0.16,1,2,1,0
ORD_06836,259,0.23,2,6,1,0
ORD_06837,1397,0.21,1,4,1,0
ORD_06838,250,0.04,1,10,0,0
ORD_06839,418,0.01,3,7,0,0
ORD_06840,541,0.2,3,2,1,0
ORD_06841,399,0.17,3,10,1,0
ORD_06842,423,0.18,2,1,0,0
ORD_06843,2971,0.19,2,9,1,0
ORD_06844,336,0.26,2,9,1,0
ORD_06845,4689,0.09,1,9,1,1
ORD_06846,943,0.18,3,5,1,0
ORD_06847,715,0.05,1,3,1,1
ORD_06848,973,0.3,2,6,0,0
ORD_06849,5033,0.33,2,10,0,0
ORD_06850,300,0.13,1,1,1,1
ORD_06851,271,0.13,2,10,1,0
ORD_06852,363,0.11,1,8,1,0
ORD_06853,682,0.09,2,10,1,0
ORD_06854,250,0.28,2,4,0,0
ORD_06855,677,0.47,2,2,1,1
ORD_06856,2578,0.06,3,4,1,0
ORD_06857,750,0.21,1,1,1,0
ORD_06858,526,0.13,2,10,1,0
ORD_06859,405,0.05,3,10,0,0
ORD_06860,1364,0.18,2,8,1,1
ORD_06861,343,0.14,3,6,0,0
ORD_06862,2913,0.32,2,1,0,0
ORD_06863,3123,0.02,2,1,0,0
ORD_06864,816,0.02,3,2,1,1
ORD_06865,659,0.09,3,7,1,0
ORD_06866,1517,0.26,3,2,0,1
ORD_06867,1596,0.04,1,3,1,0
ORD_06868,349,0.12,2,9,0,0
ORD_06869,436,0.17,1,1,1,0
ORD_06870,250,0.03,1,9,1,0
ORD_06871,922,0.42,2,6,1,0
ORD_06872,1133,0.21,3,9,0,0
ORD_06873,250,0.28,2,10,1,1
ORD_06874,462,0.3,3,8,1,1
ORD_06875,250,0.12,3,7,1,1
ORD_06876,324,0.12,1,10,1,1
ORD_06877,1033,0.21,1,7,1,0
ORD_06878,369,0.03,1,6,1,0
ORD_06879,522,0.05,2,8,1,1
ORD_06880,250,0.1,1,9,1,0
ORD_06881,772,0.0,2,8,0,1
ORD_06882,641,0.03,1,9,1,0
ORD_06883,371,0.04,1,5,1,0
ORD_06884,571,0.03,1,3,1,0
ORD_06885,768,0.06,2,4,0,0
ORD_06886,346,0.01,3,4,0,0
ORD_06887,250,0.03,3,9,1,0
ORD_06888,2819,0.09,3,9,0,0
ORD_06889,400,0.0,1,1,0,0
ORD_06890,615,0.12,2,5,0,0
ORD_06891,1493,0.01,2,2,1,0
ORD_06892,11195,0.17,1,5,1,0
ORD_06893,250,0.11,2,5,1,0
ORD_06894,953,0.34,1,3,1,0
ORD_06895,377,0.32,1,4,0,0
ORD_06896,432,0.26,1,7,0,0
ORD_06897,373,0.23,3,10,0,0
ORD_06898,270,0.22,2,4,1,0
ORD_06899,643,0.11,1,3,1,0
ORD_06900,250,0.0,3,10,1,0
ORD_06901,1418,0.58,3,4,1,1
ORD_06902,695,0.01,3,2,0,0
ORD_06903,932,0.02,2,1,1,0
ORD_06904,458,0.21,1,5,0,0
ORD_06905,495,0.19,2,9,1,1
ORD_06906,837,0.11,2,9,0,0
ORD_06907,262,0.12,3,1,0,1
ORD_06908,499,0.03,2,1,1,0
ORD_06909,334,0.19,1,8,0,0
ORD_06910,326,0.02,2,7,1,0
ORD_06911,250,0.02,2,7,0,0
ORD_06912,1941,0.22,3,9,1,0
ORD_06913,384,0.02,1,5,0,0
ORD_06914,1686,0.01,2,8,0,0
ORD_06915,1564,0.2,1,7,1,1
ORD_06916,250,0.04,1,2,1,0
ORD_06917,278,0.29,2,2,0,0
ORD_06918,5158,0.35,1,4,1,1
ORD_06919,2699,0.0,2,1,0,0
ORD_06920,648,0.34,1,10,0,0
ORD_06921,817,0.4,3,5,1,1
ORD_06922,401,0.11,3,5,1,0
ORD_06923,940,0.01,1,1,0,0
ORD_06924,374,0.09,2,5,1,0
ORD_06925,250,0.1,1,4,1,0
ORD_06926,250,0.03,2,10,1,1
ORD_06927,676,0.18,1,5,0,0
ORD_06928,269,0.01,1,4,1,0
ORD_06929,630,0.12,3,9,0,0
ORD_06930,281,0.18,1,9,1,0
ORD_06931,355,0.39,2,3,1,1
ORD_06932,1316,0.01,1,3,0,0
ORD_06933,810,0.38,2,3,1,0
ORD_06934,660,0.1,1,7,1,0
ORD_06935,1343,0.01,1,1,1,0
ORD_06936,977,0.24,1,4,0,0
ORD_06937,2115,0.12,1,9,0,0
ORD_06938,460,0.16,3,8,1,0
ORD_06939,471,0.19,3,3,0,0
ORD_06940,250,0.11,3,8,0,0
ORD_06941,471,0.05,1,6,0,0
ORD_06942,1439,0.11,1,10,0,0
ORD_06943,1881,0.06,2,3,0,1
ORD_06944,1434,0.25,3,9,1,0
ORD_06945,250,0.09,2,10,1,0
ORD_06946,1582,0.26,1,7,1,1
ORD_06947,250,0.02,3,8,1,0
ORD_06948,1364,0.06,1,10,0,1
ORD_06949,495,0.13,3,2,1,0
ORD_06950,1166,0.11,3,3,0,0
ORD_06951,250,0.02,3,7,0,0
ORD_06952,1697,0.11,1,2,0,0
ORD_06953,250,0.13,2,6,1,0
ORD_06954,389,0.04,2,7,0,0
ORD_06955,299,0.58,1,6,1,0
ORD_06956,250,0.27,2,5,1,1
ORD_06957,717,0.01,2,9,1,0
ORD_06958,2821,0.06,1,3,1,0
ORD_06959,5616,0.12,1,5,1,0
ORD_06960,718,0.06,1,5,1,0
ORD_06961,1625,0.24,3,8,1,0
ORD_06962,800,0.27,3,8,1,0
ORD_06963,991,0.08,2,1,1,1
ORD_06964,505,0.24,1,6,1,0
ORD_06965,777,0.03,2,6,0,0
ORD_06966,1022,0.01,1,10,0,0
ORD_06967,418,0.06,2,2,0,0
ORD_06968,625,0.11,2,5,1,0
ORD_06969,634,0.31,3,6,1,0
ORD_06970,1288,0.09,1,3,1,0
ORD_06971,283,0.22,1,1,0,0
ORD_06972,638,0.09,3,9,1,0
ORD_06973,3070,0.17,3,2,1,0
ORD_06974,1687,0.18,2,4,1,1
ORD_06975,1957,0.01,1,9,1,0
ORD_06976,678,0.13,2,9,1,0
ORD_06977,859,0.31,2,8,0,1
ORD_06978,1482,0.35,3,4,0,1
ORD_06979,2317,0.06,2,1,0,1
ORD_06980,250,0.09,1,7,0,0
ORD_06981,250,0.18,2,2,0,0
ORD_06982,1896,0.15,1,8,0,0
ORD_06983,532,0.03,1,10,0,0
ORD_06984,388,0.07,1,10,1,0
ORD_06985,250,0.07,1,2,0,0
ORD_06986,426,0.01,3,10,1,0
ORD_06987,250,0.17,2,3,1,0
ORD_06988,3543,0.03,2,6,1,0
ORD_06989,653,0.13,2,4,1,1
ORD_06990,635,0.04,3,2,1,1
ORD_06991,1064,0.35,3,1,0,1
ORD_06992,1436,0.24,3,3,0,0
ORD_06993,1417,0.14,1,4,1,0
ORD_06994,1570,0.03,1,9,1,0
ORD_06995,401,0.0,2,9,1,0
ORD_06996,524,0.12,2,5,1,0
ORD_06997,1230,0.19,1,5,1,1
ORD_06998,436,0.04,1,7,0,0
ORD_06999,662,0.03,2,8,1,0
ORD_07000,915,0.17,2,3,1,0
ORD_07001,1246,0.21,2,5,1,0
ORD_07002,250,0.02,2,7,1,0
ORD_07003,1178,0.14,2,2,0,0
ORD_07004,551,0.04,1,9,0,0
ORD_07005,1171,0.08,2,3,0,0
ORD_07006,1238,0.26,3,7,1,0
ORD_07007,2407,0.07,1,9,1,0
ORD_07008,1964,0.06,2,9,1,0
ORD_07009,1953,0.27,1,3,0,0
ORD_07010,2111,0.11,1,2,1,0
ORD_07011,839,0.05,2,5,1,0
ORD_07012,682,0.0,2,5,0,0
ORD_07013,1337,0.44,2,8,0,0
ORD_07014,1194,0.16,1,6,0,0
ORD_07015,519,0.09,2,7,0,0
ORD_07016,919,0.12,1,8,1,0
ORD_07017,646,0.3,1,9,1,0
ORD_07018,335,0.08,1,4,1,1
ORD_07019,1867,0.19,3,5,0,0
ORD_07020,695,0.01,1,4,0,0
ORD_07021,3425,0.07,1,9,1,0
ORD_07022,250,0.25,1,2,0,0
ORD_07023,426,0.02,2,8,0,0
ORD_07024,682,0.5,2,7,0,0
ORD_07025,1652,0.04,2,7,1,0
ORD_07026,915,0.05,2,8,1,1
ORD_07027,852,0.04,1,1,1,0
ORD_07028,269,0.07,3,1,0,0
ORD_07029,263,0.1,2,7,1,0
ORD_07030,860,0.19,1,2,0,0
ORD_07031,250,0.02,2,4,1,0
ORD_07032,434,0.24,2,6,1,0
ORD_07033,993,0.0,1,5,0,0
ORD_07034,303,0.03,3,5,1,0
ORD_07035,2402,0.09,2,6,1,0
ORD_07036,1770,0.11,2,10,0,0
ORD_07037,250,0.19,1,7,1,0
ORD_07038,315,0.05,1,2,0,0
ORD_07039,250,0.09,3,4,0,1
ORD_07040,355,0.19,2,7,0,0
ORD_07041,1227,0.01,2,5,1,0
ORD_07042,477,0.03,2,10,0,0
ORD_07043,961,0.24,3,9,0,0
ORD_07044,250,0.28,2,6,0,1
ORD_07045,1259,0.14,1,4,0,0
ORD_07046,426,0.06,2,10,0,0
ORD_07047,671,0.21,2,4,1,0
ORD_07048,617,0.05,3,3,1,0
ORD_07049,250,0.04,2,6,1,0
ORD_07050,264,0.17,1,8,1,0
ORD_07051,1442,0.1,1,1,1,0
ORD_07052,915,0.02,2,2,1,0
ORD_07053,1540,0.07,2,4,0,0
ORD_07054,862,0.1,1,7,1,1
ORD_07055,745,0.21,2,2,1,0
ORD_07056,250,0.06,3,10,0,0
ORD_07057,535,0.14,1,8,1,1
ORD_07058,650,0.02,2,3,1,0
ORD_07059,3173,0.09,1,2,1,1
ORD_07060,1152,0.22,1,7,1,1
ORD_07061,2272,0.19,1,10,1,0
ORD_07062,1072,0.21,2,9,1,0
ORD_07063,376,0.07,3,4,1,1
ORD_07064,730,0.15,2,2,0,0
ORD_07065,803,0.28,1,9,1,0
ORD_07066,313,0.46,1,10,1,0
ORD_07067,489,0.29,2,5,1,1
ORD_07068,564,0.03,1,10,1,0
ORD_07069,2403,0.03,2,7,1,0
ORD_07070,250,0.13,1,10,1,0
ORD_07071,1745,0.32,1,5,1,0
ORD_07072,314,0.12,1,5,1,1
ORD_07073,250,0.08,2,6,1,0
ORD_07074,1709,0.04,1,5,0,0
ORD_07075,1194,0.0,1,8,1,0
ORD_07076,1814,0.21,2,4,1,0
ORD_07077,1262,0.14,2,3,0,1
ORD_07078,3456,0.33,3,3,1,0
ORD_07079,1040,0.0,1,2,1,0
ORD_07080,586,0.0,1,8,1,0
ORD_07081,875,0.29,2,7,1,0
ORD_07082,1798,0.13,1,6,1,0
ORD_07083,356,0.04,2,2,1,0
ORD_07084,394,0.01,1,2,0,0
ORD_07085,519,0.15,3,10,0,1
ORD_07086,250,0.05,1,1,1,1
ORD_07087,742,0.13,2,10,0,0
ORD_07088,250,0.08,3,2,1,0
ORD_07089,693,0.02,3,9,1,0
ORD_07090,1329,0.08,2,1,1,0
ORD_07091,454,0.01,3,10,1,0
ORD_07092,2544,0.03,2,4,1,0
ORD_07093,250,0.23,1,2,1,0
ORD_07094,1725,0.03,3,5,1,0
ORD_07095,1141,0.01,2,10,1,0
ORD_07096,250,0.26,1,8,0,0
ORD_07097,5817,0.11,2,1,1,0
ORD_07098,632,0.0,2,9,0,0
ORD_07099,329,0.03,3,7,1,1
ORD_07100,250,0.09,3,5,1,1
ORD_07101,557,0.08,1,5,0,0
ORD_07102,600,0.29,1,9,1,0
ORD_07103,722,0.04,2,9,1,0
ORD_07104,524,0.15,2,2,1,0
ORD_07105,1103,0.5,1,8,1,0
ORD_07106,487,0.06,1,5,0,0
ORD_07107,250,0.17,1,2,1,0
ORD_07108,590,0.04,2,9,1,0
ORD_07109,250,0.26,1,4,0,0
ORD_07110,882,0.05,1,5,1,0
ORD_07111,303,0.02,2,7,0,0
ORD_07112,758,0.09,1,2,1,0
ORD_07113,1903,0.11,1,5,0,1
ORD_07114,311,0.13,3,8,0,0
ORD_07115,1554,0.2,2,1,1,0
ORD_07116,470,0.26,1,8,1,0
ORD_07117,2704,0.1,3,2,0,0
ORD_07118,496,0.32,1,4,0,0
ORD_07119,339,0.01,2,3,1,1
ORD_07120,1152,0.12,1,2,1,1
ORD_07121,469,0.2,2,10,0,0
ORD_07122,339,0.18,1,10,1,1
ORD_07123,453,0.12,1,2,1,0
ORD_07124,641,0.07,2,10,1,1
ORD_07125,1946,0.15,2,6,0,0
ORD_07126,250,0.02,2,3,0,0
ORD_07127,677,0.06,2,10,0,0
ORD_07128,1096,0.07,2,4,1,0
ORD_07129,776,0.13,2,4,1,1
ORD_07130,1896,0.11,2,2,1,0
ORD_07131,626,0.08,1,4,1,0
ORD_07132,573,0.21,3,2,0,1
ORD_07133,1068,0.15,3,4,0,1
ORD_07134,720,0.0,3,8,1,0
ORD_07135,486,0.26,2,9,1,1
ORD_07136,1005,0.02,2,4,1,1
ORD_07137,394,0.36,3,4,1,1
ORD_07138,407,0.12,1,7,0,1
ORD_07139,435,0.11,3,1,1,0
ORD_07140,1963,0.04,1,7,1,0
ORD_07141,250,0.37,1,9,1,0
ORD_07142,912,0.12,1,4,1,0
ORD_07143,683,0.17,2,2,1,1
ORD_07144,250,0.43,1,4,0,0
ORD_07145,852,0.23,1,2,0,0
ORD_07146,973,0.43,2,10,0,0
ORD_07147,1066,0.21,2,7,0,0
ORD_07148,250,0.27,3,6,1,1
ORD_07149,1984,0.31,1,2,1,1
ORD_07150,368,0.03,1,6,1,0
ORD_07151,1151,0.01,1,9,1,0
ORD_07152,1203,0.36,2,8,1,0
ORD_07153,329,0.06,1,9,1,0
ORD_07154,1128,0.04,1,5,1,0
ORD_07155,488,0.35,2,10,1,1
ORD_07156,250,0.2,3,2,0,1
ORD_07157,1692,0.27,1,5,0,0
ORD_07158,357,0.16,2,10,0,0
ORD_07159,335,0.01,1,3,1,1
ORD_07160,481,0.1,1,4,1,0
ORD_07161,826,0.29,1,7,1,0
ORD_07162,635,0.11,2,2,1,0
ORD_07163,1031,0.22,2,6,1,1
ORD_07164,250,0.05,3,1,0,1
ORD_07165,367,0.15,3,10,0,0
ORD_07166,606,0.2,2,3,1,0
ORD_07167,3036,0.08,1,7,1,0
ORD_07168,607,0.09,3,5,1,0
ORD_07169,1584,0.05,2,8,0,1
ORD_07170,685,0.16,2,7,0,1
ORD_07171,451,0.26,1,7,0,0
ORD_07172,546,0.07,2,1,1,0
ORD_07173,581,0.07,3,1,1,1
ORD_07174,1078,0.24,2,6,1,0
ORD_07175,1997,0.04,2,8,1,0
ORD_07176,886,0.16,2,3,1,0
ORD_07177,1719,0.27,2,8,1,0
ORD_07178,307,0.29,3,8,1,1
ORD_07179,477,0.3,2,1,1,0
ORD_07180,372,0.01,3,5,1,0
ORD_07181,855,0.02,3,9,1,0
ORD_07182,499,0.04,2,10,0,0
ORD_07183,1192,0.21,1,10,1,1
ORD_07184,315,0.32,1,3,1,0
ORD_07185,688,0.05,3,9,0,0
ORD_07186,1152,0.18,1,9,0,0
ORD_07187,250,0.3,1,1,1,0
ORD_07188,3631,0.11,2,2,1,0
ORD_07189,530,0.14,1,3,0,0
ORD_07190,250,0.29,2,4,1,1
ORD_07191,754,0.15,2,5,0,0
ORD_07192,683,0.1,1,5,0,1
ORD_07193,622,0.11,2,10,1,0
ORD_07194,1469,0.32,2,5,1,1
ORD_07195,1209,0.37,2,3,1,0
ORD_07196,844,0.06,1,6,1,0
ORD_07197,953,0.01,3,4,1,1
ORD_07198,611,0.18,2,9,0,0
ORD_07199,2752,0.16,1,2,0,0
ORD_07200,250,0.03,2,1,1,0
ORD_07201,743,0.18,3,7,1,0
ORD_07202,700,0.04,2,9,1,0
ORD_07203,1274,0.03,2,10,0,0
ORD_07204,338,0.16,2,9,1,0
ORD_07205,250,0.06,1,3,1,0
ORD_07206,754,0.05,1,1,0,0
ORD_07207,832,0.48,1,9,1,0
ORD_07208,2190,0.27,1,7,1,0
ORD_07209,250,0.34,2,8,0,0
ORD_07210,1675,0.72,1,6,1,1
ORD_07211,4420,0.46,3,10,1,1
ORD_07212,491,0.01,3,6,1,0
ORD_07213,250,0.14,2,4,1,0
ORD_07214,480,0.08,2,2,1,1
ORD_07215,672,0.05,1,1,0,0
ORD_07216,1044,0.06,2,6,1,0
ORD_07217,414,0.09,2,9,0,0
ORD_07218,2308,0.2,1,10,1,0
ORD_07219,272,0.13,1,10,1,0
ORD_07220,250,0.04,2,2,0,0
ORD_07221,1612,0.03,2,1,1,0
ORD_07222,250,0.17,2,1,1,0
ORD_07223,564,0.07,3,7,1,1
ORD_07224,8055,0.06,2,1,1,0
ORD_07225,658,0.07,1,9,1,0
ORD_07226,271,0.18,2,9,1,0
ORD_07227,635,0.04,2,3,1,1
ORD_07228,638,0.09,2,2,1,0
ORD_07229,756,0.05,3,9,0,0
ORD_07230,1129,0.05,1,3,1,1
ORD_07231,289,0.15,1,2,1,1
ORD_07232,2565,0.02,2,4,1,0
ORD_07233,809,0.01,1,7,1,1
ORD_07234,1189,0.08,2,4,0,0
ORD_07235,402,0.34,2,8,0,1
ORD_07236,1861,0.04,1,5,0,0
ORD_07237,541,0.14,2,2,0,0
ORD_07238,830,0.31,2,10,1,0
ORD_07239,315,0.19,1,4,0,0
ORD_07240,299,0.02,2,7,0,0
ORD_07241,1153,0.16,2,1,1,0
ORD_07242,466,0.11,2,7,0,0
ORD_07243,335,0.21,2,3,1,0
ORD_07244,397,0.01,2,7,0,0
ORD_07245,1163,0.22,1,3,1,0
ORD_07246,402,0.11,2,8,0,1
ORD_07247,605,0.38,2,4,0,0
ORD_07248,673,0.16,2,1,1,0
ORD_07249,250,0.07,1,1,1,0
ORD_07250,250,0.15,1,4,1,0
ORD_07251,870,0.02,3,9,0,0
ORD_07252,368,0.07,1,5,1,0
ORD_07253,1549,0.29,2,5,1,0
ORD_07254,1441,0.05,2,3,0,0
ORD_07255,1182,0.13,2,5,1,1
ORD_07256,2852,0.15,1,7,0,0
ORD_07257,622,0.08,1,3,1,1
ORD_07258,1117,0.01,1,5,1,1
ORD_07259,416,0.01,2,3,0,0
ORD_07260,4731,0.18,3,1,1,0
ORD_07261,3251,0.03,1,6,1,0
ORD_07262,671,0.08,2,3,0,0
ORD_07263,906,0.01,1,2,1,0
ORD_07264,1973,0.02,3,3,0,0
ORD_07265,591,0.45,2,5,1,0
ORD_07266,393,0.12,1,5,1,0
ORD_07267,1338,0.11,2,9,0,0
ORD_07268,708,0.09,2,9,1,0
ORD_07269,770,0.01,1,2,1,0
ORD_07270,341,0.07,1,6,1,0
ORD_07271,250,0.02,1,9,1,0
ORD_07272,803,0.15,2,9,1,0
ORD_07273,1371,0.07,3,6,1,1
ORD_07274,555,0.13,1,1,1,0
ORD_07275,2098,0.01,2,1,1,0
ORD_07276,378,0.25,1,9,1,0
ORD_07277,286,0.15,1,3,0,0
ORD_07278,630,0.18,2,5,1,0
ORD_07279,622,0.09,2,6,1,0
ORD_07280,1231,0.07,1,1,0,0
ORD_07281,357,0.14,2,1,0,0
ORD_07282,1987,0.03,1,4,1,0
ORD_07283,3208,0.32,2,6,1,0
ORD_07284,644,0.27,2,8,0,1
ORD_07285,1807,0.04,1,7,1,1
ORD_07286,285,0.33,2,2,1,0
ORD_07287,1572,0.12,1,4,0,0
ORD_07288,1537,0.35,1,5,1,0
ORD_07289,1327,0.21,1,8,1,0
ORD_07290,656,0.03,1,7,1,0
ORD_07291,250,0.06,1,4,0,0
ORD_07292,398,0.09,2,8,0,0
ORD_07293,403,0.11,1,8,0,0
ORD_07294,304,0.11,1,4,1,0
ORD_07295,733,0.24,3,2,1,0
ORD_07296,475,0.01,2,3,1,0
ORD_07297,343,0.02,1,5,1,1
ORD_07298,285,0.05,2,1,1,1
ORD_07299,375,0.16,2,5,1,0
ORD_07300,1631,0.04,1,4,1,0
ORD_07301,391,0.24,1,5,0,0
ORD_07302,440,0.03,3,1,0,1
ORD_07303,461,0.21,2,10,0,0
ORD_07304,872,0.13,2,7,0,1
ORD_07305,958,0.05,2,10,1,0
ORD_07306,250,0.08,2,9,1,0
ORD_07307,1506,0.4,2,5,1,0
ORD_07308,2098,0.01,2,3,1,0
ORD_07309,287,0.29,2,9,1,0
ORD_07310,305,0.32,1,6,0,1
ORD_07311,463,0.2,2,6,0,0
ORD_07312,363,0.0,2,10,1,0
ORD_07313,795,0.19,1,10,0,0
ORD_07314,250,0.08,2,3,1,1
ORD_07315,271,0.45,3,1,0,1
ORD_07316,2278,0.03,3,4,0,0
ORD_07317,316,0.04,2,4,0,0
ORD_07318,1798,0.12,1,3,0,0
ORD_07319,883,0.21,1,5,1,0
ORD_07320,250,0.23,1,9,1,1
ORD_07321,1105,0.23,2,9,1,1
ORD_07322,605,0.03,2,8,1,1
ORD_07323,462,0.09,3,10,1,0
ORD_07324,809,0.03,3,6,1,0
ORD_07325,972,0.08,1,4,1,0
ORD_07326,1171,0.27,1,2,0,0
ORD_07327,1707,0.12,3,10,1,0
ORD_07328,921,0.54,3,3,1,1
ORD_07329,250,0.04,2,9,0,0
ORD_07330,455,0.05,2,1,1,0
ORD_07331,7005,0.15,2,7,1,0
ORD_07332,1187,0.08,2,10,1,1
ORD_07333,4426,0.08,1,6,0,0
ORD_07334,2031,0.04,2,2,1,1
ORD_07335,807,0.07,2,5,1,0
ORD_07336,846,0.04,1,2,0,0
ORD_07337,645,0.48,3,9,0,0
ORD_07338,250,0.05,1,5,1,1
ORD_07339,674,0.08,2,6,1,0
ORD_07340,1752,0.42,2,4,1,0
ORD_07341,411,0.04,2,1,1,0
ORD_07342,924,0.01,1,3,1,0
ORD_07343,1314,0.02,2,5,1,0
ORD_07344,321,0.44,1,3,1,0
ORD_07345,463,0.24,1,8,1,1
ORD_07346,294,0.18,1,2,1,0
ORD_07347,344,0.17,1,2,0,1
ORD_07348,250,0.02,3,1,0,0
ORD_07349,323,0.21,2,1,1,0
ORD_07350,2070,0.03,1,4,0,0
ORD_07351,319,0.38,3,8,0,1
ORD_07352,735,0.1,1,8,1,0
ORD_07353,444,0.05,1,8,0,0
ORD_07354,1708,0.11,1,1,0,0
ORD_07355,1898,0.08,2,1,1,0
ORD_07356,1327,0.03,2,7,1,0
ORD_07357,849,0.04,1,7,0,0
ORD_07358,552,0.03,1,10,1,0
ORD_07359,256,0.11,2,5,1,0
ORD_07360,3148,0.01,2,8,0,0
ORD_07361,362,0.06,3,6,1,0
ORD_07362,1131,0.21,2,1,0,0
ORD_07363,1552,0.15,2,7,1,0
ORD_07364,426,0.04,2,8,1,1
ORD_07365,1526,0.09,2,8,0,0
ORD_07366,1225,0.02,1,10,0,0
ORD_07367,2650,0.14,1,9,1,1
ORD_07368,456,0.16,2,3,1,1
ORD_07369,250,0.02,2,2,1,0
ORD_07370,443,0.01,1,8,1,1
ORD_07371,786,0.07,2,4,0,0
ORD_07372,696,0.09,1,2,1,1
ORD_07373,485,0.04,1,2,1,1
ORD_07374,250,0.02,1,2,1,0
ORD_07375,969,0.49,1,5,1,0
ORD_07376,3222,0.07,2,8,1,0
ORD_07377,964,0.0,1,9,0,0
ORD_07378,1082,0.01,2,6,1,0
ORD_07379,1051,0.32,1,8,1,1
ORD_07380,913,0.05,2,6,1,0
ORD_07381,1401,0.23,1,1,1,0
ORD_07382,912,0.12,1,9,0,0
ORD_07383,517,0.29,2,10,1,0
ORD_07384,351,0.46,2,7,1,1
ORD_07385,545,0.05,2,2,1,0
ORD_07386,855,0.05,1,3,1,1
ORD_07387,516,0.18,2,2,1,1
ORD_07388,855,0.09,1,9,0,0
ORD_07389,945,0.0,2,8,1,1
ORD_07390,1295,0.26,1,5,1,0
ORD_07391,1856,0.06,2,4,1,0
ORD_07392,707,0.15,2,7,0,0
ORD_07393,250,0.29,2,9,1,0
ORD_07394,504,0.02,3,8,0,0
ORD_07395,689,0.02,3,8,1,0
ORD_07396,250,0.19,2,2,1,0
ORD_07397,2020,0.19,3,10,0,0
ORD_07398,745,0.02,1,9,1,0
ORD_07399,902,0.18,1,2,1,0
ORD_07400,1983,0.13,2,8,0,0
ORD_07401,401,0.12,3,5,0,0
ORD_07402,1052,0.09,2,6,1,0
ORD_07403,609,0.15,1,10,1,1
ORD_07404,574,0.47,2,9,1,1
ORD_07405,358,0.32,1,8,1,0
ORD_07406,2521,0.55,2,5,1,0
ORD_07407,492,0.07,1,6,1,0
ORD_07408,1163,0.18,1,5,0,0
ORD_07409,250,0.1,1,9,0,0
ORD_07410,1709,0.04,2,5,1,0
ORD_07411,1543,0.07,2,6,1,1
ORD_07412,719,0.02,1,1,1,0
ORD_07413,554,0.26,2,8,1,0
ORD_07414,915,0.0,2,8,1,1
ORD_07415,4150,0.05,3,8,0,0
ORD_07416,250,0.09,3,7,1,0
ORD_07417,1243,0.06,1,7,1,0
ORD_07418,320,0.4,1,6,1,0
ORD_07419,654,0.1,1,7,1,0
ORD_07420,545,0.2,2,9,1,0
ORD_07421,472,0.01,2,5,1,0
ORD_07422,659,0.02,1,9,1,0
ORD_07423,268,0.12,3,9,1,0
ORD_07424,1515,0.12,2,4,1,0
ORD_07425,250,0.28,2,9,0,0
ORD_07426,1024,0.3,2,8,1,0
ORD_07427,512,0.06,2,5,1,0
ORD_07428,260,0.03,2,10,0,0
ORD_07429,782,0.18,3,3,1,1
ORD_07430,250,0.18,1,9,1,0
ORD_07431,686,0.07,2,3,1,0
ORD_07432,250,0.02,1,3,0,0
ORD_07433,962,0.13,2,3,1,0
ORD_07434,317,0.3,2,1,1,0
ORD_07435,463,0.03,1,6,1,0
ORD_07436,841,0.11,1,3,1,0
ORD_07437,358,0.13,1,10,0,0
ORD_07438,635,0.27,1,3,1,1
ORD_07439,250,0.03,2,9,1,0
ORD_07440,1101,0.32,3,7,1,0
ORD_07441,2729,0.01,1,8,0,0
ORD_07442,6209,0.03,1,1,0,1
ORD_07443,715,0.14,2,8,1,0
ORD_07444,1249,0.26,1,8,0,0
ORD_07445,250,0.24,1,8,1,1
ORD_07446,2213,0.0,2,6,0,0
ORD_07447,1237,0.03,3,10,1,0
ORD_07448,451,0.02,3,5,1,0
ORD_07449,1789,0.03,1,4,1,0
ORD_07450,542,0.04,1,9,0,0
ORD_07451,461,0.09,2,7,1,0
ORD_07452,972,0.06,1,1,1,1
ORD_07453,284,0.3,2,1,0,0
ORD_07454,1506,0.18,2,1,1,0
ORD_07455,285,0.23,1,4,1,0
ORD_07456,287,0.08,1,9,1,1
ORD_07457,321,0.13,3,3,0,0
ORD_07458,1221,0.23,2,10,1,1
ORD_07459,406,0.37,2,1,0,0
ORD_07460,250,0.22,2,1,1,0
ORD_07461,409,0.24,2,3,1,1
ORD_07462,648,0.18,1,7,1,0
ORD_07463,258,0.13,2,8,1,0
ORD_07464,264,0.09,2,4,1,0
ORD_07465,3601,0.27,1,2,0,0
ORD_07466,334,0.03,1,7,0,0
ORD_07467,513,0.05,2,9,0,0
ORD_07468,495,0.18,2,10,1,0
ORD_07469,474,0.1,2,6,1,0
ORD_07470,1093,0.3,2,2,1,1
ORD_07471,1420,0.03,2,9,1,0
ORD_07472,520,0.13,2,7,0,0
ORD_07473,250,0.03,2,9,0,0
ORD_07474,1843,0.05,1,2,1,0
ORD_07475,616,0.22,1,10,1,0
ORD_07476,2655,0.01,2,4,1,1
ORD_07477,250,0.21,2,6,0,0
ORD_07478,777,0.12,3,10,1,0
ORD_07479,3086,0.15,2,7,1,1
ORD_07480,501,0.19,2,3,0,0
ORD_07481,555,0.29,1,10,1,0
ORD_07482,842,0.13,2,5,0,0
ORD_07483,425,0.14,1,4,1,1
ORD_07484,518,0.1,2,5,0,0
ORD_07485,507,0.2,1,6,1,0
ORD_07486,402,0.16,1,6,1,0
ORD_07487,1777,0.24,2,7,0,1
ORD_07488,961,0.3,1,6,0,1
ORD_07489,812,0.14,2,6,0,0
ORD_07490,1270,0.28,2,4,0,0
ORD_07491,538,0.12,2,2,1,1
ORD_07492,358,0.02,1,10,1,0
ORD_07493,410,0.04,1,7,0,0
ORD_07494,666,0.38,2,7,0,0
ORD_07495,285,0.01,1,3,0,0
ORD_07496,445,0.19,3,5,0,0
ORD_07497,440,0.61,1,6,1,0
ORD_07498,3639,0.14,2,10,0,0
ORD_07499,250,0.23,1,9,1,0
ORD_07500,576,0.02,2,3,0,0
ORD_07501,2645,0.03,3,3,0,1
ORD_07502,733,0.14,2,5,0,0
ORD_07503,1215,0.07,2,2,0,0
ORD_07504,720,0.16,1,3,0,0
ORD_07505,389,0.17,3,6,1,0
ORD_07506,250,0.05,2,3,1,0
ORD_07507,783,0.18,1,1,1,0
ORD_07508,357,0.17,1,7,1,0
ORD_07509,350,0.27,1,7,0,0
ORD_07510,446,0.12,1,2,0,0
ORD_07511,2686,0.08,3,5,0,0
ORD_07512,4554,0.28,1,9,0,0
ORD_07513,791,0.03,1,3,1,0
ORD_07514,458,0.04,2,8,0,0
ORD_07515,259,0.21,2,4,1,0
ORD_07516,967,0.38,1,3,1,0
ORD_07517,2769,0.07,1,2,1,0
ORD_07518,545,0.23,1,9,1,0
ORD_07519,250,0.04,2,5,0,0
ORD_07520,1136,0.28,1,9,1,1
ORD_07521,1463,0.02,3,8,1,1
ORD_07522,250,0.0,2,3,1,0
ORD_07523,766,0.13,2,4,1,0
ORD_07524,954,0.07,3,6,1,1
ORD_07525,627,0.11,2,10,1,0
ORD_07526,353,0.05,2,5,1,0
ORD_07527,1499,0.18,1,10,1,1
ORD_07528,481,0.49,2,10,1,0
ORD_07529,250,0.23,1,3,1,0
ORD_07530,250,0.05,2,5,0,0
ORD_07531,1823,0.22,2,5,1,0
ORD_07532,1089,0.18,2,9,1,0
ORD_07533,713,0.16,3,4,1,0
ORD_07534,467,0.19,2,8,0,0
ORD_07535,435,0.09,1,4,0,0
ORD_07536,281,0.57,2,10,1,1
ORD_07537,470,0.24,3,2,0,0
ORD_07538,250,0.05,2,3,1,1
ORD_07539,369,0.23,1,4,1,0
ORD_07540,518,0.48,3,8,0,1
ORD_07541,1083,0.13,1,9,1,1
ORD_07542,644,0.18,3,6,0,1
ORD_07543,1256,0.14,1,8,0,0
ORD_07544,1957,0.07,3,10,1,1
ORD_07545,1550,0.02,1,5,0,0
ORD_07546,969,0.44,2,5,1,0
ORD_07547,671,0.04,2,8,1,0
ORD_07548,303,0.01,2,4,0,0
ORD_07549,1202,0.2,2,3,1,0
ORD_07550,2549,0.37,2,10,1,1
ORD_07551,874,0.44,1,2,0,1
ORD_07552,3083,0.09,1,8,0,0
ORD_07553,250,0.11,2,5,0,0
ORD_07554,264,0.1,2,6,1,0
ORD_07555,1318,0.28,1,9,1,0
ORD_07556,821,0.24,1,3,1,0
ORD_07557,1902,0.07,2,4,0,1
ORD_07558,656,0.09,2,2,1,0
ORD_07559,332,0.15,3,6,0,0
ORD_07560,560,0.09,1,9,1,0
ORD_07561,250,0.51,3,2,0,1
ORD_07562,269,0.16,3,5,1,1
ORD_07563,1448,0.11,1,10,1,0
ORD_07564,1337,0.04,2,1,1,1
ORD_07565,889,0.11,2,4,1,0
ORD_07566,250,0.17,2,8,1,0
ORD_07567,499,0.1,2,3,1,0
ORD_07568,250,0.05,2,4,1,0
ORD_07569,1704,0.17,1,2,1,1
ORD_07570,416,0.05,1,9,1,0
ORD_07571,279,0.23,1,5,1,0
ORD_07572,681,0.05,2,3,1,1
ORD_07573,398,0.18,1,10,1,0
ORD_07574,2179,0.14,3,7,0,0
ORD_07575,369,0.31,2,1,1,0
ORD_07576,250,0.01,2,9,0,0
ORD_07577,250,0.1,3,7,1,0
ORD_07578,648,0.11,1,1,1,1
ORD_07579,424,0.4,1,4,1,0
ORD_07580,250,0.03,3,7,0,0
ORD_07581,1722,0.16,2,4,1,1
ORD_07582,1134,0.1,1,7,0,0
ORD_07583,650,0.15,1,3,0,0
ORD_07584,1981,0.04,3,4,1,1
ORD_07585,1130,0.12,2,3,1,0
ORD_07586,344,0.11,1,4,1,0
ORD_07587,289,0.16,3,10,1,0
ORD_07588,1279,0.05,2,3,0,0
ORD_07589,913,0.02,3,10,0,0
ORD_07590,761,0.06,1,10,1,0
ORD_07591,337,0.14,2,5,1,1
ORD_07592,1081,0.23,1,4,1,0
ORD_07593,363,0.12,2,3,1,0
ORD_07594,613,0.47,1,5,1,0
ORD_07595,2116,0.03,1,10,1,0
ORD_07596,392,0.16,1,9,1,0
ORD_07597,250,0.24,1,1,0,0
ORD_07598,286,0.02,3,4,1,0
ORD_07599,1473,0.09,1,7,1,1
ORD_07600,815,0.01,2,4,1,0
ORD_07601,599,0.06,2,8,0,0
ORD_07602,442,0.1,2,7,0,0
ORD_07603,980,0.19,2,5,0,1
ORD_07604,337,0.44,2,10,1,1
ORD_07605,849,0.14,3,4,1,0
ORD_07606,370,0.21,2,8,1,1
ORD_07607,324,0.24,3,1,1,0
ORD_07608,399,0.11,2,2,0,0
ORD_07609,492,0.27,2,5,1,1
ORD_07610,639,0.21,2,10,0,0
ORD_07611,803,0.56,1,7,1,1
ORD_07612,250,0.04,1,9,1,0
ORD_07613,348,0.13,1,3,0,0
ORD_07614,486,0.33,1,5,0,0
ORD_07615,2217,0.05,2,2,1,0
ORD_07616,280,0.14,1,6,0,0
ORD_07617,757,0.1,2,6,0,0
ORD_07618,2199,0.01,3,4,0,0
ORD_07619,250,0.01,2,2,1,1
ORD_07620,911,0.14,1,8,0,0
ORD_07621,350,0.12,1,8,1,1
ORD_07622,444,0.33,3,1,0,0
ORD_07623,349,0.04,3,2,1,1
ORD_07624,370,0.19,3,4,1,1
ORD_07625,5869,0.2,1,1,1,0
ORD_07626,1307,0.36,1,6,1,0
ORD_07627,1605,0.3,3,2,0,0
ORD_07628,985,0.4,1,3,1,0
ORD_07629,250,0.25,1,9,1,0
ORD_07630,912,0.07,1,7,0,0
ORD_07631,1569,0.1,3,4,0,1
ORD_07632,336,0.07,2,10,1,0
ORD_07633,1439,0.04,3,1,0,0
ORD_07634,1168,0.04,1,4,0,0
ORD_07635,2926,0.11,2,10,1,0
ORD_07636,476,0.42,1,6,0,0
ORD_07637,276,0.39,1,8,1,0
ORD_07638,498,0.05,2,9,0,0
ORD_07639,2097,0.6,2,4,0,1
ORD_07640,250,0.04,2,6,1,0
ORD_07641,250,0.17,3,2,0,0
ORD_07642,714,0.2,1,2,1,1
ORD_07643,466,0.19,1,6,1,0
ORD_07644,669,0.0,2,9,1,0
ORD_07645,1416,0.1,3,3,1,0
ORD_07646,427,0.13,2,4,0,0
ORD_07647,250,0.1,2,9,1,0
ORD_07648,3413,0.04,2,9,1,1
ORD_07649,299,0.01,1,5,1,0
ORD_07650,285,0.21,1,9,0,0
ORD_07651,1608,0.39,2,5,1,0
ORD_07652,489,0.07,3,5,0,0
ORD_07653,632,0.14,2,7,1,1
ORD_07654,978,0.04,2,6,1,0
ORD_07655,1582,0.18,2,10,1,0
ORD_07656,509,0.11,2,7,0,0
ORD_07657,2243,0.23,3,10,0,0
ORD_07658,250,0.14,2,2,1,0
ORD_07659,1221,0.06,1,9,1,1
ORD_07660,339,0.09,2,6,1,0
ORD_07661,1993,0.25,2,9,0,0
ORD_07662,745,0.19,2,1,0,0
ORD_07663,388,0.03,3,2,0,1
ORD_07664,1130,0.0,1,7,1,0
ORD_07665,1359,0.15,2,2,1,0
ORD_07666,1111,0.09,2,6,1,0
ORD_07667,291,0.08,1,2,1,0
ORD_07668,451,0.03,3,10,1,1
ORD_07669,662,0.05,2,5,0,0
ORD_07670,643,0.26,2,6,1,0
ORD_07671,1211,0.67,3,7,0,0
ORD_07672,250,0.3,1,1,1,0
ORD_07673,869,0.12,2,2,1,0
ORD_07674,527,0.03,2,2,1,0
ORD_07675,340,0.21,3,1,1,1
ORD_07676,367,0.2,2,3,1,1
ORD_07677,560,0.01,2,6,1,0
ORD_07678,250,0.28,1,9,1,0
ORD_07679,379,0.04,3,3,1,0
ORD_07680,330,0.19,2,3,1,0
ORD_07681,1018,0.1,2,2,1,0
ORD_07682,349,0.4,1,2,1,0
ORD_07683,559,0.06,2,7,0,0
ORD_07684,2284,0.02,1,4,1,0
ORD_07685,1473,0.03,3,6,1,1
ORD_07686,1368,0.11,3,8,1,0
ORD_07687,445,0.02,1,5,0,0
ORD_07688,1027,0.24,2,3,0,0
ORD_07689,551,0.1,2,2,0,0
ORD_07690,568,0.01,3,6,1,0
ORD_07691,923,0.11,2,8,0,0
ORD_07692,412,0.07,3,10,1,0
ORD_07693,2196,0.15,1,4,1,1
ORD_07694,585,0.11,1,2,1,0
ORD_07695,1090,0.25,2,3,0,0
ORD_07696,2131,0.0,2,3,1,0
ORD_07697,1518,0.28,1,9,1,1
ORD_07698,250,0.11,1,10,0,0
ORD_07699,949,0.04,3,4,1,1
ORD_07700,1313,0.22,2,6,1,0
ORD_07701,1357,0.11,1,9,1,0
ORD_07702,272,0.18,3,10,1,0
ORD_07703,393,0.02,1,8,1,1
ORD_07704,1473,0.0,1,9,0,0
ORD_07705,361,0.02,1,6,1,0
ORD_07706,523,0.29,3,2,1,0
ORD_07707,2346,0.28,2,5,1,1
ORD_07708,640,0.11,1,10,1,0
ORD_07709,371,0.36,1,3,1,0
ORD_07710,329,0.05,2,3,1,0
ORD_07711,867,0.21,2,10,0,0
ORD_07712,250,0.31,3,1,1,0
ORD_07713,545,0.36,2,4,0,0
ORD_07714,868,0.06,1,7,1,0
ORD_07715,1880,0.03,2,3,1,0
ORD_07716,1134,0.25,1,7,1,0
ORD_07717,375,0.13,3,6,1,0
ORD_07718,1707,0.07,1,1,0,0
ORD_07719,523,0.07,1,5,1,0
ORD_07720,250,0.39,2,6,0,1
ORD_07721,579,0.29,1,9,0,0
ORD_07722,2101,0.1,1,10,0,0
ORD_07723,759,0.2,2,6,1,0
ORD_07724,671,0.03,2,8,1,1
ORD_07725,2464,0.11,2,2,1,0
ORD_07726,250,0.16,3,1,1,1
ORD_07727,250,0.04,2,1,1,0
ORD_07728,250,0.17,3,7,1,0
ORD_07729,896,0.03,1,8,1,1
ORD_07730,759,0.19,1,8,1,1
ORD_07731,2285,0.3,2,3,0,0
ORD_07732,808,0.26,1,5,1,0
ORD_07733,481,0.13,1,7,0,0
ORD_07734,666,0.01,3,9,0,0
ORD_07735,730,0.0,2,5,1,0
ORD_07736,250,0.04,1,4,1,0
ORD_07737,5815,0.01,2,4,0,1
ORD_07738,1008,0.01,1,6,1,0
ORD_07739,786,0.07,2,9,1,0
ORD_07740,1088,0.01,1,1,0,0
ORD_07741,1173,0.36,1,1,0,0
ORD_07742,594,0.13,1,1,1,0
ORD_07743,401,0.09,3,4,1,1
ORD_07744,1074,0.05,1,4,1,1
ORD_07745,905,0.24,2,8,1,1
ORD_07746,347,0.13,1,5,1,1
ORD_07747,2069,0.02,1,10,0,0
ORD_07748,841,0.34,2,4,1,0
ORD_07749,1192,0.05,2,8,1,1
ORD_07750,2025,0.06,2,7,0,0
ORD_07751,676,0.05,3,6,1,0
ORD_07752,857,0.13,1,2,0,1
ORD_07753,1271,0.11,1,5,1,0
ORD_07754,372,0.1,3,2,0,0
ORD_07755,694,0.0,3,6,1,0
ORD_07756,735,0.42,2,9,1,0
ORD_07757,309,0.05,2,9,1,0
ORD_07758,4247,0.42,1,6,1,1
ORD_07759,250,0.12,2,4,1,1
ORD_07760,250,0.0,1,10,0,0
ORD_07761,1903,0.2,3,9,1,0
ORD_07762,1176,0.03,1,5,1,0
ORD_07763,292,0.43,1,8,1,1
ORD_07764,1081,0.12,2,9,1,0
ORD_07765,2152,0.0,1,5,1,0
ORD_07766,649,0.27,2,6,1,0
ORD_07767,5319,0.26,3,4,1,0
ORD_07768,250,0.02,2,1,0,0
ORD_07769,1158,0.13,3,1,1,0
ORD_07770,1691,0.15,1,5,0,0
ORD_07771,1357,0.03,1,3,1,0
ORD_07772,564,0.01,3,7,0,0
ORD_07773,527,0.09,1,4,1,0
ORD_07774,948,0.01,2,4,1,0
ORD_07775,1277,0.04,2,4,0,0
ORD_07776,1077,0.2,2,6,1,0
ORD_07777,1528,0.13,2,9,1,0
ORD_07778,294,0.36,2,9,1,1
ORD_07779,554,0.0,3,5,1,1
ORD_07780,313,0.28,1,8,0,0
ORD_07781,488,0.26,2,4,0,0
ORD_07782,1498,0.15,1,8,1,0
ORD_07783,725,0.42,2,10,1,0
ORD_07784,5353,0.1,1,9,0,0
ORD_07785,776,0.17,2,8,1,0
ORD_07786,697,0.01,1,8,1,0
ORD_07787,724,0.06,1,9,1,1
ORD_07788,399,0.13,2,10,0,0
ORD_07789,635,0.04,1,8,1,1
ORD_07790,1639,0.27,2,4,0,0
ORD_07791,728,0.28,2,5,1,0
ORD_07792,352,0.05,1,10,0,0
ORD_07793,317,0.05,1,6,1,1
ORD_07794,463,0.38,3,5,0,1
ORD_07795,705,0.01,3,9,0,0
ORD_07796,1728,0.05,1,2,0,0
ORD_07797,250,0.08,1,6,1,0
ORD_07798,514,0.42,1,10,0,0
ORD_07799,746,0.26,2,2,1,0
ORD_07800,250,0.01,2,8,1,1
ORD_07801,341,0.02,1,8,0,0
ORD_07802,386,0.43,1,5,0,0
ORD_07803,351,0.29,3,10,1,0
ORD_07804,775,0.09,2,8,1,0
ORD_07805,584,0.05,2,5,0,0
ORD_07806,426,0.08,1,4,1,0
ORD_07807,936,0.17,2,9,1,1
ORD_07808,2639,0.13,2,8,0,0
ORD_07809,2468,0.02,2,4,1,0
ORD_07810,250,0.01,2,2,1,0
ORD_07811,1055,0.31,2,2,1,1
ORD_07812,576,0.18,2,2,1,0
ORD_07813,753,0.03,1,10,0,0
ORD_07814,483,0.05,3,8,1,0
ORD_07815,730,0.31,3,6,0,1
ORD_07816,750,0.37,2,1,1,1
ORD_07817,418,0.2,1,10,0,0
ORD_07818,324,0.2,1,4,0,0
ORD_07819,464,0.37,3,3,1,0
ORD_07820,802,0.13,3,10,0,0
ORD_07821,1074,0.14,1,7,1,0
ORD_07822,1316,0.1,2,10,0,0
ORD_07823,447,0.06,2,5,1,0
ORD_07824,834,0.02,1,1,0,0
ORD_07825,1436,0.11,2,6,1,0
ORD_07826,1689,0.07,2,4,1,0
ORD_07827,634,0.08,1,10,1,0
ORD_07828,557,0.28,1,6,0,0
ORD_07829,775,0.02,1,7,0,0
ORD_07830,265,0.08,3,9,0,0
ORD_07831,569,0.09,2,1,1,0
ORD_07832,1206,0.04,2,6,1,1
ORD_07833,1111,0.06,2,8,1,0
ORD_07834,535,0.06,3,4,0,1
ORD_07835,791,0.22,1,10,1,0
ORD_07836,343,0.19,1,9,1,0
ORD_07837,1167,0.11,1,4,0,1
ORD_07838,624,0.16,3,4,1,1
ORD_07839,533,0.16,2,9,0,0
ORD_07840,498,0.21,2,4,1,0
ORD_07841,632,0.33,1,9,1,1
ORD_07842,464,0.12,2,1,0,0
ORD_07843,1126,0.07,1,8,0,0
ORD_07844,484,0.41,2,2,0,1
ORD_07845,2378,0.09,1,8,0,0
ORD_07846,2147,0.06,2,5,1,1
ORD_07847,325,0.08,2,1,0,0
ORD_07848,703,0.01,3,1,1,0
ORD_07849,395,0.01,1,6,1,0
ORD_07850,512,0.39,2,1,1,0
ORD_07851,3300,0.04,3,2,0,0
ORD_07852,520,0.11,1,3,0,0
ORD_07853,887,0.05,2,2,0,1
ORD_07854,1025,0.04,2,9,1,0
ORD_07855,298,0.03,1,10,1,0
ORD_07856,335,0.31,1,6,1,0
ORD_07857,253,0.13,1,9,0,0
ORD_07858,327,0.14,2,5,0,0
ORD_07859,250,0.11,1,4,1,1
ORD_07860,1028,0.3,1,2,0,0
ORD_07861,3440,0.19,2,4,1,1
ORD_07862,748,0.03,1,8,0,0
ORD_07863,250,0.25,1,2,1,0
ORD_07864,397,0.23,1,8,0,0
ORD_07865,460,0.05,3,2,1,0
ORD_07866,294,0.27,1,1,1,0
ORD_07867,1323,0.14,1,4,0,0
ORD_07868,1271,0.22,1,7,1,0
ORD_07869,263,0.1,1,2,1,0
ORD_07870,1188,0.16,2,3,0,0
ORD_07871,2256,0.08,3,6,1,0
ORD_07872,3047,0.37,2,2,1,0
ORD_07873,6582,0.01,2,9,1,1
ORD_07874,323,0.03,1,6,1,0
ORD_07875,6370,0.04,1,6,1,0
ORD_07876,501,0.05,1,8,1,0
ORD_07877,414,0.07,2,1,1,0
ORD_07878,864,0.06,2,10,1,0
ORD_07879,417,0.29,1,3,1,1
ORD_07880,915,0.01,1,2,1,0
ORD_07881,250,0.18,1,1,0,0
ORD_07882,549,0.17,2,6,1,0
ORD_07883,1860,0.01,2,4,0,0
ORD_07884,635,0.02,2,6,0,0
ORD_07885,744,0.03,2,8,0,0
ORD_07886,972,0.27,1,7,0,0
ORD_07887,1696,0.28,3,3,1,1
ORD_07888,250,0.15,1,3,1,0
ORD_07889,1061,0.15,1,6,0,0
ORD_07890,536,0.01,3,1,0,0
ORD_07891,759,0.05,1,3,0,0
ORD_07892,1553,0.06,2,8,1,0
ORD_07893,255,0.08,3,3,1,1
ORD_07894,295,0.03,2,1,1,0
ORD_07895,250,0.06,1,10,1,0
ORD_07896,428,0.0,2,9,1,1
ORD_07897,1928,0.28,3,2,1,1
ORD_07898,603,0.12,2,7,1,0
ORD_07899,250,0.29,2,8,1,0
ORD_07900,450,0.23,3,3,0,0
ORD_07901,250,0.01,3,7,1,0
ORD_07902,270,0.01,2,10,1,1
ORD_07903,907,0.09,1,4,1,0
ORD_07904,260,0.01,2,2,1,0
ORD_07905,1619,0.0,1,4,1,0
ORD_07906,628,0.16,2,8,1,0
ORD_07907,712,0.09,1,2,1,0
ORD_07908,532,0.28,2,6,1,0
ORD_07909,1234,0.04,1,10,1,1
ORD_07910,1244,0.0,3,3,1,0
ORD_07911,869,0.03,1,3,1,0
ORD_07912,1045,0.08,1,6,1,1
ORD_07913,561,0.2,2,3,1,0
ORD_07914,1026,0.11,2,2,1,0
ORD_07915,507,0.37,2,2,1,0
ORD_07916,666,0.52,3,3,1,0
ORD_07917,533,0.07,2,2,0,0
ORD_07918,461,0.24,2,6,1,0
ORD_07919,383,0.11,1,4,0,1
ORD_07920,966,0.31,2,1,1,0
ORD_07921,1897,0.15,1,3,1,1
ORD_07922,1697,0.15,2,10,0,0
ORD_07923,250,0.0,3,3,0,0
ORD_07924,1865,0.17,2,4,1,1
ORD_07925,515,0.02,3,6,1,0
ORD_07926,1075,0.17,2,1,1,0
ORD_07927,322,0.09,2,2,1,0
ORD_07928,745,0.02,2,10,0,0
ORD_07929,854,0.17,2,3,0,1
ORD_07930,250,0.05,1,5,1,1
ORD_07931,1082,0.05,1,7,1,0
ORD_07932,1952,0.06,1,1,0,0
ORD_07933,578,0.04,3,2,0,0
ORD_07934,1974,0.03,1,4,1,0
ORD_07935,571,0.18,2,10,0,0
ORD_07936,1312,0.01,2,1,0,0
ORD_07937,250,0.22,2,1,0,0
ORD_07938,4605,0.05,2,9,0,0
ORD_07939,2200,0.01,1,6,1,0
ORD_07940,529,0.12,3,2,1,1
ORD_07941,250,0.23,3,10,1,0
ORD_07942,837,0.27,2,7,0,0
ORD_07943,250,0.19,3,10,0,0
ORD_07944,949,0.07,1,6,1,1
ORD_07945,924,0.54,1,6,1,0
ORD_07946,313,0.08,2,8,1,0
ORD_07947,1630,0.03,3,10,1,0
ORD_07948,1267,0.18,1,3,1,1
ORD_07949,1451,0.1,2,10,1,0
ORD_07950,669,0.03,1,2,1,0
ORD_07951,250,0.21,3,9,1,1
ORD_07952,1454,0.2,2,5,1,0
ORD_07953,535,0.1,1,6,1,0
ORD_07954,250,0.06,3,7,1,0
ORD_07955,1961,0.22,1,2,1,0
ORD_07956,3567,0.07,2,6,1,0
ORD_07957,643,0.2,1,1,1,0
ORD_07958,3741,0.6,1,9,1,0
ORD_07959,715,0.08,1,6,1,0
ORD_07960,490,0.08,1,7,1,0
ORD_07961,401,0.15,3,5,0,0
ORD_07962,2464,0.1,2,2,1,1
ORD_07963,356,0.11,1,4,0,0
ORD_07964,1197,0.28,2,5,1,1
ORD_07965,425,0.19,2,10,1,1
ORD_07966,460,0.09,3,2,1,1
ORD_07967,1516,0.29,2,9,1,1
ORD_07968,490,0.2,2,2,1,0
ORD_07969,481,0.0,1,2,1,0
ORD_07970,1646,0.07,1,2,1,0
ORD_07971,2387,0.14,2,2,0,1
ORD_07972,1114,0.11,2,5,1,0
ORD_07973,393,0.47,2,7,1,1
ORD_07974,442,0.03,2,1,1,0
ORD_07975,709,0.09,2,9,1,0
ORD_07976,859,0.07,3,6,1,0
ORD_07977,301,0.01,3,1,0,0
ORD_07978,1186,0.06,2,1,0,0
ORD_07979,712,0.32,2,9,0,0
ORD_07980,250,0.12,2,9,0,1
ORD_07981,316,0.02,1,1,0,0
ORD_07982,444,0.08,3,1,1,0
ORD_07983,627,0.25,1,5,1,0
ORD_07984,3015,0.01,2,5,0,0
ORD_07985,804,0.1,1,7,1,0
ORD_07986,339,0.01,2,4,0,0
ORD_07987,793,0.31,1,10,0,1
ORD_07988,501,0.05,3,1,0,1
ORD_07989,862,0.04,1,6,1,0
ORD_07990,1058,0.11,3,10,1,0
ORD_07991,1750,0.05,3,3,0,0
ORD_07992,652,0.16,2,7,1,0
ORD_07993,2468,0.08,2,1,0,0
ORD_07994,1375,0.09,1,4,0,0
ORD_07995,377,0.12,3,10,0,0
ORD_07996,3896,0.4,2,9,0,1
ORD_07997,864,0.04,1,10,1,0
ORD_07998,341,0.04,2,6,1,0
ORD_07999,2495,0.28,1,2,0,1
ORD_08000,3505,0.04,2,6,0,0
ORD_08001,647,0.3,1,9,1,0
ORD_08002,444,0.25,2,1,0,0
ORD_08003,579,0.19,2,5,1,0
ORD_08004,1178,0.12,1,8,1,0
ORD_08005,1848,0.12,3,7,0,1
ORD_08006,1049,0.05,2,10,0,0
ORD_08007,721,0.21,2,2,0,1
ORD_08008,2204,0.24,3,8,1,1
ORD_08009,517,0.36,3,9,1,0
ORD_08010,1517,0.46,2,10,1,1
ORD_08011,528,0.23,1,8,1,1
ORD_08012,939,0.08,2,6,1,0
ORD_08013,607,0.17,3,9,1,0
ORD_08014,636,0.41,2,8,1,0
ORD_08015,491,0.06,2,4,0,0
ORD_08016,1950,0.42,3,6,1,0
ORD_08017,370,0.16,1,5,1,0
ORD_08018,367,0.09,1,10,0,0
ORD_08019,3629,0.21,3,9,1,0
ORD_08020,1454,0.02,1,4,0,0
ORD_08021,250,0.09,1,1,1,0
ORD_08022,423,0.06,3,9,1,0
ORD_08023,250,0.42,2,9,0,1
ORD_08024,310,0.15,2,7,1,1
ORD_08025,250,0.35,2,5,0,1
ORD_08026,596,0.24,1,7,1,0
ORD_08027,266,0.04,2,9,1,1
ORD_08028,697,0.09,2,3,1,1
ORD_08029,250,0.09,1,5,0,0
ORD_08030,710,0.01,2,3,1,1
ORD_08031,477,0.29,1,8,0,0
ORD_08032,2211,0.16,1,1,0,0
ORD_08033,2057,0.0,1,4,0,0
ORD_08034,1246,0.62,2,7,1,1
ORD_08035,512,0.21,3,9,0,0
ORD_08036,3256,0.27,2,10,0,0
ORD_08037,250,0.12,1,2,1,0
ORD_08038,250,0.1,1,9,0,0
ORD_08039,622,0.31,2,6,1,1
ORD_08040,4036,0.62,1,7,1,1
ORD_08041,565,0.14,1,4,0,0
ORD_08042,574,0.0,2,5,1,0
ORD_08043,250,0.57,2,1,1,0
ORD_08044,1417,0.06,3,4,1,1
ORD_08045,1425,0.07,3,8,1,0
ORD_08046,1250,0.33,1,6,1,1
ORD_08047,402,0.11,2,7,1,0
ORD_08048,377,0.02,2,1,1,0
ORD_08049,250,0.22,1,7,1,1
ORD_08050,711,0.01,2,6,0,0
ORD_08051,280,0.03,1,4,1,0
ORD_08052,259,0.22,1,2,1,0
ORD_08053,473,0.01,1,2,1,1
ORD_08054,449,0.09,3,7,1,1
ORD_08055,432,0.04,3,3,1,0
ORD_08056,965,0.06,2,2,1,0
ORD_08057,708,0.01,1,10,1,0
ORD_08058,528,0.11,1,3,1,1
ORD_08059,770,0.18,2,10,0,0
ORD_08060,300,0.19,2,2,1,0
ORD_08061,723,0.11,2,3,1,0
ORD_08062,750,0.14,1,5,1,1
ORD_08063,250,0.16,2,10,1,0
ORD_08064,1475,0.12,3,10,0,0
ORD_08065,328,0.15,1,10,0,0
ORD_08066,714,0.09,2,5,1,0
ORD_08067,1688,0.12,1,7,1,0
ORD_08068,1394,0.05,1,10,1,0
ORD_08069,683,0.02,3,3,0,0
ORD_08070,497,0.17,2,3,0,0
ORD_08071,1419,0.07,2,7,1,0
ORD_08072,1141,0.05,1,6,1,1
ORD_08073,405,0.08,3,6,0,0
ORD_08074,352,0.34,1,4,1,1
ORD_08075,250,0.0,1,4,1,0
ORD_08076,752,0.33,3,2,1,0
ORD_08077,622,0.08,3,6,0,1
ORD_08078,1650,0.15,2,10,1,0
ORD_08079,886,0.02,2,3,1,1
ORD_08080,1934,0.43,1,6,0,0
ORD_08081,380,0.15,3,3,0,1
ORD_08082,1653,0.18,2,3,1,1
ORD_08083,435,0.03,1,1,1,0
ORD_08084,1239,0.08,1,5,1,1
ORD_08085,250,0.03,1,2,1,0
ORD_08086,802,0.04,1,10,1,0
ORD_08087,250,0.02,1,2,1,0
ORD_08088,537,0.19,1,9,1,0
ORD_08089,946,0.23,1,2,0,0
ORD_08090,438,0.02,1,2,0,0
ORD_08091,287,0.04,1,6,1,1
ORD_08092,1308,0.13,1,10,0,0
ORD_08093,612,0.24,1,1,0,0
ORD_08094,449,0.08,1,8,0,0
ORD_08095,687,0.08,2,1,1,1
ORD_08096,5482,0.15,2,9,0,1
ORD_08097,1673,0.01,1,4,1,0
ORD_08098,1685,0.01,1,3,1,0
ORD_08099,942,0.15,3,7,1,1
ORD_08100,759,0.13,2,8,0,0
ORD_08101,250,0.03,2,5,0,0
ORD_08102,386,0.24,2,3,0,0
ORD_08103,452,0.02,1,4,0,0
ORD_08104,250,0.33,2,10,0,0
ORD_08105,263,0.02,2,6,1,0
ORD_08106,250,0.12,1,5,0,0
ORD_08107,645,0.28,2,4,1,1
ORD_08108,1280,0.12,2,3,1,0
ORD_08109,1612,0.03,1,6,1,0
ORD_08110,926,0.13,1,7,1,1
ORD_08111,307,0.22,1,2,1,0
ORD_08112,250,0.13,1,6,0,1
ORD_08113,250,0.19,1,3,0,0
ORD_08114,250,0.08,1,10,0,0
ORD_08115,326,0.07,1,8,1,0
ORD_08116,585,0.15,3,2,1,1
ORD_08117,295,0.09,2,5,0,0
ORD_08118,872,0.17,2,8,1,0
ORD_08119,552,0.36,1,9,0,1
ORD_08120,670,0.05,1,7,1,0
ORD_08121,1656,0.19,2,9,1,0
ORD_08122,258,0.04,1,9,1,1
ORD_08123,929,0.0,1,8,1,0
ORD_08124,657,0.01,3,7,0,0
ORD_08125,509,0.02,1,6,1,1
ORD_08126,1350,0.34,1,3,0,0
ORD_08127,1343,0.09,3,8,0,0
ORD_08128,311,0.06,1,3,1,0
ORD_08129,574,0.17,2,9,1,0
ORD_08130,832,0.03,3,9,1,0
ORD_08131,534,0.39,1,10,1,0
ORD_08132,1062,0.26,3,10,0,0
ORD_08133,832,0.08,2,9,1,0
ORD_08134,2881,0.09,3,4,1,0
ORD_08135,250,0.11,1,9,1,0
ORD_08136,603,0.2,3,2,0,0
ORD_08137,321,0.1,2,1,1,0
ORD_08138,1078,0.18,2,8,1,0
ORD_08139,250,0.07,3,6,0,0
ORD_08140,877,0.49,2,10,1,1
ORD_08141,401,0.14,1,9,1,0
ORD_08142,369,0.08,1,9,0,0
ORD_08143,250,0.21,1,3,1,0
ORD_08144,458,0.01,2,2,1,1
ORD_08145,1583,0.16,3,7,0,0
ORD_08146,651,0.43,2,5,0,1
ORD_08147,1098,0.07,2,10,0,0
ORD_08148,2519,0.0,2,6,1,0
ORD_08149,821,0.0,1,5,1,0
ORD_08150,425,0.1,2,4,1,1
ORD_08151,966,0.19,1,1,1,0
ORD_08152,430,0.01,1,4,1,0
ORD_08153,444,0.06,2,10,1,1
ORD_08154,250,0.0,1,3,0,1
ORD_08155,1395,0.13,1,3,1,0
ORD_08156,488,0.16,2,5,1,0
ORD_08157,769,0.14,2,1,0,0
ORD_08158,290,0.01,2,6,1,1
ORD_08159,942,0.28,3,2,1,0
ORD_08160,361,0.19,2,1,1,0
ORD_08161,593,0.07,2,8,1,1
ORD_08162,1342,0.41,1,10,1,1
ORD_08163,1252,0.14,2,3,1,0
ORD_08164,653,0.36,1,6,0,0
ORD_08165,250,0.17,2,2,1,0
ORD_08166,7289,0.07,1,5,1,1
ORD_08167,2688,0.18,1,9,1,0
ORD_08168,1185,0.01,2,7,0,0
ORD_08169,364,0.1,2,4,0,0
ORD_08170,607,0.01,1,3,0,0
ORD_08171,430,0.16,2,9,1,0
ORD_08172,1828,0.03,2,4,0,0
ORD_08173,820,0.05,2,5,1,1
ORD_08174,355,0.2,1,6,1,0
ORD_08175,456,0.14,2,10,0,0
ORD_08176,1631,0.18,1,5,1,1
ORD_08177,2392,0.01,1,9,1,0
ORD_08178,2258,0.03,2,1,0,0
ORD_08179,1218,0.02,1,6,1,0
ORD_08180,543,0.24,2,4,1,1
ORD_08181,250,0.13,3,4,1,0
ORD_08182,843,0.0,2,3,1,0
ORD_08183,664,0.03,2,5,0,0
ORD_08184,743,0.22,2,8,1,0
ORD_08185,694,0.21,3,4,0,0
ORD_08186,250,0.0,1,7,1,1
ORD_08187,1038,0.07,2,8,0,0
ORD_08188,1102,0.0,2,5,0,0
ORD_08189,1148,0.2,3,10,0,0
ORD_08190,1418,0.11,1,1,1,1
ORD_08191,1078,0.07,1,8,1,0
ORD_08192,479,0.27,3,10,1,0
ORD_08193,628,0.05,1,3,1,0
ORD_08194,715,0.44,1,4,0,0
ORD_08195,724,0.05,2,10,1,0
ORD_08196,1478,0.23,2,7,0,1
ORD_08197,1113,0.25,3,9,0,1
ORD_08198,3504,0.28,2,4,0,1
ORD_08199,3886,0.01,2,4,0,0
ORD_08200,708,0.15,1,6,0,0
ORD_08201,250,0.21,2,9,0,0
ORD_08202,1789,0.06,1,4,1,0
ORD_08203,431,0.26,1,10,1,1
ORD_08204,350,0.05,3,8,0,0
ORD_08205,483,0.24,1,3,1,0
ORD_08206,465,0.12,2,2,0,0
ORD_08207,1085,0.16,3,4,1,0
ORD_08208,250,0.09,1,4,0,0
ORD_08209,280,0.26,1,7,1,0
ORD_08210,875,0.11,2,7,1,0
ORD_08211,1094,0.21,1,9,1,0
ORD_08212,1111,0.41,2,10,0,0
ORD_08213,354,0.36,1,2,0,0
ORD_08214,304,0.05,3,4,1,0
ORD_08215,443,0.38,3,3,1,0
ORD_08216,805,0.1,3,3,1,0
ORD_08217,2182,0.07,1,7,1,0
ORD_08218,250,0.08,1,10,0,0
ORD_08219,557,0.12,1,6,0,0
ORD_08220,250,0.07,2,3,1,0
ORD_08221,250,0.32,1,8,1,1
ORD_08222,1441,0.09,3,8,1,0
ORD_08223,1028,0.08,2,7,1,0
ORD_08224,952,0.45,2,9,0,0
ORD_08225,1389,0.17,2,3,1,1
ORD_08226,453,0.07,2,5,1,0
ORD_08227,470,0.34,1,6,1,0
ORD_08228,3822,0.05,1,9,0,0
ORD_08229,546,0.04,2,4,1,0
ORD_08230,1197,0.03,2,5,0,0
ORD_08231,668,0.01,1,9,1,0
ORD_08232,250,0.25,3,4,0,0
ORD_08233,250,0.05,3,2,1,1
ORD_08234,418,0.08,1,9,1,0
ORD_08235,1548,0.27,2,3,1,1
ORD_08236,1249,0.02,1,6,1,0
ORD_08237,1381,0.15,1,9,1,0
ORD_08238,301,0.24,3,3,1,0
ORD_08239,2422,0.34,3,8,0,1
ORD_08240,307,0.04,2,9,1,0
ORD_08241,788,0.26,3,3,0,1
ORD_08242,659,0.27,2,3,1,1
ORD_08243,578,0.44,2,4,1,1
ORD_08244,1940,0.0,2,1,0,0
ORD_08245,378,0.06,1,2,1,0
ORD_08246,250,0.36,1,1,1,0
ORD_08247,675,0.01,2,3,1,0
ORD_08248,483,0.58,2,6,1,0
ORD_08249,9916,0.1,2,8,1,0
ORD_08250,1142,0.03,2,5,1,0
ORD_08251,479,0.23,1,8,1,0
ORD_08252,285,0.16,1,6,1,0
ORD_08253,250,0.24,2,1,1,0
ORD_08254,292,0.23,1,3,0,1
ORD_08255,729,0.11,3,2,0,1
ORD_08256,2083,0.24,2,6,1,1
ORD_08257,1631,0.31,1,8,0,1
ORD_08258,798,0.02,2,6,1,0
ORD_08259,513,0.02,2,4,1,0
ORD_08260,824,0.07,2,4,1,0
ORD_08261,439,0.11,3,9,1,0
ORD_08262,2629,0.09,2,1,1,0
ORD_08263,571,0.11,3,2,0,0
ORD_08264,620,0.02,3,4,1,0
ORD_08265,250,0.15,1,3,0,0
ORD_08266,568,0.22,1,9,1,0
ORD_08267,1298,0.17,2,5,1,0
ORD_08268,283,0.33,2,8,0,1
ORD_08269,364,0.05,3,4,0,0
ORD_08270,1254,0.08,2,4,0,0
ORD_08271,250,0.27,2,10,1,0
ORD_08272,1550,0.33,2,3,1,0
ORD_08273,434,0.04,2,9,1,0
ORD_08274,487,0.0,1,10,1,0
ORD_08275,270,0.04,1,2,0,0
ORD_08276,900,0.18,2,3,1,1
ORD_08277,4759,0.11,2,3,1,0
ORD_08278,1242,0.11,2,3,1,0
ORD_08279,333,0.16,1,4,0,0
ORD_08280,1649,0.16,1,5,0,1
ORD_08281,516,0.13,2,6,0,0
ORD_08282,1997,0.04,3,5,1,0
ORD_08283,1268,0.04,3,9,0,0
ORD_08284,250,0.11,2,7,1,0
ORD_08285,297,0.18,3,7,0,1
ORD_08286,1415,0.04,1,7,0,0
ORD_08287,750,0.05,3,7,0,0
ORD_08288,293,0.02,2,2,1,0
ORD_08289,400,0.0,2,8,1,0
ORD_08290,250,0.02,1,10,1,0
ORD_08291,619,0.01,3,1,0,1
ORD_08292,3899,0.09,2,6,0,0
ORD_08293,1266,0.01,1,3,1,0
ORD_08294,3836,0.1,1,6,1,0
ORD_08295,1347,0.12,1,6,1,0
ORD_08296,1513,0.09,2,8,1,0
ORD_08297,3226,0.08,1,4,0,0
ORD_08298,899,0.2,2,3,1,0
ORD_08299,572,0.29,3,2,0,1
ORD_08300,1519,0.1,3,6,1,1
ORD_08301,2128,0.09,1,3,1,1
ORD_08302,453,0.13,1,4,1,0
ORD_08303,373,0.01,1,9,1,0
ORD_08304,743,0.03,1,7,1,0
ORD_08305,1293,0.21,3,1,0,0
ORD_08306,1259,0.04,2,4,1,1
ORD_08307,250,0.01,2,8,1,0
ORD_08308,3069,0.03,1,10,1,0
ORD_08309,398,0.06,2,4,1,0
ORD_08310,538,0.09,3,1,1,0
ORD_08311,323,0.03,2,10,1,0
ORD_08312,5759,0.2,3,2,1,1
ORD_08313,807,0.35,1,5,0,1
ORD_08314,336,0.32,1,6,0,0
ORD_08315,1327,0.11,3,1,1,1
ORD_08316,1230,0.04,2,5,0,0
ORD_08317,572,0.37,1,8,1,1
ORD_08318,1303,0.2,1,8,0,0
ORD_08319,343,0.0,2,2,0,0
ORD_08320,448,0.03,2,9,1,1
ORD_08321,250,0.1,3,2,0,0
ORD_08322,250,0.21,1,4,0,1
ORD_08323,2824,0.2,2,10,0,0
ORD_08324,2472,0.02,2,4,0,1
ORD_08325,701,0.05,2,4,1,1
ORD_08326,2515,0.16,2,7,1,0
ORD_08327,585,0.19,2,8,1,1
ORD_08328,547,0.03,1,8,1,0
ORD_08329,695,0.14,2,4,1,0
ORD_08330,601,0.05,1,4,1,1
ORD_08331,559,0.32,1,6,0,0
ORD_08332,1660,0.05,1,9,0,0
ORD_08333,750,0.09,1,5,1,1
ORD_08334,1176,0.11,2,2,0,0
ORD_08335,1517,0.08,1,9,0,0
ORD_08336,907,0.01,2,9,0,0
ORD_08337,306,0.03,3,1,1,1
ORD_08338,250,0.13,1,9,1,1
ORD_08339,749,0.39,1,7,1,0
ORD_08340,579,0.27,2,1,0,0
ORD_08341,713,0.14,1,2,1,1
ORD_08342,656,0.0,2,2,1,0
ORD_08343,5254,0.21,1,8,0,0
ORD_08344,250,0.07,1,1,1,0
ORD_08345,250,0.22,3,3,1,0
ORD_08346,867,0.29,1,1,1,0
ORD_08347,492,0.26,1,5,1,1
ORD_08348,856,0.2,1,4,0,0
ORD_08349,1061,0.47,1,3,0,0
ORD_08350,1858,0.17,1,8,0,0
ORD_08351,250,0.11,1,7,1,0
ORD_08352,426,0.01,2,4,1,1
ORD_08353,937,0.03,2,1,0,0
ORD_08354,1231,0.18,2,7,0,0
ORD_08355,3845,0.37,2,3,0,0
ORD_08356,1428,0.21,3,5,0,0
ORD_08357,635,0.08,3,8,0,0
ORD_08358,326,0.04,2,9,1,0
ORD_08359,423,0.33,3,10,0,0
ORD_08360,413,0.44,2,10,1,0
ORD_08361,1123,0.02,2,7,1,0
ORD_08362,816,0.04,2,6,1,0
ORD_08363,250,0.31,3,5,0,1
ORD_08364,469,0.01,2,5,1,1
ORD_08365,1342,0.1,2,4,1,1
ORD_08366,881,0.37,2,7,0,0
ORD_08367,1048,0.04,3,1,0,0
ORD_08368,903,0.25,3,3,1,0
ORD_08369,2443,0.05,1,6,1,0
ORD_08370,803,0.09,2,10,1,0
ORD_08371,488,0.01,1,1,1,1
ORD_08372,319,0.31,1,7,1,0
ORD_08373,812,0.34,3,2,0,1
ORD_08374,250,0.13,2,7,1,0
ORD_08375,573,0.19,1,4,1,0
ORD_08376,564,0.06,2,9,1,0
ORD_08377,250,0.21,2,5,1,0
ORD_08378,316,0.02,1,1,0,1
ORD_08379,1271,0.16,1,4,0,0
ORD_08380,799,0.1,2,4,1,0
ORD_08381,721,0.12,1,4,1,0
ORD_08382,849,0.18,1,3,1,1
ORD_08383,716,0.25,1,3,0,1
ORD_08384,1797,0.07,3,10,1,0
ORD_08385,734,0.03,1,5,0,0
ORD_08386,250,0.17,3,5,1,0
ORD_08387,2450,0.13,2,2,1,0
ORD_08388,894,0.15,1,10,1,0
ORD_08389,415,0.01,2,10,1,0
ORD_08390,250,0.03,2,9,1,0
ORD_08391,912,0.01,3,3,0,0
ORD_08392,605,0.36,3,4,1,1
ORD_08393,2343,0.29,1,2,0,0
ORD_08394,504,0.33,2,8,1,0
ORD_08395,340,0.28,1,7,1,0
ORD_08396,1361,0.06,1,3,1,0
ORD_08397,1394,0.31,1,5,0,0
ORD_08398,761,0.03,2,1,0,0
ORD_08399,1142,0.03,1,6,1,0
ORD_08400,645,0.11,2,10,1,0
ORD_08401,801,0.42,3,6,0,0
ORD_08402,1689,0.09,2,5,1,0
ORD_08403,1096,0.24,3,9,0,0
ORD_08404,580,0.03,1,4,1,0
ORD_08405,1962,0.22,2,2,1,1
ORD_08406,250,0.16,3,7,0,0
ORD_08407,3434,0.0,1,5,1,0
ORD_08408,250,0.1,2,7,0,0
ORD_08409,402,0.06,1,7,1,0
ORD_08410,643,0.1,2,7,1,1
ORD_08411,591,0.09,2,3,1,1
ORD_08412,1487,0.11,3,5,0,0
ORD_08413,285,0.03,2,1,1,0
ORD_08414,819,0.1,3,6,1,0
ORD_08415,418,0.22,1,4,1,0
ORD_08416,842,0.1,2,2,0,0
ORD_08417,631,0.06,2,3,1,0
ORD_08418,716,0.2,2,3,1,0
ORD_08419,428,0.04,2,1,1,0
ORD_08420,442,0.0,3,7,1,0
ORD_08421,836,0.29,1,10,0,0
ORD_08422,1415,0.14,1,3,0,0
ORD_08423,412,0.25,3,7,1,1
ORD_08424,331,0.01,2,10,0,0
ORD_08425,1086,0.18,2,10,1,0
ORD_08426,648,0.04,1,9,1,0
ORD_08427,1292,0.06,1,6,1,0
ORD_08428,322,0.2,1,8,1,0
ORD_08429,250,0.09,1,1,1,0
ORD_08430,434,0.05,2,8,1,0
ORD_08431,360,0.42,2,8,1,1
ORD_08432,624,0.12,3,3,1,0
ORD_08433,399,0.0,1,6,0,0
ORD_08434,1203,0.19,1,6,1,0
ORD_08435,528,0.19,2,7,1,0
ORD_08436,750,0.36,1,3,1,1
ORD_08437,754,0.16,3,10,1,1
ORD_08438,777,0.2,2,1,1,1
ORD_08439,652,0.05,3,9,0,0
ORD_08440,1000,0.04,1,6,1,1
ORD_08441,351,0.34,1,5,0,0
ORD_08442,2037,0.13,1,2,1,1
ORD_08443,550,0.01,1,4,1,0
ORD_08444,250,0.19,2,5,1,0
ORD_08445,773,0.38,3,10,0,0
ORD_08446,336,0.14,1,4,0,0
ORD_08447,1132,0.21,1,10,0,0
ORD_08448,3895,0.23,1,4,1,1
ORD_08449,354,0.09,2,6,1,0
ORD_08450,867,0.1,2,4,0,0
ORD_08451,250,0.01,2,9,0,0
ORD_08452,956,0.0,2,2,1,0
ORD_08453,327,0.12,2,5,0,0
ORD_08454,403,0.02,2,3,1,0
ORD_08455,275,0.03,3,8,1,1
ORD_08456,1194,0.09,1,3,1,0
ORD_08457,1488,0.3,1,8,1,0
ORD_08458,677,0.14,1,8,1,0
ORD_08459,333,0.08,1,2,1,0
ORD_08460,2372,0.39,1,10,1,1
ORD_08461,364,0.01,1,7,1,0
ORD_08462,250,0.06,1,6,1,0
ORD_08463,959,0.18,2,1,1,0
ORD_08464,274,0.1,2,2,1,1
ORD_08465,1466,0.46,1,4,1,0
ORD_08466,490,0.36,2,2,1,0
ORD_08467,1078,0.21,2,5,1,0
ORD_08468,2041,0.17,1,3,0,1
ORD_08469,252,0.12,3,6,0,0
ORD_08470,422,0.37,1,9,1,0
ORD_08471,626,0.08,2,10,0,0
ORD_08472,2275,0.0,3,7,0,0
ORD_08473,392,0.01,2,5,0,0
ORD_08474,413,0.38,2,1,0,0
ORD_08475,975,0.05,3,1,1,1
ORD_08476,419,0.12,1,1,0,0
ORD_08477,751,0.02,1,3,1,0
ORD_08478,250,0.14,2,7,0,0
ORD_08479,3910,0.42,3,9,1,1
ORD_08480,250,0.09,2,6,1,0
ORD_08481,514,0.1,3,7,1,0
ORD_08482,648,0.01,1,3,1,0
ORD_08483,3072,0.03,3,8,0,0
ORD_08484,250,0.04,3,10,1,0
ORD_08485,3251,0.04,2,6,0,0
ORD_08486,1218,0.01,3,3,1,1
ORD_08487,928,0.12,1,2,1,0
ORD_08488,302,0.32,3,9,0,1
ORD_08489,1050,0.39,3,7,1,1
ORD_08490,372,0.05,1,10,1,0
ORD_08491,1832,0.14,2,10,0,0
ORD_08492,305,0.04,2,9,1,0
ORD_08493,607,0.04,1,4,0,0
ORD_08494,426,0.07,1,4,0,0
ORD_08495,301,0.16,1,6,1,0
ORD_08496,1203,0.03,2,2,0,0
ORD_08497,1020,0.08,2,10,0,0
ORD_08498,1749,0.03,3,1,1,0
ORD_08499,250,0.08,1,10,1,0
ORD_08500,1558,0.17,2,3,1,1
ORD_08501,4936,0.01,1,5,1,0
ORD_08502,463,0.04,2,2,1,1
ORD_08503,3029,0.03,3,9,1,0
ORD_08504,538,0.18,1,1,1,0
ORD_08505,250,0.21,1,3,1,0
ORD_08506,520,0.17,2,5,0,0
ORD_08507,1538,0.05,1,1,1,1
ORD_08508,340,0.17,2,4,1,1
ORD_08509,411,0.08,1,10,1,0
ORD_08510,1069,0.24,1,1,0,0
ORD_08511,666,0.04,2,7,1,0
ORD_08512,1061,0.01,3,1,0,1
ORD_08513,804,0.38,2,3,0,0
ORD_08514,976,0.27,1,4,0,0
ORD_08515,470,0.07,1,4,1,0
ORD_08516,800,0.18,3,7,0,0
ORD_08517,316,0.32,3,5,1,0
ORD_08518,1864,0.1,1,8,1,0
ORD_08519,400,0.17,3,3,0,0
ORD_08520,1641,0.01,3,8,1,0
ORD_08521,551,0.34,1,9,0,0
ORD_08522,781,0.14,2,9,1,0
ORD_08523,447,0.05,2,9,1,0
ORD_08524,295,0.27,1,1,1,0
ORD_08525,250,0.42,1,9,0,0
ORD_08526,285,0.07,1,8,1,0
ORD_08527,513,0.22,3,2,1,0
ORD_08528,788,0.02,3,3,1,1
ORD_08529,1492,0.07,1,7,1,1
ORD_08530,465,0.41,2,3,1,1
ORD_08531,328,0.06,2,2,0,0
ORD_08532,250,0.33,2,4,1,1
ORD_08533,976,0.24,2,9,1,1
ORD_08534,2011,0.16,2,2,0,0
ORD_08535,1831,0.58,1,1,1,1
ORD_08536,1173,0.31,1,10,0,0
ORD_08537,1108,0.2,2,7,1,0
ORD_08538,2586,0.04,2,1,1,1
ORD_08539,867,0.11,2,6,1,1
ORD_08540,1115,0.1,2,5,0,0
ORD_08541,514,0.01,2,8,1,0
ORD_08542,250,0.05,2,3,1,0
ORD_08543,384,0.03,3,3,1,1
ORD_08544,660,0.0,1,1,1,0
ORD_08545,698,0.03,3,4,0,1
ORD_08546,3105,0.02,1,10,0,0
ORD_08547,709,0.2,2,10,1,0
ORD_08548,1707,0.06,2,6,1,1
ORD_08549,469,0.04,1,5,1,0
ORD_08550,518,0.09,3,7,1,1
ORD_08551,250,0.17,1,10,0,1
ORD_08552,367,0.07,2,1,1,0
ORD_08553,1013,0.06,3,3,0,1
ORD_08554,669,0.01,1,4,1,0
ORD_08555,1414,0.21,3,6,0,0
ORD_08556,768,0.01,2,4,1,0
ORD_08557,501,0.16,3,7,1,1
ORD_08558,3709,0.03,2,10,1,0
ORD_08559,617,0.12,2,10,0,0
ORD_08560,1686,0.04,1,3,0,0
ORD_08561,482,0.05,2,8,0,0
ORD_08562,1173,0.4,1,7,1,0
ORD_08563,1397,0.02,2,3,0,0
ORD_08564,785,0.0,1,9,0,0
ORD_08565,250,0.01,1,10,1,0
ORD_08566,674,0.08,1,5,0,0
ORD_08567,1779,0.07,3,2,1,1
ORD_08568,1014,0.1,2,9,0,0
ORD_08569,950,0.1,2,8,1,1
ORD_08570,250,0.59,3,8,1,0
ORD_08571,373,0.01,2,1,1,0
ORD_08572,924,0.22,1,4,1,0
ORD_08573,923,0.06,2,7,1,0
ORD_08574,1757,0.05,3,6,1,0
ORD_08575,592,0.11,1,9,0,0
ORD_08576,920,0.16,2,8,0,1
ORD_08577,673,0.04,2,9,0,0
ORD_08578,302,0.03,1,4,1,1
ORD_08579,250,0.1,3,8,1,0
ORD_08580,938,0.14,1,6,1,0
ORD_08581,764,0.26,1,9,1,0
ORD_08582,405,0.05,3,10,1,1
ORD_08583,250,0.05,2,1,0,0
ORD_08584,1100,0.03,1,6,1,0
ORD_08585,537,0.03,1,10,1,1
ORD_08586,1038,0.11,3,10,1,1
ORD_08587,2954,0.13,1,2,1,0
ORD_08588,250,0.01,2,3,0,0
ORD_08589,380,0.05,1,9,1,0
ORD_08590,562,0.27,3,5,0,0
ORD_08591,2129,0.21,2,5,1,0
ORD_08592,250,0.03,2,1,0,0
ORD_08593,3129,0.32,2,10,1,0
ORD_08594,741,0.08,3,2,1,0
ORD_08595,615,0.06,3,9,0,0
ORD_08596,567,0.11,2,7,0,0
ORD_08597,469,0.29,3,4,1,1
ORD_08598,1538,0.52,1,7,1,0
ORD_08599,282,0.19,1,10,0,1
ORD_08600,876,0.03,3,2,1,1
ORD_08601,489,0.11,2,5,0,0
ORD_08602,361,0.0,3,9,0,0
ORD_08603,5264,0.07,1,2,1,0
ORD_08604,930,0.06,2,3,1,1
ORD_08605,1086,0.18,2,5,1,0
ORD_08606,1652,0.46,2,5,0,1
ORD_08607,250,0.17,1,8,1,1
ORD_08608,2702,0.1,3,7,0,0
ORD_08609,250,0.14,1,3,1,1
ORD_08610,359,0.01,2,5,0,1
ORD_08611,460,0.62,2,8,1,1
ORD_08612,1059,0.14,2,5,0,0
ORD_08613,792,0.02,2,2,1,0
ORD_08614,582,0.33,3,10,0,0
ORD_08615,658,0.11,1,2,0,0
ORD_08616,304,0.01,2,1,1,1
ORD_08617,250,0.26,1,6,1,1
ORD_08618,1189,0.1,3,1,1,1
ORD_08619,1158,0.2,2,8,0,0
ORD_08620,2362,0.01,2,1,0,0
ORD_08621,353,0.38,2,8,1,1
ORD_08622,1157,0.1,2,6,0,0
ORD_08623,530,0.49,1,9,1,0
ORD_08624,1723,0.08,3,3,1,1
ORD_08625,1506,0.32,2,7,1,0
ORD_08626,787,0.14,2,2,1,0
ORD_08627,506,0.08,2,5,1,0
ORD_08628,1434,0.57,3,1,1,1
ORD_08629,1116,0.05,1,5,1,0
ORD_08630,384,0.01,1,8,1,0
ORD_08631,250,0.04,1,10,1,0
ORD_08632,528,0.06,2,3,1,1
ORD_08633,2235,0.06,1,6,1,0
ORD_08634,1664,0.04,2,4,1,1
ORD_08635,273,0.17,1,8,1,1
ORD_08636,261,0.08,2,2,0,0
ORD_08637,1844,0.09,2,5,1,1
ORD_08638,268,0.21,1,6,1,1
ORD_08639,999,0.38,1,8,1,0
ORD_08640,406,0.01,3,2,1,0
ORD_08641,2425,0.03,2,9,0,1
ORD_08642,359,0.4,3,7,0,0
ORD_08643,1660,0.33,1,10,1,1
ORD_08644,771,0.17,3,4,1,1
ORD_08645,813,0.06,2,10,0,0
ORD_08646,250,0.01,1,2,0,0
ORD_08647,250,0.01,2,8,0,0
ORD_08648,557,0.18,2,2,0,0
ORD_08649,810,0.09,1,2,1,0
ORD_08650,270,0.23,3,9,0,0
ORD_08651,278,0.5,2,4,1,0
ORD_08652,1042,0.04,1,7,0,0
ORD_08653,1043,0.14,3,10,1,0
ORD_08654,595,0.06,2,4,1,0
ORD_08655,1241,0.07,2,5,1,0
ORD_08656,259,0.31,2,1,1,0
ORD_08657,500,0.16,2,10,1,1
ORD_08658,2485,0.1,2,1,1,0
ORD_08659,702,0.38,1,10,0,0
ORD_08660,735,0.14,2,10,0,0
ORD_08661,4208,0.2,2,3,1,1
ORD_08662,250,0.15,2,6,1,0
ORD_08663,1257,0.24,2,1,0,0
ORD_08664,2517,0.03,2,4,1,0
ORD_08665,512,0.03,2,9,1,1
ORD_08666,1323,0.09,2,2,1,0
ORD_08667,303,0.12,1,2,1,0
ORD_08668,383,0.06,1,2,1,0
ORD_08669,905,0.07,2,10,0,0
ORD_08670,1259,0.02,1,10,0,0
ORD_08671,1630,0.24,1,7,1,0
ORD_08672,2334,0.23,1,7,1,0
ORD_08673,630,0.2,1,6,1,0
ORD_08674,1728,0.09,1,2,1,1
ORD_08675,505,0.05,1,5,1,0
ORD_08676,1368,0.1,1,6,0,0
ORD_08677,785,0.18,1,6,0,1
ORD_08678,950,0.09,1,10,0,0
ORD_08679,933,0.01,1,6,1,0
ORD_08680,250,0.15,2,6,1,1
ORD_08681,270,0.03,1,1,0,0
ORD_08682,722,0.12,2,4,0,1
ORD_08683,250,0.07,1,1,0,0
ORD_08684,1293,0.21,1,3,1,0
ORD_08685,1335,0.22,2,2,0,0
ORD_08686,864,0.19,2,2,1,0
ORD_08687,271,0.44,1,6,0,1
ORD_08688,2006,0.0,1,1,1,0
ORD_08689,3394,0.02,1,4,1,1
ORD_08690,748,0.06,2,9,0,1
ORD_08691,1000,0.22,1,3,0,0
ORD_08692,781,0.01,1,8,1,0
ORD_08693,1016,0.13,3,9,0,0
ORD_08694,604,0.03,1,2,1,0
ORD_08695,647,0.34,1,5,1,0
ORD_08696,1372,0.55,1,6,1,0
ORD_08697,4343,0.04,1,5,1,0
ORD_08698,250,0.18,1,6,0,0
ORD_08699,612,0.2,3,5,1,1
ORD_08700,258,0.12,3,7,1,0
ORD_08701,2377,0.11,2,5,0,0
ORD_08702,415,0.02,2,5,0,0
ORD_08703,250,0.03,2,7,1,0
ORD_08704,1108,0.06,2,3,0,0
ORD_08705,2685,0.31,2,10,1,1
ORD_08706,1131,0.25,2,7,1,0
ORD_08707,783,0.5,1,8,0,1
ORD_08708,922,0.13,1,5,1,0
ORD_08709,2062,0.25,3,4,1,1
ORD_08710,330,0.2,1,2,0,0
ORD_08711,608,0.16,3,5,1,0
ORD_08712,463,0.45,2,6,0,0
ORD_08713,261,0.05,2,9,1,0
ORD_08714,511,0.17,1,6,1,0
ORD_08715,1613,0.02,1,6,0,0
ORD_08716,1046,0.2,2,6,0,0
ORD_08717,1113,0.38,2,8,1,1
ORD_08718,747,0.11,2,6,1,0
ORD_08719,1010,0.53,2,1,1,1
ORD_08720,350,0.13,1,1,1,0
ORD_08721,519,0.08,2,10,0,0
ORD_08722,775,0.08,3,2,0,0
ORD_08723,830,0.43,3,1,0,1
ORD_08724,859,0.26,2,3,1,1
ORD_08725,595,0.45,1,3,1,1
ORD_08726,491,0.03,1,4,1,0
ORD_08727,8318,0.23,2,6,1,0
ORD_08728,1373,0.36,2,10,1,1
ORD_08729,925,0.05,2,7,0,0
ORD_08730,551,0.05,2,9,1,0
ORD_08731,463,0.06,3,8,1,0
ORD_08732,599,0.05,1,6,1,0
ORD_08733,840,0.01,3,9,1,0
ORD_08734,250,0.1,1,4,0,0
ORD_08735,250,0.07,1,6,1,0
ORD_08736,399,0.04,3,7,1,0
ORD_08737,785,0.07,3,2,1,1
ORD_08738,549,0.17,2,1,0,0
ORD_08739,2170,0.0,3,10,0,0
ORD_08740,250,0.02,3,8,1,0
ORD_08741,364,0.0,2,8,1,1
ORD_08742,2244,0.02,2,7,1,0
ORD_08743,738,0.34,1,9,1,0
ORD_08744,1350,0.14,1,9,1,0
ORD_08745,3432,0.09,2,3,0,0
ORD_08746,381,0.01,2,1,0,0
ORD_08747,614,0.3,1,9,0,0
ORD_08748,534,0.06,2,1,1,0
ORD_08749,250,0.0,3,1,0,0
ORD_08750,518,0.03,2,5,1,0
ORD_08751,1345,0.02,3,2,1,0
ORD_08752,1025,0.04,3,2,1,1
ORD_08753,1091,0.08,2,5,1,0
ORD_08754,492,0.25,1,7,1,0
ORD_08755,393,0.16,1,6,1,0
ORD_08756,1836,0.03,2,5,1,0
ORD_08757,446,0.33,2,3,1,0
ORD_08758,841,0.22,1,9,0,0
ORD_08759,757,0.07,3,8,1,0
ORD_08760,2141,0.54,2,3,1,1
ORD_08761,1446,0.31,1,7,1,0
ORD_08762,250,0.05,2,3,0,0
ORD_08763,257,0.18,1,6,0,0
ORD_08764,1056,0.07,1,3,0,0
ORD_08765,631,0.14,1,8,0,0
ORD_08766,462,0.13,1,3,1,0
ORD_08767,1498,0.06,3,5,1,1
ORD_08768,772,0.01,2,3,1,0
ORD_08769,693,0.46,2,8,0,0
ORD_08770,1241,0.13,2,10,1,1
ORD_08771,492,0.06,2,9,1,0
ORD_08772,2332,0.06,2,6,0,0
ORD_08773,354,0.09,3,10,1,1
ORD_08774,1125,0.07,2,4,1,0
ORD_08775,2094,0.0,3,10,1,0
ORD_08776,250,0.16,2,4,1,0
ORD_08777,505,0.2,1,5,1,0
ORD_08778,1658,0.19,2,3,0,1
ORD_08779,1678,0.14,3,4,0,0
ORD_08780,579,0.32,3,4,1,0
ORD_08781,369,0.13,1,1,1,0
ORD_08782,1429,0.24,1,1,1,0
ORD_08783,1714,0.28,2,9,0,1
ORD_08784,261,0.01,1,3,1,0
ORD_08785,253,0.12,1,5,1,0
ORD_08786,796,0.05,1,2,0,0
ORD_08787,1100,0.25,1,1,0,0
ORD_08788,523,0.34,1,7,1,1
ORD_08789,1145,0.21,3,10,0,0
ORD_08790,376,0.01,1,9,1,0
ORD_08791,250,0.12,2,4,0,0
ORD_08792,473,0.07,2,4,1,0
ORD_08793,699,0.37,3,3,1,1
ORD_08794,533,0.11,1,3,1,1
ORD_08795,263,0.37,1,2,0,0
ORD_08796,250,0.1,3,3,0,1
ORD_08797,440,0.07,3,5,0,0
ORD_08798,1363,0.13,2,8,0,0
ORD_08799,1817,0.07,1,8,0,0
ORD_08800,1720,0.08,1,5,0,1
ORD_08801,346,0.03,1,1,1,0
ORD_08802,264,0.28,1,10,1,0
ORD_08803,989,0.05,1,2,0,0
ORD_08804,1105,0.23,1,8,0,0
ORD_08805,916,0.37,1,10,0,0
ORD_08806,250,0.2,2,9,0,0
ORD_08807,332,0.37,2,7,0,1
ORD_08808,649,0.24,1,9,0,0
ORD_08809,982,0.08,3,9,1,0
ORD_08810,1228,0.03,2,6,1,0
ORD_08811,746,0.03,1,6,1,0
ORD_08812,866,0.17,1,7,0,1
ORD_08813,711,0.09,1,1,1,0
ORD_08814,1151,0.09,2,9,1,0
ORD_08815,854,0.06,1,1,1,1
ORD_08816,701,0.06,1,8,1,0
ORD_08817,536,0.11,2,10,1,0
ORD_08818,709,0.19,2,2,0,1
ORD_08819,980,0.03,1,10,1,0
ORD_08820,823,0.16,2,7,0,0
ORD_08821,902,0.01,1,5,0,0
ORD_08822,1947,0.16,2,8,1,0
ORD_08823,822,0.04,1,10,1,0
ORD_08824,395,0.17,2,7,1,1
ORD_08825,1348,0.06,2,8,1,1
ORD_08826,250,0.12,1,2,1,0
ORD_08827,280,0.1,1,10,1,0
ORD_08828,870,0.07,1,9,1,0
ORD_08829,1005,0.06,1,6,1,0
ORD_08830,250,0.05,1,6,0,0
ORD_08831,489,0.35,1,6,0,0
ORD_08832,409,0.06,1,1,0,0
ORD_08833,450,0.03,1,7,1,0
ORD_08834,1414,0.02,3,2,1,0
ORD_08835,1170,0.09,3,2,1,0
ORD_08836,655,0.04,1,5,0,0
ORD_08837,429,0.04,2,6,1,0
ORD_08838,250,0.03,3,1,0,0
ORD_08839,2071,0.22,2,1,1,1
ORD_08840,1068,0.04,3,1,1,1
ORD_08841,377,0.11,3,7,1,1
ORD_08842,1182,0.35,3,1,0,0
ORD_08843,628,0.03,1,9,1,0
ORD_08844,528,0.13,1,3,1,0
ORD_08845,942,0.38,1,10,1,0
ORD_08846,367,0.38,2,2,1,1
ORD_08847,505,0.0,2,6,1,0
ORD_08848,733,0.04,1,2,1,0
ORD_08849,446,0.39,1,5,0,1
ORD_08850,1135,0.0,2,5,1,0
ORD_08851,2966,0.1,1,9,0,0
ORD_08852,363,0.12,2,4,1,0
ORD_08853,250,0.11,2,8,1,1
ORD_08854,250,0.21,2,7,1,0
ORD_08855,589,0.09,1,7,0,0
ORD_08856,391,0.28,3,1,1,0
ORD_08857,785,0.18,1,6,0,0
ORD_08858,739,0.2,3,6,1,1
ORD_08859,250,0.32,3,10,0,1
ORD_08860,250,0.1,2,8,0,0
ORD_08861,842,0.07,2,6,0,0
ORD_08862,741,0.04,1,8,0,0
ORD_08863,473,0.01,3,6,1,0
ORD_08864,250,0.01,1,8,0,0
ORD_08865,969,0.07,2,5,0,0
ORD_08866,1839,0.03,1,9,1,0
ORD_08867,830,0.2,3,4,0,0
ORD_08868,337,0.36,3,6,1,0
ORD_08869,689,0.1,2,2,0,0
ORD_08870,250,0.38,2,3,1,0
ORD_08871,1550,0.05,1,4,1,0
ORD_08872,710,0.0,2,3,1,0
ORD_08873,250,0.24,2,7,1,0
ORD_08874,522,0.09,2,9,1,0
ORD_08875,963,0.2,2,6,1,1
ORD_08876,509,0.2,3,3,1,0
ORD_08877,533,0.03,1,9,1,0
ORD_08878,250,0.21,3,1,1,0
ORD_08879,1046,0.28,2,5,0,0
ORD_08880,395,0.13,1,10,0,0
ORD_08881,250,0.39,2,10,1,1
ORD_08882,494,0.02,3,5,1,0
ORD_08883,1458,0.25,2,2,0,0
ORD_08884,488,0.2,2,5,0,0
ORD_08885,2671,0.04,3,1,0,1
ORD_08886,937,0.01,3,1,0,0
ORD_08887,872,0.01,3,4,0,0
ORD_08888,600,0.11,1,6,1,1
ORD_08889,629,0.01,2,2,0,0
ORD_08890,538,0.12,3,5,1,0
ORD_08891,522,0.03,2,10,0,0
ORD_08892,1017,0.13,2,5,1,0
ORD_08893,314,0.2,2,3,1,1
ORD_08894,281,0.02,1,4,1,1
ORD_08895,270,0.26,1,2,1,0
ORD_08896,3417,0.31,1,7,1,1
ORD_08897,1016,0.13,2,3,1,0
ORD_08898,848,0.29,1,6,1,1
ORD_08899,285,0.03,3,9,0,0
ORD_08900,1095,0.18,1,7,1,0
ORD_08901,605,0.04,1,4,0,0
ORD_08902,789,0.3,3,2,0,0
ORD_08903,304,0.0,2,7,1,0
ORD_08904,756,0.17,1,8,1,1
ORD_08905,473,0.18,3,3,0,0
ORD_08906,360,0.24,2,7,1,0
ORD_08907,1196,0.04,2,1,1,0
ORD_08908,250,0.12,3,8,0,0
ORD_08909,1045,0.04,1,7,0,0
ORD_08910,1150,0.07,1,6,1,1
ORD_08911,329,0.26,3,3,0,0
ORD_08912,345,0.25,1,4,1,0
ORD_08913,556,0.26,3,8,0,0
ORD_08914,833,0.02,1,1,0,0
ORD_08915,588,0.04,1,2,1,0
ORD_08916,940,0.16,2,1,1,0
ORD_08917,2725,0.2,2,4,0,0
ORD_08918,443,0.04,1,6,1,0
ORD_08919,250,0.04,1,5,1,1
ORD_08920,1287,0.06,3,6,1,0
ORD_08921,2557,0.1,3,2,1,0
ORD_08922,910,0.13,1,5,1,0
ORD_08923,278,0.02,2,1,0,0
ORD_08924,602,0.02,2,6,1,0
ORD_08925,271,0.27,3,4,1,0
ORD_08926,1112,0.14,2,10,1,0
ORD_08927,250,0.11,3,9,1,0
ORD_08928,523,0.04,3,3,1,1
ORD_08929,297,0.46,2,3,1,0
ORD_08930,736,0.1,1,9,1,1
ORD_08931,496,0.05,2,4,1,0
ORD_08932,766,0.14,3,7,1,0
ORD_08933,677,0.01,2,10,1,0
ORD_08934,302,0.14,3,2,1,0
ORD_08935,1098,0.38,3,1,1,1
ORD_08936,639,0.03,1,10,1,0
ORD_08937,301,0.35,2,1,1,1
ORD_08938,3994,0.29,2,6,0,1
ORD_08939,973,0.03,1,4,1,0
ORD_08940,588,0.26,2,2,0,0
ORD_08941,2063,0.02,1,7,1,1
ORD_08942,2902,0.14,3,8,1,0
ORD_08943,592,0.17,3,7,1,0
ORD_08944,878,0.05,1,10,1,0
ORD_08945,301,0.07,2,9,1,0
ORD_08946,591,0.08,2,1,0,0
ORD_08947,567,0.03,2,10,1,0
ORD_08948,771,0.11,2,6,1,0
ORD_08949,868,0.01,1,8,0,0
ORD_08950,1040,0.01,1,9,1,0
ORD_08951,804,0.13,1,8,1,0
ORD_08952,252,0.05,3,6,1,0
ORD_08953,313,0.29,2,8,1,0
ORD_08954,429,0.22,3,8,1,0
ORD_08955,530,0.05,2,1,1,0
ORD_08956,1541,0.22,2,8,0,1
ORD_08957,262,0.2,2,7,1,0
ORD_08958,499,0.0,2,8,1,0
ORD_08959,1425,0.26,1,8,1,0
ORD_08960,523,0.06,1,10,1,0
ORD_08961,961,0.11,1,10,1,0
ORD_08962,594,0.65,3,6,0,1
ORD_08963,816,0.26,2,9,1,0
ORD_08964,554,0.07,1,3,1,0
ORD_08965,1134,0.01,1,10,1,1
ORD_08966,250,0.01,2,1,1,1
ORD_08967,497,0.05,2,9,1,0
ORD_08968,843,0.13,2,10,1,0
ORD_08969,1019,0.65,3,10,1,1
ORD_08970,2195,0.11,2,2,1,0
ORD_08971,486,0.01,1,3,1,0
ORD_08972,2172,0.0,1,4,0,0
ORD_08973,392,0.24,1,8,0,0
ORD_08974,1925,0.09,1,9,1,0
ORD_08975,1279,0.17,2,3,1,0
ORD_08976,320,0.16,1,2,1,0
ORD_08977,850,0.01,2,2,1,0
ORD_08978,638,0.03,2,9,0,0
ORD_08979,1097,0.01,1,8,1,0
ORD_08980,556,0.12,1,2,1,0
ORD_08981,520,0.16,2,8,1,0
ORD_08982,1988,0.05,3,4,0,1
ORD_08983,614,0.14,1,6,0,0
ORD_08984,1288,0.07,2,5,0,0
ORD_08985,555,0.19,2,5,1,1
ORD_08986,2523,0.02,2,10,1,0
ORD_08987,386,0.02,2,10,0,0
ORD_08988,406,0.1,3,7,1,0
ORD_08989,2252,0.18,1,8,0,0
ORD_08990,465,0.16,1,5,1,1
ORD_08991,2394,0.02,2,4,0,0
ORD_08992,1357,0.15,3,2,0,0
ORD_08993,587,0.05,1,5,1,0
ORD_08994,250,0.03,2,8,0,0
ORD_08995,654,0.1,1,1,1,0
ORD_08996,721,0.15,3,6,0,0
ORD_08997,1692,0.24,2,2,0,1
ORD_08998,2370,0.2,1,2,0,0
ORD_08999,384,0.02,2,8,0,0
ORD_09000,1262,0.31,2,6,0,0
ORD_09001,1226,0.16,1,6,1,0
ORD_09002,1569,0.03,3,6,1,1
ORD_09003,991,0.14,1,9,1,0
ORD_09004,250,0.02,2,3,0,0
ORD_09005,587,0.08,2,2,1,0
ORD_09006,263,0.24,3,5,1,0
ORD_09007,565,0.27,1,6,0,0
ORD_09008,1456,0.07,2,9,0,0
ORD_09009,849,0.09,1,9,1,0
ORD_09010,1666,0.2,3,2,1,1
ORD_09011,874,0.02,1,9,1,0
ORD_09012,250,0.14,2,9,1,0
ORD_09013,250,0.16,2,6,0,0
ORD_09014,749,0.18,1,1,1,0
ORD_09015,560,0.07,1,8,1,0
ORD_09016,304,0.1,1,8,1,0
ORD_09017,250,0.08,3,8,1,0
ORD_09018,369,0.07,2,8,1,1
ORD_09019,569,0.31,3,10,1,0
ORD_09020,1133,0.12,1,5,1,1
ORD_09021,773,0.16,1,2,1,1
ORD_09022,2407,0.02,3,9,0,0
ORD_09023,290,0.02,2,6,1,0
ORD_09024,1345,0.3,2,3,1,0
ORD_09025,690,0.08,3,1,1,1
ORD_09026,1159,0.22,3,5,0,0
ORD_09027,469,0.3,1,4,1,0
ORD_09028,1567,0.1,1,4,0,0
ORD_09029,842,0.3,1,9,1,0
ORD_09030,386,0.32,3,6,0,0
ORD_09031,658,0.2,1,8,0,0
ORD_09032,549,0.08,2,9,1,0
ORD_09033,983,0.18,3,1,1,1
ORD_09034,258,0.08,2,7,1,0
ORD_09035,649,0.01,1,7,1,1
ORD_09036,912,0.11,2,9,0,1
ORD_09037,682,0.22,1,1,0,0
ORD_09038,1953,0.35,2,2,1,0
ORD_09039,1235,0.04,1,6,1,1
ORD_09040,661,0.35,1,4,1,0
ORD_09041,791,0.36,3,5,0,0
ORD_09042,842,0.12,3,5,0,0
ORD_09043,918,0.03,3,10,1,1
ORD_09044,250,0.13,1,1,1,0
ORD_09045,522,0.02,3,1,0,0
ORD_09046,250,0.32,2,7,1,0
ORD_09047,1849,0.34,3,3,0,0
ORD_09048,633,0.04,3,5,0,1
ORD_09049,569,0.08,3,8,0,0
ORD_09050,1362,0.13,1,5,0,0
ORD_09051,932,0.06,2,10,1,0
ORD_09052,269,0.04,2,9,1,0
ORD_09053,628,0.5,1,4,0,0
ORD_09054,508,0.06,1,7,0,0
ORD_09055,250,0.37,1,8,1,0
ORD_09056,382,0.14,3,7,0,0
ORD_09057,574,0.17,3,4,0,0
ORD_09058,606,0.19,2,8,0,1
ORD_09059,250,0.08,2,10,0,0
ORD_09060,1671,0.11,1,10,1,0
ORD_09061,612,0.06,2,10,1,0
ORD_09062,685,0.02,1,4,1,0
ORD_09063,916,0.03,2,10,1,0
ORD_09064,354,0.01,3,8,1,1
ORD_09065,958,0.01,2,8,0,0
ORD_09066,495,0.53,2,4,1,1
ORD_09067,324,0.17,1,5,0,0
ORD_09068,1052,0.0,1,5,1,1
ORD_09069,2193,0.15,2,5,0,0
ORD_09070,1187,0.27,1,3,0,1
ORD_09071,1391,0.06,1,2,1,0
ORD_09072,438,0.01,1,1,0,0
ORD_09073,250,0.02,2,3,1,0
ORD_09074,2190,0.18,1,9,0,0
ORD_09075,3441,0.27,2,7,1,0
ORD_09076,2285,0.27,2,2,1,0
ORD_09077,508,0.02,1,8,0,0
ORD_09078,264,0.05,1,8,1,0
ORD_09079,283,0.03,3,7,1,1
ORD_09080,250,0.07,2,6,1,0
ORD_09081,610,0.06,1,2,0,0
ORD_09082,2403,0.61,2,4,1,0
ORD_09083,593,0.37,1,1,0,0
ORD_09084,847,0.1,1,7,1,0
ORD_09085,1999,0.05,2,2,1,0
ORD_09086,481,0.02,1,6,1,0
ORD_09087,3389,0.17,2,9,0,0
ORD_09088,3273,0.03,1,5,1,0
ORD_09089,598,0.13,1,5,1,1
ORD_09090,419,0.1,1,4,0,0
ORD_09091,1161,0.23,1,1,1,1
ORD_09092,503,0.03,3,4,1,0
ORD_09093,263,0.05,1,9,1,1
ORD_09094,1853,0.43,3,9,0,0
ORD_09095,1760,0.24,3,7,1,0
ORD_09096,753,0.02,2,4,1,0
ORD_09097,250,0.04,2,9,1,0
ORD_09098,250,0.04,3,5,1,0
ORD_09099,724,0.07,1,10,1,0
ORD_09100,445,0.03,1,2,1,0
ORD_09101,506,0.13,1,9,1,0
ORD_09102,1506,0.29,2,6,1,0
ORD_09103,1195,0.18,1,5,1,0
ORD_09104,2003,0.14,3,10,1,0
ORD_09105,301,0.24,2,8,1,1
ORD_09106,505,0.29,3,2,1,0
ORD_09107,1220,0.1,1,5,1,0
ORD_09108,951,0.42,2,10,0,0
ORD_09109,2266,0.02,2,8,0,0
ORD_09110,931,0.19,1,4,0,0
ORD_09111,2917,0.11,3,10,1,0
ORD_09112,1024,0.32,2,10,1,0
ORD_09113,1555,0.0,1,9,1,0
ORD_09114,513,0.42,3,7,1,1
ORD_09115,672,0.04,2,7,1,0
ORD_09116,1378,0.07,1,9,1,0
ORD_09117,2417,0.3,1,3,1,1
ORD_09118,1192,0.2,2,3,0,1
ORD_09119,622,0.06,2,10,1,0
ORD_09120,2001,0.01,2,7,0,0
ORD_09121,250,0.24,2,2,1,1
ORD_09122,250,0.09,1,10,1,1
ORD_09123,1147,0.23,1,3,0,0
ORD_09124,672,0.25,2,6,0,1
ORD_09125,1079,0.02,2,9,0,0
ORD_09126,700,0.23,1,4,0,0
ORD_09127,1050,0.53,1,5,1,0
ORD_09128,346,0.28,3,6,1,0
ORD_09129,1049,0.18,3,3,1,1
ORD_09130,1473,0.15,2,2,0,0
ORD_09131,1765,0.15,1,4,1,1
ORD_09132,3330,0.12,2,6,1,0
ORD_09133,808,0.01,1,4,1,1
ORD_09134,828,0.06,2,8,0,0
ORD_09135,250,0.08,2,9,1,0
ORD_09136,434,0.09,2,8,1,0
ORD_09137,569,0.01,1,7,1,0
ORD_09138,1541,0.24,2,2,1,0
ORD_09139,407,0.18,3,10,1,1
ORD_09140,1257,0.28,2,2,0,0
ORD_09141,664,0.4,2,10,0,0
ORD_09142,577,0.02,1,5,1,1
ORD_09143,811,0.17,2,4,1,1
ORD_09144,486,0.01,2,4,0,0
ORD_09145,471,0.05,1,4,1,0
ORD_09146,250,0.0,2,7,0,0
ORD_09147,545,0.08,2,3,1,0
ORD_09148,453,0.01,2,2,1,1
ORD_09149,440,0.48,1,5,1,1
ORD_09150,928,0.16,1,6,1,0
ORD_09151,1126,0.06,3,8,1,1
ORD_09152,800,0.05,2,3,0,0
ORD_09153,1474,0.09,1,4,1,1
ORD_09154,1054,0.12,3,4,1,1
ORD_09155,525,0.31,1,4,1,0
ORD_09156,459,0.14,2,7,1,0
ORD_09157,854,0.02,1,4,1,0
ORD_09158,1052,0.13,3,7,1,0
ORD_09159,2035,0.1,1,4,1,1
ORD_09160,1724,0.12,2,10,1,1
ORD_09161,431,0.02,2,8,1,0
ORD_09162,613,0.08,1,5,1,0
ORD_09163,1137,0.07,1,2,0,0
ORD_09164,1563,0.02,1,9,0,0
ORD_09165,1409,0.11,3,9,0,0
ORD_09166,632,0.16,3,1,0,0
ORD_09167,250,0.12,3,5,1,1
ORD_09168,299,0.01,1,3,1,0
ORD_09169,827,0.42,1,10,0,0
ORD_09170,874,0.01,2,5,1,1
ORD_09171,276,0.36,2,4,1,0
ORD_09172,689,0.04,2,3,1,0
ORD_09173,1102,0.18,3,7,1,0
ORD_09174,264,0.08,3,5,1,0
ORD_09175,1610,0.08,1,1,0,0
ORD_09176,491,0.14,2,4,0,0
ORD_09177,1819,0.02,2,1,1,0
ORD_09178,434,0.03,2,3,0,0
ORD_09179,292,0.07,2,10,0,0
ORD_09180,461,0.02,3,10,1,0
ORD_09181,616,0.04,2,5,1,1
ORD_09182,487,0.09,1,6,1,0
ORD_09183,559,0.25,2,1,1,0
ORD_09184,868,0.2,3,10,1,1
ORD_09185,580,0.04,3,9,1,0
ORD_09186,630,0.17,1,9,0,0
ORD_09187,250,0.1,2,1,0,0
ORD_09188,909,0.15,1,7,0,0
ORD_09189,619,0.29,1,4,0,0
ORD_09190,2412,0.22,2,2,0,1
ORD_09191,313,0.08,2,2,1,0
ORD_09192,250,0.19,1,6,1,0
ORD_09193,1090,0.06,2,6,1,0
ORD_09194,877,0.0,3,5,0,0
ORD_09195,296,0.05,2,3,1,0
ORD_09196,250,0.41,1,7,1,0
ORD_09197,2275,0.04,1,3,1,1
ORD_09198,2061,0.22,1,7,1,1
ORD_09199,250,0.02,1,2,1,0
ORD_09200,461,0.19,3,8,1,0
ORD_09201,2518,0.1,2,2,1,0
ORD_09202,454,0.19,1,2,1,0
ORD_09203,449,0.13,1,4,0,0
ORD_09204,530,0.32,3,10,0,0
ORD_09205,271,0.08,2,1,0,0
ORD_09206,250,0.18,2,7,1,0
ORD_09207,1543,0.0,2,2,0,0
ORD_09208,250,0.11,1,6,0,0
ORD_09209,810,0.05,3,5,0,1
ORD_09210,1351,0.12,1,5,1,0
ORD_09211,250,0.29,2,4,1,0
ORD_09212,317,0.04,1,5,1,0
ORD_09213,1755,0.1,2,9,1,0
ORD_09214,1018,0.1,3,1,1,1
ORD_09215,405,0.25,2,2,0,0
ORD_09216,1740,0.3,1,7,1,0
ORD_09217,1746,0.24,2,9,1,1
ORD_09218,824,0.04,1,3,0,0
ORD_09219,323,0.06,3,6,0,0
ORD_09220,477,0.48,2,5,0,0
ORD_09221,836,0.05,1,9,1,1
ORD_09222,571,0.24,1,9,0,1
ORD_09223,1409,0.04,1,10,0,0
ORD_09224,250,0.12,2,3,1,0
ORD_09225,250,0.02,2,10,1,1
ORD_09226,768,0.0,1,10,0,0
ORD_09227,448,0.04,3,2,1,1
ORD_09228,402,0.08,1,10,0,0
ORD_09229,250,0.17,1,4,0,0
ORD_09230,675,0.1,1,9,0,0
ORD_09231,637,0.04,1,3,0,0
ORD_09232,1121,0.24,2,4,0,0
ORD_09233,702,0.08,2,2,1,0
ORD_09234,598,0.06,1,1,1,0
ORD_09235,1705,0.15,1,5,1,1
ORD_09236,250,0.37,1,4,0,0
ORD_09237,1021,0.0,1,10,1,0
ORD_09238,250,0.02,1,2,0,0
ORD_09239,340,0.04,1,6,1,0
ORD_09240,252,0.02,1,5,0,0
ORD_09241,1243,0.25,2,1,1,0
ORD_09242,631,0.44,1,10,1,1
ORD_09243,657,0.03,2,3,1,0
ORD_09244,274,0.14,1,4,1,1
ORD_09245,523,0.04,2,1,1,1
ORD_09246,361,0.08,2,8,0,0
ORD_09247,903,0.07,2,3,1,1
ORD_09248,301,0.14,1,5,0,0
ORD_09249,1927,0.21,1,3,1,0
ORD_09250,250,0.34,3,4,0,1
ORD_09251,348,0.05,2,9,1,0
ORD_09252,2544,0.02,1,3,1,0
ORD_09253,469,0.13,3,8,1,0
ORD_09254,250,0.19,2,6,1,0
ORD_09255,792,0.08,3,6,1,0
ORD_09256,454,0.01,1,1,1,0
ORD_09257,340,0.23,1,7,1,0
ORD_09258,276,0.04,2,4,0,0
ORD_09259,6091,0.23,2,8,1,1
ORD_09260,543,0.04,1,9,1,0
ORD_09261,250,0.06,2,2,0,0
ORD_09262,2197,0.01,2,8,1,0
ORD_09263,1084,0.44,1,8,0,0
ORD_09264,360,0.0,2,6,1,1
ORD_09265,315,0.2,1,3,0,0
ORD_09266,1139,0.0,2,5,0,0
ORD_09267,545,0.23,1,2,1,1
ORD_09268,250,0.14,2,6,0,0
ORD_09269,2778,0.17,1,3,0,0
ORD_09270,470,0.06,3,4,1,0
ORD_09271,2200,0.19,2,9,1,0
ORD_09272,1849,0.01,2,10,0,0
ORD_09273,298,0.01,3,5,0,0
ORD_09274,1520,0.02,1,7,0,0
ORD_09275,394,0.04,2,9,0,0
ORD_09276,250,0.37,1,5,1,1
ORD_09277,473,0.04,3,1,1,1
ORD_09278,914,0.09,2,2,1,1
ORD_09279,459,0.38,2,3,0,0
ORD_09280,520,0.01,1,3,1,0
ORD_09281,1660,0.08,1,1,0,0
ORD_09282,724,0.13,1,9,0,0
ORD_09283,338,0.21,2,9,1,0
ORD_09284,1166,0.12,1,4,0,0
ORD_09285,779,0.38,1,9,1,0
ORD_09286,250,0.62,2,4,0,0
ORD_09287,936,0.23,3,8,1,1
ORD_09288,910,0.17,1,3,0,0
ORD_09289,675,0.01,3,9,1,0
ORD_09290,1357,0.22,1,4,0,0
ORD_09291,388,0.03,1,8,0,0
ORD_09292,870,0.02,3,2,1,1
ORD_09293,250,0.05,2,7,1,0
ORD_09294,921,0.28,3,2,1,0
ORD_09295,3173,0.42,2,5,1,1
ORD_09296,300,0.11,3,9,0,0
ORD_09297,362,0.48,1,5,0,0
ORD_09298,376,0.08,2,4,0,0
ORD_09299,738,0.49,3,8,1,1
ORD_09300,284,0.01,1,5,1,0
ORD_09301,931,0.04,1,9,1,1
ORD_09302,1309,0.06,1,9,1,0
ORD_09303,1019,0.1,3,2,1,0
ORD_09304,250,0.0,2,10,1,0
ORD_09305,1474,0.23,2,9,1,0
ORD_09306,1407,0.27,2,8,0,0
ORD_09307,1292,0.24,3,10,0,0
ORD_09308,896,0.03,2,7,1,0
ORD_09309,793,0.09,3,6,1,1
ORD_09310,1519,0.38,2,4,1,1
ORD_09311,3098,0.26,2,7,0,1
ORD_09312,310,0.34,1,6,0,0
ORD_09313,1575,0.05,1,8,1,0
ORD_09314,620,0.04,3,1,1,0
ORD_09315,599,0.07,1,3,1,0
ORD_09316,250,0.06,1,8,0,0
ORD_09317,529,0.1,2,2,0,0
ORD_09318,299,0.14,2,9,1,0
ORD_09319,458,0.26,1,2,0,0
ORD_09320,276,0.27,2,9,0,1
ORD_09321,464,0.13,2,7,1,0
ORD_09322,480,0.0,3,4,0,1
ORD_09323,718,0.02,2,3,0,0
ORD_09324,250,0.15,2,8,0,0
ORD_09325,250,0.03,1,10,1,0
ORD_09326,888,0.1,1,7,0,0
ORD_09327,351,0.01,1,10,1,0
ORD_09328,1571,0.03,1,1,0,0
ORD_09329,796,0.02,3,7,1,0
ORD_09330,1080,0.07,3,1,1,1
ORD_09331,2056,0.03,2,1,1,0
ORD_09332,519,0.18,1,5,1,1
ORD_09333,420,0.01,1,10,0,0
ORD_09334,1335,0.01,1,5,1,0
ORD_09335,999,0.16,3,2,1,0
ORD_09336,572,0.17,2,7,1,0
ORD_09337,2024,0.26,3,3,1,0
ORD_09338,561,0.17,2,1,0,0
ORD_09339,682,0.01,2,7,0,0
ORD_09340,676,0.13,2,4,1,1
ORD_09341,314,0.01,1,4,0,0
ORD_09342,707,0.05,2,3,1,0
ORD_09343,2033,0.21,3,7,1,1
ORD_09344,949,0.35,2,2,0,0
ORD_09345,681,0.04,2,7,0,0
ORD_09346,584,0.15,2,10,1,0
ORD_09347,866,0.09,1,8,1,0
ORD_09348,1211,0.11,2,2,1,0
ORD_09349,1082,0.01,1,8,1,0
ORD_09350,510,0.03,3,7,1,1
ORD_09351,862,0.17,1,10,0,0
ORD_09352,976,0.03,2,8,1,0
ORD_09353,297,0.18,1,3,1,0
ORD_09354,760,0.1,1,6,0,0
ORD_09355,250,0.07,2,1,1,0
ORD_09356,978,0.16,3,7,1,0
ORD_09357,1128,0.01,2,4,0,0
ORD_09358,1209,0.16,1,4,1,0
ORD_09359,484,0.23,2,9,1,0
ORD_09360,851,0.08,1,7,1,0
ORD_09361,2078,0.05,2,8,0,0
ORD_09362,2061,0.26,1,6,1,1
ORD_09363,649,0.17,2,2,1,1
ORD_09364,743,0.07,1,3,0,0
ORD_09365,1617,0.36,1,4,1,0
ORD_09366,250,0.05,3,2,1,0
ORD_09367,513,0.07,3,1,0,0
ORD_09368,1936,0.18,1,9,1,1
ORD_09369,1451,0.01,1,10,1,0
ORD_09370,893,0.12,2,2,1,0
ORD_09371,250,0.27,2,5,0,1
ORD_09372,639,0.36,3,7,1,0
ORD_09373,414,0.08,1,2,1,1
ORD_09374,866,0.05,1,6,0,0
ORD_09375,348,0.17,1,10,1,0
ORD_09376,292,0.17,2,8,0,0
ORD_09377,250,0.15,2,7,0,0
ORD_09378,1767,0.15,2,6,0,0
ORD_09379,483,0.24,3,8,1,1
ORD_09380,754,0.1,1,2,1,0
ORD_09381,663,0.04,2,4,0,0
ORD_09382,283,0.54,3,4,1,1
ORD_09383,250,0.05,3,7,1,0
ORD_09384,297,0.01,2,7,1,1
ORD_09385,372,0.03,2,3,1,0
ORD_09386,891,0.06,2,4,1,0
ORD_09387,351,0.2,2,1,1,0
ORD_09388,2689,0.04,1,8,1,0
ORD_09389,1512,0.02,2,4,0,0
ORD_09390,1269,0.33,2,5,1,1
ORD_09391,604,0.05,1,5,1,0
ORD_09392,2233,0.13,2,1,1,0
ORD_09393,558,0.49,2,1,1,0
ORD_09394,648,0.11,2,7,1,1
ORD_09395,762,0.01,2,1,1,0
ORD_09396,1166,0.21,2,9,0,0
ORD_09397,1107,0.26,2,6,1,0
ORD_09398,454,0.16,1,1,1,0
ORD_09399,434,0.01,1,1,1,0
ORD_09400,1109,0.2,1,5,1,0
ORD_09401,1178,0.14,1,3,1,0
ORD_09402,485,0.27,2,8,1,0
ORD_09403,250,0.02,3,8,0,0
ORD_09404,563,0.02,1,10,0,0
ORD_09405,1095,0.0,3,8,1,0
ORD_09406,2819,0.38,2,6,0,0
ORD_09407,255,0.06,1,5,1,1
ORD_09408,472,0.05,1,5,1,0
ORD_09409,487,0.07,2,6,1,0
ORD_09410,1967,0.05,2,6,1,1
ORD_09411,646,0.08,1,10,1,0
ORD_09412,321,0.0,1,9,1,0
ORD_09413,1039,0.21,3,7,1,0
ORD_09414,481,0.04,1,6,1,0
ORD_09415,250,0.24,3,10,1,0
ORD_09416,325,0.33,1,7,0,1
ORD_09417,2663,0.01,2,3,0,0
ORD_09418,904,0.32,2,2,0,0
ORD_09419,725,0.04,2,10,1,0
ORD_09420,544,0.04,1,7,0,0
ORD_09421,840,0.07,1,3,1,0
ORD_09422,832,0.19,2,4,1,0
ORD_09423,840,0.06,1,2,0,0
ORD_09424,729,0.13,2,5,0,0
ORD_09425,1332,0.17,3,5,1,1
ORD_09426,677,0.37,3,10,1,1
ORD_09427,304,0.22,1,10,1,0
ORD_09428,407,0.18,2,1,1,1
ORD_09429,250,0.04,2,4,0,0
ORD_09430,3365,0.06,1,3,1,0
ORD_09431,1326,0.32,1,7,1,0
ORD_09432,342,0.08,1,5,1,0
ORD_09433,530,0.46,2,6,0,0
ORD_09434,399,0.04,3,2,1,0
ORD_09435,2284,0.04,3,1,1,0
ORD_09436,250,0.43,2,3,0,0
ORD_09437,728,0.0,2,10,1,1
ORD_09438,609,0.21,3,3,0,0
ORD_09439,1288,0.23,2,10,0,0
ORD_09440,612,0.46,2,7,1,1
ORD_09441,250,0.52,3,7,1,0
ORD_09442,544,0.27,1,10,0,0
ORD_09443,305,0.09,1,6,1,0
ORD_09444,708,0.34,2,4,1,0
ORD_09445,2095,0.14,3,8,1,1
ORD_09446,250,0.04,1,10,1,0
ORD_09447,350,0.14,2,2,1,0
ORD_09448,427,0.03,2,7,1,0
ORD_09449,490,0.09,2,1,0,0
ORD_09450,1202,0.1,1,8,1,0
ORD_09451,578,0.02,3,5,0,1
ORD_09452,927,0.01,3,6,0,0
ORD_09453,403,0.26,2,6,1,0
ORD_09454,799,0.03,3,1,0,0
ORD_09455,1239,0.15,3,7,0,1
ORD_09456,370,0.19,2,3,0,0
ORD_09457,1242,0.0,3,2,0,0
ORD_09458,693,0.0,3,7,1,0
ORD_09459,1535,0.23,1,10,1,0
ORD_09460,566,0.23,1,9,1,0
ORD_09461,902,0.37,1,4,1,0
ORD_09462,643,0.25,2,7,0,1
ORD_09463,615,0.01,1,5,1,0
ORD_09464,818,0.11,1,10,0,0
ORD_09465,1021,0.18,3,10,1,0
ORD_09466,250,0.46,2,7,0,0
ORD_09467,2094,0.08,3,1,0,0
ORD_09468,250,0.33,3,10,1,0
ORD_09469,384,0.05,1,9,0,0
ORD_09470,616,0.42,2,6,1,0
ORD_09471,925,0.14,1,8,1,1
ORD_09472,2347,0.12,2,9,1,1
ORD_09473,250,0.35,1,1,1,1
ORD_09474,443,0.16,1,5,0,1
ORD_09475,250,0.02,1,7,1,1
ORD_09476,682,0.15,2,8,1,0
ORD_09477,826,0.02,3,3,0,1
ORD_09478,2374,0.02,1,8,0,0
ORD_09479,732,0.19,2,5,1,0
ORD_09480,1533,0.12,2,1,1,1
ORD_09481,1061,0.06,2,4,0,0
ORD_09482,469,0.11,3,2,1,0
ORD_09483,250,0.42,1,5,0,1
ORD_09484,828,0.28,1,4,1,1
ORD_09485,250,0.01,1,2,1,0
ORD_09486,1874,0.0,2,7,1,0
ORD_09487,584,0.09,1,2,1,0
ORD_09488,1730,0.07,1,2,0,0
ORD_09489,452,0.11,3,4,1,1
ORD_09490,824,0.16,1,5,0,0
ORD_09491,786,0.04,2,10,1,0
ORD_09492,641,0.01,3,3,1,1
ORD_09493,470,0.34,2,9,1,1
ORD_09494,910,0.13,2,10,1,0
ORD_09495,317,0.07,1,6,1,0
ORD_09496,252,0.22,2,8,1,0
ORD_09497,1797,0.11,2,5,0,0
ORD_09498,1190,0.01,3,8,1,0
ORD_09499,701,0.04,2,10,1,0
ORD_09500,2520,0.04,2,6,1,0
ORD_09501,536,0.11,1,7,1,0
ORD_09502,1916,0.16,1,2,1,0
ORD_09503,765,0.03,2,6,1,1
ORD_09504,293,0.0,1,5,0,0
ORD_09505,2917,0.31,3,8,1,0
ORD_09506,1469,0.37,2,5,0,0
ORD_09507,603,0.03,2,7,0,1
ORD_09508,1190,0.11,2,4,1,1
ORD_09509,481,0.09,2,2,1,0
ORD_09510,1291,0.02,2,3,1,0
ORD_09511,250,0.32,2,10,1,0
ORD_09512,294,0.01,2,4,1,0
ORD_09513,1455,0.05,3,3,0,1
ORD_09514,544,0.15,3,7,1,0
ORD_09515,785,0.03,1,5,1,1
ORD_09516,250,0.0,3,3,1,1
ORD_09517,2916,0.24,3,3,1,1
ORD_09518,1724,0.16,2,9,0,1
ORD_09519,566,0.21,2,9,1,0
ORD_09520,481,0.01,2,5,1,0
ORD_09521,1515,0.14,1,2,1,1
ORD_09522,3248,0.33,1,10,1,1
ORD_09523,1426,0.13,3,5,0,0
ORD_09524,3779,0.16,2,4,1,0
ORD_09525,318,0.27,1,6,0,0
ORD_09526,345,0.27,2,10,0,0
ORD_09527,256,0.1,1,6,1,0
ORD_09528,947,0.08,3,6,1,1
ORD_09529,765,0.02,2,7,1,1
ORD_09530,589,0.2,2,2,0,0
ORD_09531,1270,0.07,1,4,1,0
ORD_09532,1782,0.07,2,9,0,0
ORD_09533,250,0.37,3,5,0,0
ORD_09534,412,0.02,2,1,1,0
ORD_09535,1281,0.04,2,6,1,0
ORD_09536,457,0.38,3,5,1,0
ORD_09537,351,0.08,1,2,1,0
ORD_09538,1502,0.16,1,3,1,0
ORD_09539,250,0.3,2,3,1,0
ORD_09540,522,0.15,1,7,0,0
ORD_09541,865,0.11,1,5,0,0
ORD_09542,420,0.06,2,9,1,0
ORD_09543,1244,0.0,2,1,1,0
ORD_09544,421,0.04,3,3,1,0
ORD_09545,2052,0.11,1,10,0,0
ORD_09546,601,0.03,3,8,1,0
ORD_09547,1137,0.24,1,3,1,0
ORD_09548,1208,0.02,2,3,0,0
ORD_09549,402,0.03,1,8,1,0
ORD_09550,250,0.07,2,10,1,0
ORD_09551,887,0.1,3,3,1,0
ORD_09552,704,0.12,2,2,1,0
ORD_09553,1037,0.12,1,3,0,0
ORD_09554,554,0.03,2,2,1,0
ORD_09555,471,0.13,2,8,1,1
ORD_09556,3316,0.05,1,5,0,0
ORD_09557,250,0.12,3,3,0,0
ORD_09558,1196,0.29,1,8,1,0
ORD_09559,420,0.0,2,8,0,0
ORD_09560,508,0.1,1,4,0,0
ORD_09561,516,0.28,1,9,1,0
ORD_09562,349,0.13,3,1,0,0
ORD_09563,1050,0.48,1,7,0,0
ORD_09564,2023,0.31,1,5,1,0
ORD_09565,968,0.33,2,7,1,0
ORD_09566,722,0.11,1,10,1,0
ORD_09567,302,0.38,2,8,1,1
ORD_09568,1005,0.05,2,3,1,0
ORD_09569,3733,0.04,3,3,0,0
ORD_09570,490,0.29,2,1,1,1
ORD_09571,492,0.26,3,5,1,0
ORD_09572,424,0.13,2,8,0,0
ORD_09573,449,0.03,1,1,1,0
ORD_09574,250,0.37,1,2,1,0
ORD_09575,919,0.08,3,2,1,0
ORD_09576,338,0.2,2,10,1,1
ORD_09577,250,0.3,1,2,1,0
ORD_09578,1215,0.11,3,5,1,0
ORD_09579,279,0.07,1,10,1,1
ORD_09580,507,0.11,2,7,0,0
ORD_09581,2149,0.38,2,3,1,0
ORD_09582,250,0.07,2,1,0,0
ORD_09583,250,0.21,1,9,1,0
ORD_09584,825,0.08,2,9,1,0
ORD_09585,1668,0.23,1,4,1,1
ORD_09586,250,0.09,2,5,1,0
ORD_09587,921,0.1,2,4,1,1
ORD_09588,1058,0.19,3,8,1,0
ORD_09589,250,0.06,1,1,1,0
ORD_09590,1259,0.3,3,4,1,1
ORD_09591,1341,0.04,2,4,1,1
ORD_09592,518,0.12,2,3,1,0
ORD_09593,1811,0.39,1,4,1,1
ORD_09594,1651,0.14,1,7,1,0
ORD_09595,722,0.37,2,5,1,0
ORD_09596,463,0.04,3,3,0,0
ORD_09597,305,0.03,2,6,0,0
ORD_09598,645,0.01,3,10,1,1
ORD_09599,1049,0.24,2,9,1,0
ORD_09600,513,0.01,3,3,1,1
ORD_09601,250,0.13,1,2,1,0
ORD_09602,1835,0.11,2,9,0,0
ORD_09603,774,0.44,3,5,1,0
ORD_09604,490,0.1,3,10,1,0
ORD_09605,1320,0.06,2,5,1,1
ORD_09606,2252,0.16,1,7,1,0
ORD_09607,250,0.27,2,2,1,1
ORD_09608,941,0.17,1,10,1,0
ORD_09609,250,0.18,1,5,1,1
ORD_09610,991,0.19,1,8,1,0
ORD_09611,736,0.11,1,8,0,0
ORD_09612,1106,0.14,2,10,0,0
ORD_09613,446,0.02,2,7,0,0
ORD_09614,250,0.42,1,5,1,1
ORD_09615,463,0.11,2,4,1,1
ORD_09616,921,0.04,1,2,0,0
ORD_09617,1498,0.25,1,2,0,0
ORD_09618,260,0.07,2,3,1,0
ORD_09619,1512,0.17,1,3,0,0
ORD_09620,396,0.0,2,7,0,0
ORD_09621,888,0.28,1,6,0,1
ORD_09622,442,0.07,2,1,1,0
ORD_09623,769,0.29,1,6,0,0
ORD_09624,1357,0.06,1,5,0,0
ORD_09625,250,0.01,1,6,1,0
ORD_09626,386,0.0,2,8,0,0
ORD_09627,771,0.13,1,1,1,0
ORD_09628,4542,0.25,1,6,0,0
ORD_09629,333,0.04,1,4,1,0
ORD_09630,3401,0.09,2,9,0,1
ORD_09631,3306,0.06,1,10,1,0
ORD_09632,615,0.07,1,8,1,0
ORD_09633,523,0.02,3,7,1,0
ORD_09634,382,0.24,1,3,1,0
ORD_09635,629,0.11,2,9,1,0
ORD_09636,250,0.07,3,3,1,1
ORD_09637,625,0.02,1,6,1,1
ORD_09638,2202,0.06,2,2,1,0
ORD_09639,407,0.16,1,8,0,0
ORD_09640,548,0.09,3,1,0,0
ORD_09641,250,0.01,3,1,1,1
ORD_09642,897,0.02,1,8,1,0
ORD_09643,821,0.15,1,9,1,0
ORD_09644,699,0.04,2,10,1,0
ORD_09645,559,0.25,3,9,1,0
ORD_09646,526,0.21,1,8,0,0
ORD_09647,993,0.02,3,10,1,0
ORD_09648,649,0.01,3,8,0,0
ORD_09649,855,0.13,1,4,1,1
ORD_09650,789,0.15,2,8,0,0
ORD_09651,1633,0.51,1,7,0,0
ORD_09652,1143,0.14,2,9,1,0
ORD_09653,776,0.26,1,10,1,1
ORD_09654,2241,0.26,2,8,1,1
ORD_09655,930,0.04,2,10,1,1
ORD_09656,1889,0.05,2,2,1,0
ORD_09657,1080,0.01,2,8,1,0
ORD_09658,250,0.08,2,8,1,0
ORD_09659,1889,0.06,3,10,1,0
ORD_09660,741,0.02,2,10,1,0
ORD_09661,638,0.06,2,9,1,0
ORD_09662,833,0.03,1,3,1,0
ORD_09663,504,0.28,1,8,1,0
ORD_09664,797,0.02,1,8,0,0
ORD_09665,414,0.07,2,10,1,0
ORD_09666,1843,0.1,2,4,0,0
ORD_09667,607,0.13,2,5,0,0
ORD_09668,489,0.4,3,2,1,0
ORD_09669,317,0.26,1,6,1,1
ORD_09670,824,0.02,2,10,0,0
ORD_09671,772,0.29,3,9,1,0
ORD_09672,907,0.13,2,3,1,0
ORD_09673,292,0.01,2,6,0,1
ORD_09674,250,0.07,3,8,0,0
ORD_09675,1097,0.01,2,2,1,0
ORD_09676,2181,0.24,2,10,1,0
ORD_09677,292,0.17,3,1,1,0
ORD_09678,2372,0.06,2,6,0,0
ORD_09679,834,0.12,1,3,1,0
ORD_09680,661,0.17,3,2,1,0
ORD_09681,483,0.16,3,10,1,0
ORD_09682,250,0.15,1,8,1,0
ORD_09683,1465,0.1,2,9,1,1
ORD_09684,357,0.17,2,7,0,0
ORD_09685,356,0.43,3,9,0,0
ORD_09686,1470,0.36,1,7,1,1
ORD_09687,250,0.23,2,3,1,0
ORD_09688,250,0.02,2,1,1,0
ORD_09689,655,0.06,2,1,1,0
ORD_09690,841,0.15,3,5,1,0
ORD_09691,980,0.02,3,9,0,0
ORD_09692,522,0.02,1,10,1,0
ORD_09693,5035,0.31,1,6,1,0
ORD_09694,554,0.12,1,2,0,0
ORD_09695,553,0.38,2,6,0,0
ORD_09696,351,0.1,2,4,0,0
ORD_09697,734,0.32,2,9,0,0
ORD_09698,1087,0.03,1,10,1,0
ORD_09699,1742,0.01,1,3,1,0
ORD_09700,250,0.09,1,7,1,0
ORD_09701,546,0.07,2,10,1,0
ORD_09702,950,0.1,2,8,0,0
ORD_09703,1063,0.16,1,2,1,0
ORD_09704,668,0.17,1,10,1,0
ORD_09705,1026,0.25,2,7,0,1
ORD_09706,348,0.06,3,5,0,0
ORD_09707,2313,0.27,1,1,0,0
ORD_09708,1471,0.08,2,7,1,0
ORD_09709,250,0.1,1,10,0,0
ORD_09710,281,0.09,1,8,1,0
ORD_09711,287,0.01,2,1,0,0
ORD_09712,1144,0.02,1,4,0,0
ORD_09713,250,0.25,2,4,0,0
ORD_09714,510,0.0,3,5,0,0
ORD_09715,956,0.01,2,5,0,0
ORD_09716,630,0.55,2,4,1,1
ORD_09717,818,0.1,1,1,1,1
ORD_09718,283,0.07,1,9,1,1
ORD_09719,1070,0.31,2,5,1,1
ORD_09720,407,0.03,1,1,1,0
ORD_09721,513,0.08,1,3,1,0
ORD_09722,804,0.07,1,1,1,0
ORD_09723,722,0.07,1,7,1,0
ORD_09724,678,0.01,2,10,1,0
ORD_09725,364,0.15,3,10,0,0
ORD_09726,523,0.04,3,10,0,0
ORD_09727,666,0.17,2,7,0,0
ORD_09728,250,0.23,1,6,1,0
ORD_09729,459,0.17,1,9,0,0
ORD_09730,907,0.01,1,7,1,0
ORD_09731,250,0.25,1,5,1,0
ORD_09732,1677,0.24,2,7,0,0
ORD_09733,1836,0.08,3,10,1,0
ORD_09734,250,0.01,2,4,1,0
ORD_09735,1970,0.06,3,10,0,1
ORD_09736,592,0.04,2,9,0,0
ORD_09737,929,0.17,2,6,1,0
ORD_09738,447,0.1,3,4,1,0
ORD_09739,1391,0.07,2,5,1,1
ORD_09740,920,0.1,2,8,1,0
ORD_09741,346,0.2,1,7,1,0
ORD_09742,261,0.0,1,6,1,0
ORD_09743,250,0.13,3,2,0,1
ORD_09744,773,0.18,1,3,0,0
ORD_09745,1051,0.29,2,1,1,0
ORD_09746,1119,0.39,2,3,1,1
ORD_09747,605,0.13,2,2,1,0
ORD_09748,263,0.24,1,10,1,1
ORD_09749,385,0.01,1,6,0,0
ORD_09750,1672,0.09,2,4,1,0
ORD_09751,451,0.3,2,10,0,0
ORD_09752,746,0.04,1,3,0,0
ORD_09753,281,0.31,3,8,0,1
ORD_09754,870,0.55,2,5,1,0
ORD_09755,461,0.17,2,4,1,0
ORD_09756,1536,0.12,2,6,0,0
ORD_09757,1235,0.04,1,4,1,1
ORD_09758,447,0.17,3,10,1,0
ORD_09759,601,0.03,3,10,1,0
ORD_09760,427,0.13,2,5,1,0
ORD_09761,250,0.15,2,4,1,0
ORD_09762,334,0.25,2,9,1,0
ORD_09763,779,0.4,2,2,1,1
ORD_09764,862,0.19,2,1,1,0
ORD_09765,749,0.08,2,7,1,1
ORD_09766,522,0.05,1,9,1,0
ORD_09767,1403,0.1,2,9,0,0
ORD_09768,699,0.13,2,4,1,0
ORD_09769,1167,0.14,1,4,1,1
ORD_09770,250,0.07,2,1,1,0
ORD_09771,250,0.2,2,1,1,0
ORD_09772,834,0.11,2,1,0,0
ORD_09773,250,0.01,1,6,0,0
ORD_09774,561,0.08,2,6,1,0
ORD_09775,522,0.19,2,5,1,1
ORD_09776,2368,0.04,2,10,0,0
ORD_09777,915,0.04,2,10,0,0
ORD_09778,759,0.34,2,2,0,0
ORD_09779,1299,0.24,1,6,1,1
ORD_09780,893,0.18,1,1,1,0
ORD_09781,461,0.22,1,3,0,0
ORD_09782,1567,0.1,2,5,0,0
ORD_09783,273,0.16,2,10,1,0
ORD_09784,861,0.03,2,5,0,0
ORD_09785,250,0.01,1,7,0,0
ORD_09786,783,0.24,1,5,0,1
ORD_09787,776,0.29,1,10,1,0
ORD_09788,2543,0.18,1,6,1,0
ORD_09789,250,0.21,2,7,1,0
ORD_09790,411,0.03,1,2,0,0
ORD_09791,1284,0.14,2,3,1,1
ORD_09792,869,0.07,3,3,1,1
ORD_09793,768,0.09,1,1,0,0
ORD_09794,309,0.06,3,9,1,0
ORD_09795,414,0.17,2,10,1,0
ORD_09796,1800,0.08,3,9,1,0
ORD_09797,638,0.04,1,9,1,0
ORD_09798,898,0.01,3,9,0,0
ORD_09799,606,0.03,3,8,1,0
ORD_09800,258,0.01,3,5,0,0
ORD_09801,1403,0.15,2,9,0,0
ORD_09802,994,0.28,1,7,1,0
ORD_09803,4207,0.55,1,2,1,1
ORD_09804,295,0.04,3,7,0,0
ORD_09805,1284,0.05,1,4,1,0
ORD_09806,250,0.02,1,7,1,0
ORD_09807,754,0.21,1,7,1,0
ORD_09808,1452,0.49,2,3,1,1
ORD_09809,250,0.32,2,3,0,0
ORD_09810,564,0.22,3,10,1,0
ORD_09811,423,0.02,3,10,1,1
ORD_09812,379,0.1,2,6,1,0
ORD_09813,905,0.1,2,2,1,0
ORD_09814,1630,0.1,2,8,0,0
ORD_09815,597,0.21,1,8,1,0
ORD_09816,783,0.08,3,4,0,0
ORD_09817,728,0.61,2,2,1,0
ORD_09818,666,0.01,2,9,1,0
ORD_09819,278,0.15,1,9,1,0
ORD_09820,1614,0.26,2,2,0,1
ORD_09821,842,0.12,1,10,1,0
ORD_09822,912,0.04,1,4,1,0
ORD_09823,348,0.29,3,1,1,1
ORD_09824,460,0.07,1,6,1,0
ORD_09825,577,0.12,2,1,1,0
ORD_09826,250,0.15,2,7,1,0
ORD_09827,250,0.04,3,9,0,0
ORD_09828,411,0.09,3,9,1,0
ORD_09829,1010,0.24,3,2,0,0
ORD_09830,394,0.08,1,8,1,0
ORD_09831,294,0.03,3,3,1,0
ORD_09832,346,0.3,1,5,0,0
ORD_09833,462,0.05,1,4,1,0
ORD_09834,501,0.03,1,6,1,0
ORD_09835,3760,0.28,3,7,1,0
ORD_09836,1546,0.03,2,9,0,0
ORD_09837,1509,0.05,1,10,1,0
ORD_09838,1694,0.24,1,5,1,0
ORD_09839,299,0.24,1,2,1,0
ORD_09840,250,0.04,2,4,1,1
ORD_09841,274,0.06,1,2,1,1
ORD_09842,1934,0.1,2,1,0,0
ORD_09843,429,0.07,2,2,1,1
ORD_09844,250,0.34,2,7,0,1
ORD_09845,471,0.02,3,2,1,1
ORD_09846,549,0.04,1,4,0,0
ORD_09847,824,0.39,1,5,1,1
ORD_09848,813,0.15,2,3,1,0
ORD_09849,342,0.29,3,4,0,0
ORD_09850,1151,0.12,2,10,1,0
ORD_09851,398,0.01,3,3,1,1
ORD_09852,586,0.16,2,8,1,0
ORD_09853,1152,0.33,1,10,0,0
ORD_09854,398,0.02,2,8,0,0
ORD_09855,421,0.26,1,3,1,0
ORD_09856,1067,0.15,2,9,1,0
ORD_09857,334,0.2,1,9,0,0
ORD_09858,488,0.15,1,7,1,0
ORD_09859,1037,0.06,3,1,1,1
ORD_09860,3440,0.14,1,10,0,0
ORD_09861,1079,0.28,1,3,0,0
ORD_09862,970,0.48,3,8,1,1
ORD_09863,1017,0.16,2,6,1,0
ORD_09864,281,0.06,2,9,1,1
ORD_09865,729,0.32,3,10,1,1
ORD_09866,649,0.1,2,9,0,0
ORD_09867,860,0.01,1,1,1,0
ORD_09868,730,0.26,2,6,1,0
ORD_09869,901,0.01,2,3,1,1
ORD_09870,518,0.04,3,5,1,0
ORD_09871,697,0.01,1,1,1,0
ORD_09872,250,0.12,1,7,0,0
ORD_09873,514,0.23,1,6,1,0
ORD_09874,2023,0.41,2,10,1,1
ORD_09875,858,0.41,1,5,0,0
ORD_09876,654,0.02,3,2,0,1
ORD_09877,3031,0.28,3,8,1,0
ORD_09878,250,0.63,2,5,0,1
ORD_09879,273,0.02,3,2,1,0
ORD_09880,2618,0.06,1,4,1,1
ORD_09881,690,0.27,3,10,1,0
ORD_09882,547,0.28,2,8,0,0
ORD_09883,254,0.12,1,8,1,0
ORD_09884,951,0.02,1,3,1,0
ORD_09885,1028,0.12,2,10,1,0
ORD_09886,277,0.05,2,8,1,0
ORD_09887,594,0.03,3,10,1,0
ORD_09888,508,0.62,2,9,1,1
ORD_09889,816,0.15,2,2,1,1
ORD_09890,271,0.2,1,6,1,0
ORD_09891,1810,0.04,2,3,1,0
ORD_09892,1383,0.15,2,5,0,0
ORD_09893,497,0.08,1,4,1,0
ORD_09894,559,0.08,3,8,0,0
ORD_09895,596,0.09,2,7,0,0
ORD_09896,356,0.1,2,7,1,1
ORD_09897,466,0.22,2,1,1,1
ORD_09898,535,0.07,3,6,1,0
ORD_09899,2417,0.16,1,2,1,0
ORD_09900,1418,0.19,2,8,0,0
ORD_09901,1404,0.32,1,6,1,1
ORD_09902,894,0.12,1,9,1,0
ORD_09903,272,0.11,1,10,1,0
ORD_09904,643,0.04,2,1,1,0
ORD_09905,1445,0.3,3,8,1,0
ORD_09906,250,0.09,2,2,1,0
ORD_09907,1106,0.14,2,7,0,0
ORD_09908,4264,0.04,3,3,1,1
ORD_09909,1555,0.14,2,7,1,0
ORD_09910,2061,0.01,1,1,1,1
ORD_09911,792,0.04,1,10,1,0
ORD_09912,1442,0.37,1,9,1,0
ORD_09913,374,0.2,1,6,1,1
ORD_09914,1257,0.25,1,7,1,1
ORD_09915,1122,0.09,2,9,1,0
ORD_09916,838,0.21,1,10,0,0
ORD_09917,1906,0.01,1,1,1,0
ORD_09918,432,0.04,1,8,1,0
ORD_09919,572,0.14,2,7,1,0
ORD_09920,717,0.07,3,2,0,0
ORD_09921,291,0.61,3,1,0,0
ORD_09922,797,0.04,2,10,0,0
ORD_09923,250,0.01,2,1,0,0
ORD_09924,1536,0.1,2,4,1,0
ORD_09925,690,0.02,2,5,1,0
ORD_09926,438,0.06,2,7,1,0
ORD_09927,341,0.02,2,8,1,0
ORD_09928,551,0.09,2,2,1,1
ORD_09929,1153,0.29,3,9,1,0
ORD_09930,1030,0.28,1,7,1,1
ORD_09931,378,0.02,2,6,0,0
ORD_09932,338,0.47,1,8,1,1
ORD_09933,1124,0.17,2,2,0,0
ORD_09934,373,0.15,1,1,1,0
ORD_09935,697,0.05,2,5,0,0
ORD_09936,734,0.28,2,9,0,0
ORD_09937,853,0.02,2,7,1,1
ORD_09938,1321,0.5,2,7,0,1
ORD_09939,250,0.33,2,9,1,0
ORD_09940,250,0.16,2,5,1,0
ORD_09941,422,0.06,2,5,0,1
ORD_09942,2810,0.33,3,7,0,0
ORD_09943,3353,0.02,2,6,0,0
ORD_09944,2878,0.1,1,10,1,0
ORD_09945,569,0.15,2,6,0,0
ORD_09946,250,0.08,1,8,1,0
ORD_09947,250,0.19,1,4,1,0
ORD_09948,406,0.12,2,2,0,0
ORD_09949,567,0.18,3,3,0,1
ORD_09950,1882,0.32,1,10,1,0
ORD_09951,1331,0.02,2,4,1,0
ORD_09952,797,0.25,1,5,1,0
ORD_09953,326,0.14,3,2,0,1
ORD_09954,308,0.02,2,8,1,0
ORD_09955,815,0.13,2,5,1,0
ORD_09956,1161,0.08,2,7,0,0
ORD_09957,910,0.03,1,9,1,0
ORD_09958,290,0.07,3,7,0,0
ORD_09959,1119,0.07,2,4,1,0
ORD_09960,935,0.07,2,3,1,0
ORD_09961,282,0.05,2,8,1,0
ORD_09962,355,0.26,3,9,1,0
ORD_09963,1153,0.23,1,5,1,0
ORD_09964,551,0.06,1,6,1,1
ORD_09965,2371,0.0,3,10,1,0
ORD_09966,993,0.05,1,10,1,0
ORD_09967,450,0.05,2,6,1,0
ORD_09968,659,0.13,2,3,0,0
ORD_09969,699,0.02,1,4,0,0
ORD_09970,371,0.01,2,9,0,0
ORD_09971,320,0.08,3,6,0,0
ORD_09972,1165,0.1,2,5,1,0
ORD_09973,1307,0.01,1,9,0,0
ORD_09974,1078,0.25,1,8,0,0
ORD_09975,2235,0.13,3,9,0,0
ORD_09976,431,0.01,1,9,1,1
ORD_09977,2538,0.01,1,4,1,1
ORD_09978,323,0.03,3,8,1,0
ORD_09979,295,0.02,3,10,1,0
ORD_09980,250,0.13,2,9,1,0
ORD_09981,465,0.17,1,5,1,1
ORD_09982,444,0.17,1,4,0,0
ORD_09983,1013,0.45,1,10,1,0
ORD_09984,808,0.06,2,1,1,0
ORD_09985,256,0.02,1,3,0,0
ORD_09986,485,0.01,1,10,1,0
ORD_09987,494,0.03,1,2,1,0
ORD_09988,250,0.07,3,7,0,0
ORD_09989,303,0.11,2,4,1,0
ORD_09990,359,0.01,2,9,1,1
ORD_09991,2094,0.09,1,9,0,0
ORD_09992,775,0.24,3,2,1,0
ORD_09993,1129,0.3,2,3,1,1
ORD_09994,250,0.14,2,8,1,0
ORD_09995,1729,0.21,3,10,1,0
ORD_09996,1883,0.03,1,3,1,0
ORD_09997,250,0.07,2,4,1,0
ORD_09998,378,0.51,2,3,0,0
ORD_09999,988,0.31,1,2,1,0
ORD_10000,1113,0.1,1,1,1,1
